DAY,TEMPERATURE_MAX,TEMPERATURE_MIN,TEMPERATURE_AVG,PRECIPITATION
01/01/1991,,,,4.2
02/01/1991,29.2,26.4,27.8,8.8
03/01/1991,28.6,26.0,27.3,5.5
04/01/1991,28.5,26.4,27.5,7.0
05/01/1991,28.5,26.2,27.4,8.9
06/01/1991,28.4,26.0,27.2,9.2
07/01/1991,28.2,26.0,27.1,7.5
08/01/1991,28.3,26.1,27.2,4.9
09/01/1991,28.5,26.3,27.4,7.2
10/01/1991,28.5,26.2,27.4,8.0
11/01/1991,28.5,26.2,27.3,7.3
12/01/1991,28.4,26.1,27.2,9.9
13/01/1991,28.2,25.9,27.0,8.0
14/01/1991,28.3,25.9,27.1,8.9
15/01/1991,28.3,25.9,27.1,9.1
16/01/1991,28.3,25.8,27.0,7.7
17/01/1991,28.3,25.9,27.1,7.4
18/01/1991,28.2,25.9,27.0,8.6
19/01/1991,28.3,25.8,27.1,7.6
20/01/1991,28.4,25.8,27.1,8.2
21/01/1991,28.3,25.8,27.0,9.4
22/01/1991,28.3,25.8,27.0,8.7
23/01/1991,28.3,25.9,27.1,10.2
24/01/1991,28.2,25.7,26.9,10.5
25/01/1991,28.3,25.8,27.0,12.5
26/01/1991,28.0,25.7,26.9,11.4
27/01/1991,28.1,25.7,26.9,12.4
28/01/1991,28.1,25.8,27.0,11.9
29/01/1991,28.2,25.7,26.9,7.8
30/01/1991,28.2,26.0,27.1,7.4
31/01/1991,28.5,25.9,27.2,9.3
01/02/1991,,,,17.6
02/02/1991,28.2,25.6,26.9,15.8
03/02/1991,27.6,25.6,26.6,5.1
04/02/1991,28.1,26.1,27.1,4.3
05/02/1991,28.6,26.2,27.4,5.0
06/02/1991,28.4,26.1,27.3,4.5
07/02/1991,28.4,26.3,27.3,3.4
08/02/1991,28.6,26.3,27.5,5.5
09/02/1991,28.4,26.2,27.3,7.0
10/02/1991,28.4,26.0,27.2,6.4
11/02/1991,28.3,26.0,27.2,6.3
12/02/1991,28.3,26.1,27.2,4.2
13/02/1991,28.5,26.3,27.4,7.5
14/02/1991,28.6,26.2,27.4,12.1
15/02/1991,28.3,25.9,27.1,13.3
16/02/1991,27.9,25.7,26.8,15.3
17/02/1991,27.8,25.5,26.7,13.6
18/02/1991,27.8,25.6,26.7,15.0
19/02/1991,27.8,25.4,26.6,12.8
20/02/1991,27.7,25.5,26.6,10.3
21/02/1991,27.9,25.6,26.8,9.8
22/02/1991,28.1,25.8,26.9,11.5
23/02/1991,27.9,25.7,26.8,12.3
24/02/1991,27.8,25.7,26.8,15.2
25/02/1991,27.9,25.5,26.7,10.2
26/02/1991,27.9,25.6,26.7,8.7
27/02/1991,28.0,25.7,26.8,10.4
28/02/1991,28.0,25.5,26.7,10.4
01/03/1991,,,,7.4
02/03/1991,27.8,25.7,26.7,5.9
03/03/1991,28.3,25.4,26.9,5.2
04/03/1991,28.1,25.6,26.8,5.3
05/03/1991,28.0,25.4,26.7,4.9
06/03/1991,27.9,25.5,26.7,1.9
07/03/1991,28.7,26.0,27.3,3.4
08/03/1991,28.4,25.9,27.2,3.3
09/03/1991,28.7,25.8,27.3,4.2
10/03/1991,28.4,25.7,27.1,5.7
11/03/1991,28.3,25.6,27.0,10.7
12/03/1991,28.0,25.2,26.6,12.4
13/03/1991,27.7,25.2,26.4,11.7
14/03/1991,27.9,25.2,26.6,7.1
15/03/1991,28.1,25.6,26.8,7.5
16/03/1991,28.4,25.6,27.0,5.1
17/03/1991,28.5,25.7,27.1,5.5
18/03/1991,28.6,25.9,27.3,4.6
19/03/1991,28.7,25.9,27.3,3.2
20/03/1991,28.8,26.1,27.4,4.8
21/03/1991,28.7,25.8,27.3,3.8
22/03/1991,28.8,25.9,27.3,5.1
23/03/1991,28.8,25.9,27.3,3.2
24/03/1991,28.9,26.1,27.5,3.6
25/03/1991,28.9,25.9,27.4,4.9
26/03/1991,28.9,25.9,27.4,5.0
27/03/1991,28.7,26.0,27.4,7.4
28/03/1991,28.5,25.8,27.2,7.1
29/03/1991,28.5,25.9,27.2,6.2
30/03/1991,28.8,26.0,27.4,7.8
31/03/1991,28.7,25.9,27.3,9.4
01/04/1991,,,,2.7
02/04/1991,28.5,25.6,27.1,3.3
03/04/1991,28.8,25.7,27.3,5.1
04/04/1991,28.4,25.6,27.0,8.1
05/04/1991,27.9,25.3,26.6,9.6
06/04/1991,28.1,25.2,26.7,12.3
07/04/1991,27.8,25.1,26.5,13.9
08/04/1991,27.6,25.0,26.3,15.0
09/04/1991,27.5,25.1,26.3,11.4
10/04/1991,27.8,25.2,26.5,11.1
11/04/1991,27.9,25.2,26.5,10.4
12/04/1991,28.0,25.3,26.6,9.6
13/04/1991,28.0,25.4,26.7,14.7
14/04/1991,27.9,25.3,26.6,12.3
15/04/1991,27.9,25.4,26.6,10.9
16/04/1991,28.0,25.5,26.7,7.4
17/04/1991,28.1,25.7,26.9,7.7
18/04/1991,28.2,25.9,27.0,7.9
19/04/1991,28.2,25.9,27.1,6.7
20/04/1991,28.3,26.0,27.2,4.9
21/04/1991,28.4,26.0,27.2,6.0
22/04/1991,28.3,26.0,27.2,4.7
23/04/1991,28.3,26.0,27.2,5.3
24/04/1991,28.3,26.0,27.1,4.8
25/04/1991,28.4,26.0,27.2,3.9
26/04/1991,28.4,25.9,27.2,2.5
27/04/1991,28.5,26.1,27.3,3.1
28/04/1991,28.5,26.0,27.2,3.2
29/04/1991,28.5,26.1,27.3,4.4
30/04/1991,28.4,26.1,27.2,3.9
01/05/1991,,,,0.8
02/05/1991,28.1,26.1,27.1,0.7
03/05/1991,28.3,26.0,27.1,0.6
04/05/1991,28.2,25.8,27.0,1.0
05/05/1991,27.9,25.8,26.9,1.2
06/05/1991,27.8,25.7,26.7,2.7
07/05/1991,27.8,25.5,26.7,2.3
08/05/1991,27.8,25.8,26.8,1.8
09/05/1991,28.1,26.0,27.0,1.3
10/05/1991,28.0,25.9,27.0,1.3
11/05/1991,27.9,25.6,26.8,1.9
12/05/1991,27.7,25.5,26.6,2.5
13/05/1991,27.6,25.4,26.5,2.8
14/05/1991,27.5,25.5,26.5,3.6
15/05/1991,27.6,25.4,26.5,3.2
16/05/1991,27.6,25.6,26.6,2.2
17/05/1991,27.7,25.6,26.6,2.0
18/05/1991,27.6,25.6,26.6,2.8
19/05/1991,27.7,25.6,26.6,3.0
20/05/1991,27.6,25.6,26.6,2.0
21/05/1991,27.6,25.7,26.7,1.5
22/05/1991,27.7,25.7,26.7,1.5
23/05/1991,27.6,25.6,26.6,1.4
24/05/1991,27.7,25.5,26.6,1.5
25/05/1991,27.6,25.5,26.6,1.9
26/05/1991,27.5,25.5,26.5,1.8
27/05/1991,27.6,25.5,26.5,10.3
28/05/1991,27.6,25.5,26.6,3.9
29/05/1991,27.6,25.5,26.5,1.1
30/05/1991,27.6,25.5,26.5,1.2
31/05/1991,27.5,25.3,26.4,1.8
01/06/1991,,,,1.2
02/06/1991,27.8,25.5,26.6,1.1
03/06/1991,27.8,25.6,26.7,0.6
04/06/1991,27.6,25.4,26.5,0.5
05/06/1991,27.5,25.2,26.4,0.3
06/06/1991,27.5,25.0,26.2,0.3
07/06/1991,27.6,24.7,26.1,0.0
08/06/1991,27.5,24.4,25.9,0.1
09/06/1991,27.4,24.5,25.9,0.4
10/06/1991,27.5,24.6,26.1,0.6
11/06/1991,27.3,24.5,25.9,0.3
12/06/1991,27.3,24.4,25.8,0.4
13/06/1991,27.3,24.5,25.9,0.5
14/06/1991,27.2,24.5,25.9,0.9
15/06/1991,27.2,24.7,25.9,0.8
16/06/1991,27.2,24.7,26.0,0.8
17/06/1991,27.2,24.8,26.0,0.8
18/06/1991,27.1,24.7,25.9,0.8
19/06/1991,27.1,24.6,25.8,1.1
20/06/1991,27.0,24.4,25.7,1.0
21/06/1991,27.0,24.4,25.7,1.1
22/06/1991,27.0,24.3,25.7,1.1
23/06/1991,26.9,24.5,25.7,0.6
24/06/1991,27.0,24.5,25.8,0.8
25/06/1991,26.9,24.4,25.7,1.0
26/06/1991,27.0,24.4,25.7,1.5
27/06/1991,26.7,24.4,25.6,1.5
28/06/1991,26.8,24.4,25.6,1.4
29/06/1991,26.9,24.5,25.7,1.3
30/06/1991,26.8,24.6,25.7,0.9
01/07/1991,,,,0.9
02/07/1991,27.4,25.2,26.3,1.7
03/07/1991,27.2,24.7,25.9,1.6
04/07/1991,27.0,24.8,25.9,0.9
05/07/1991,27.2,24.8,26.0,1.2
06/07/1991,26.9,24.7,25.8,0.6
07/07/1991,27.0,24.8,25.9,0.6
08/07/1991,27.2,24.4,25.8,0.7
09/07/1991,27.2,24.4,25.8,1.0
10/07/1991,26.8,24.3,25.6,0.6
11/07/1991,26.3,24.2,25.2,0.8
12/07/1991,26.3,24.0,25.1,0.8
13/07/1991,26.5,24.0,25.3,0.9
14/07/1991,26.4,24.2,25.3,1.0
15/07/1991,26.5,24.3,25.4,1.4
16/07/1991,26.5,24.2,25.4,1.5
17/07/1991,26.6,24.3,25.4,1.1
18/07/1991,26.6,24.4,25.5,1.2
19/07/1991,26.6,24.1,25.4,1.1
20/07/1991,26.5,24.2,25.3,1.3
21/07/1991,26.5,24.1,25.3,1.0
22/07/1991,26.5,24.2,25.3,1.1
23/07/1991,26.4,24.0,25.2,1.1
24/07/1991,26.3,24.0,25.1,0.9
25/07/1991,26.4,23.9,25.2,1.0
26/07/1991,26.3,24.0,25.2,1.0
27/07/1991,26.3,24.0,25.2,1.1
28/07/1991,26.3,24.0,25.1,1.0
29/07/1991,26.3,23.9,25.1,0.9
30/07/1991,26.4,24.0,25.2,1.0
31/07/1991,26.4,23.9,25.1,1.1
01/08/1991,,,,1.0
02/08/1991,26.9,24.2,25.5,0.6
03/08/1991,26.5,24.5,25.5,0.2
04/08/1991,26.9,24.5,25.7,0.3
05/08/1991,27.1,24.5,25.8,0.8
06/08/1991,27.2,24.8,26.0,2.2
07/08/1991,26.8,24.7,25.8,0.6
08/08/1991,26.9,24.4,25.6,0.6
09/08/1991,26.7,24.4,25.5,1.5
10/08/1991,26.6,24.4,25.5,1.6
11/08/1991,26.7,24.6,25.6,2.3
12/08/1991,26.5,24.5,25.5,2.0
13/08/1991,26.6,24.6,25.6,1.5
14/08/1991,26.7,24.5,25.6,1.2
15/08/1991,26.7,24.5,25.6,1.1
16/08/1991,26.7,24.4,25.6,0.5
17/08/1991,26.9,24.4,25.7,0.7
18/08/1991,26.8,24.3,25.6,0.6
19/08/1991,26.7,24.3,25.5,0.7
20/08/1991,26.8,24.4,25.6,0.9
21/08/1991,26.9,24.5,25.7,0.7
22/08/1991,26.9,24.5,25.7,0.9
23/08/1991,26.8,24.4,25.6,0.4
24/08/1991,27.0,24.3,25.7,0.5
25/08/1991,27.0,24.4,25.7,0.5
26/08/1991,27.0,24.3,25.7,0.5
27/08/1991,27.1,24.2,25.7,0.4
28/08/1991,27.0,24.2,25.6,0.3
29/08/1991,27.1,24.2,25.7,0.2
30/08/1991,27.2,24.2,25.7,0.3
31/08/1991,27.2,24.0,25.6,0.3
01/09/1991,,,,0.7
02/09/1991,27.9,24.8,26.4,0.6
03/09/1991,27.8,24.6,26.2,0.0
04/09/1991,27.6,24.4,26.0,0.0
05/09/1991,27.3,24.3,25.8,0.1
06/09/1991,27.0,24.3,25.6,0.1
07/09/1991,26.9,24.1,25.5,0.5
08/09/1991,26.9,24.1,25.5,0.6
09/09/1991,27.0,24.2,25.6,0.3
10/09/1991,27.1,24.3,25.7,0.2
11/09/1991,27.2,24.2,25.7,0.1
12/09/1991,27.4,23.9,25.7,0.1
13/09/1991,27.5,23.5,25.5,0.0
14/09/1991,27.5,23.5,25.5,0.1
15/09/1991,27.6,23.7,25.6,0.1
16/09/1991,27.8,23.9,25.8,0.1
17/09/1991,27.8,23.9,25.8,0.1
18/09/1991,27.8,24.1,25.9,0.1
19/09/1991,27.8,24.2,26.0,0.1
20/09/1991,28.0,24.2,26.1,0.3
21/09/1991,28.0,24.3,26.1,0.2
22/09/1991,28.0,24.4,26.2,0.3
23/09/1991,28.0,24.3,26.2,0.1
24/09/1991,28.1,24.3,26.2,0.2
25/09/1991,28.0,24.3,26.1,0.2
26/09/1991,28.0,24.3,26.2,0.4
27/09/1991,28.0,24.5,26.2,0.3
28/09/1991,28.0,24.4,26.2,0.1
29/09/1991,28.1,24.4,26.2,0.3
30/09/1991,28.1,24.5,26.3,0.2
01/10/1991,,,,0.0
02/10/1991,29.0,24.3,26.7,0.0
03/10/1991,28.1,24.3,26.2,0.0
04/10/1991,28.6,24.2,26.4,0.0
05/10/1991,28.6,24.4,26.5,0.0
06/10/1991,28.9,24.4,26.6,0.0
07/10/1991,28.7,24.6,26.7,0.0
08/10/1991,28.7,24.9,26.8,0.0
09/10/1991,29.0,25.1,27.1,0.1
10/10/1991,29.2,25.0,27.1,0.2
11/10/1991,29.2,24.8,27.0,0.2
12/10/1991,28.9,25.2,27.0,0.3
13/10/1991,29.0,25.2,27.1,0.2
14/10/1991,28.9,25.1,27.0,0.2
15/10/1991,28.9,24.9,26.9,0.3
16/10/1991,28.7,24.9,26.8,0.4
17/10/1991,28.8,25.0,26.9,0.5
18/10/1991,28.8,25.0,26.9,0.3
19/10/1991,29.0,25.1,27.0,0.5
20/10/1991,28.9,25.2,27.1,0.4
21/10/1991,28.9,25.2,27.1,1.0
22/10/1991,29.0,25.3,27.2,0.5
23/10/1991,29.2,25.4,27.3,0.5
24/10/1991,29.1,25.2,27.2,0.6
25/10/1991,29.0,25.3,27.2,1.0
26/10/1991,29.1,25.3,27.2,0.2
27/10/1991,29.2,25.2,27.2,0.5
28/10/1991,29.3,25.3,27.3,0.6
29/10/1991,29.2,25.4,27.3,0.5
30/10/1991,29.4,25.5,27.4,0.8
31/10/1991,29.4,25.4,27.4,0.5
01/11/1991,,,,0.0
02/11/1991,29.4,25.1,27.3,0.7
03/11/1991,29.5,25.1,27.3,0.8
04/11/1991,29.3,25.2,27.3,1.0
05/11/1991,29.3,25.6,27.4,0.8
06/11/1991,29.5,25.5,27.5,1.6
07/11/1991,29.6,25.8,27.7,2.2
08/11/1991,29.5,25.9,27.7,2.7
09/11/1991,29.3,25.7,27.5,3.2
10/11/1991,29.4,25.7,27.5,2.8
11/11/1991,29.3,25.7,27.5,2.3
12/11/1991,29.3,25.6,27.5,2.9
13/11/1991,29.5,25.9,27.7,2.2
14/11/1991,29.4,25.9,27.7,2.9
15/11/1991,29.4,25.7,27.6,2.5
16/11/1991,29.4,25.7,27.6,2.8
17/11/1991,29.3,25.9,27.6,1.7
18/11/1991,29.6,25.9,27.7,2.2
19/11/1991,29.6,25.9,27.8,1.8
20/11/1991,29.7,26.0,27.9,1.8
21/11/1991,29.9,26.0,27.9,2.0
22/11/1991,29.8,25.9,27.9,2.3
23/11/1991,29.6,25.9,27.8,2.3
24/11/1991,29.8,25.8,27.8,2.3
25/11/1991,30.0,26.0,28.0,2.1
26/11/1991,30.1,25.9,28.0,2.2
27/11/1991,29.9,26.1,28.0,2.3
28/11/1991,29.8,25.9,27.8,2.2
29/11/1991,29.7,26.0,27.9,2.4
30/11/1991,29.9,25.9,27.9,2.2
01/12/1991,,,,0.2
02/12/1991,31.0,26.7,28.8,0.8
03/12/1991,30.6,26.4,28.5,1.5
04/12/1991,30.3,26.7,28.5,1.8
05/12/1991,30.2,26.7,28.4,3.2
06/12/1991,30.0,26.7,28.4,3.4
07/12/1991,30.1,26.4,28.2,4.1
08/12/1991,29.6,26.3,27.9,4.1
09/12/1991,29.4,26.3,27.8,4.9
10/12/1991,29.4,26.0,27.7,6.0
11/12/1991,29.5,25.8,27.6,8.0
12/12/1991,29.0,25.8,27.4,8.4
13/12/1991,28.9,25.8,27.4,10.3
14/12/1991,28.7,25.7,27.2,10.5
15/12/1991,28.5,25.6,27.0,15.4
16/12/1991,28.4,25.4,26.9,14.9
17/12/1991,28.1,25.5,26.8,17.7
18/12/1991,28.3,25.5,26.9,12.5
19/12/1991,28.3,25.6,27.0,12.3
20/12/1991,28.4,25.6,27.0,12.0
21/12/1991,28.2,25.6,26.9,10.7
22/12/1991,28.3,25.6,26.9,9.7
23/12/1991,28.3,25.6,27.0,9.7
24/12/1991,28.3,25.6,26.9,9.2
25/12/1991,28.4,25.6,27.0,14.1
26/12/1991,28.4,25.4,26.9,14.3
27/12/1991,28.1,25.3,26.7,12.3
28/12/1991,28.2,25.6,26.9,13.5
29/12/1991,28.1,25.5,26.8,12.6
30/12/1991,28.1,25.5,26.8,14.8
31/12/1991,28.1,25.4,26.7,11.2
01/01/1992,,,,7.1
02/01/1992,29.2,25.7,27.4,16.0
03/01/1992,28.3,25.3,26.8,20.7
04/01/1992,27.9,25.1,26.5,22.0
05/01/1992,27.6,25.2,26.4,17.3
06/01/1992,28.0,25.3,26.6,11.2
07/01/1992,28.1,25.7,26.9,5.8
08/01/1992,28.7,26.1,27.4,9.0
09/01/1992,28.7,25.9,27.3,10.1
10/01/1992,28.4,25.9,27.1,10.0
11/01/1992,28.5,25.8,27.1,10.1
12/01/1992,28.3,25.9,27.1,12.1
13/01/1992,28.3,25.9,27.1,8.2
14/01/1992,28.5,25.9,27.2,7.5
15/01/1992,28.5,25.7,27.1,6.3
16/01/1992,28.4,25.7,27.1,5.9
17/01/1992,28.5,25.8,27.2,8.1
18/01/1992,28.5,25.7,27.1,7.5
19/01/1992,28.6,25.8,27.2,7.5
20/01/1992,28.5,25.8,27.1,8.5
21/01/1992,28.4,25.8,27.1,8.9
22/01/1992,28.6,25.8,27.2,7.1
23/01/1992,28.6,25.7,27.2,9.5
24/01/1992,28.5,25.7,27.1,10.2
25/01/1992,28.4,25.6,27.0,10.7
26/01/1992,28.2,25.6,26.9,9.2
27/01/1992,28.3,25.6,27.0,10.8
28/01/1992,28.2,25.7,26.9,10.6
29/01/1992,28.2,25.7,26.9,11.2
30/01/1992,28.1,25.5,26.8,12.6
31/01/1992,28.0,25.4,26.7,14.5
01/02/1992,,,,3.2
02/02/1992,29.1,25.9,27.5,8.8
03/02/1992,28.6,25.6,27.1,8.2
04/02/1992,28.4,25.7,27.0,14.7
05/02/1992,28.4,25.4,26.9,17.2
06/02/1992,28.2,25.4,26.8,16.4
07/02/1992,27.8,25.4,26.6,14.4
08/02/1992,28.1,25.5,26.8,12.2
09/02/1992,28.2,25.6,26.9,13.1
10/02/1992,28.1,25.7,26.9,11.6
11/02/1992,28.2,25.8,27.0,11.0
12/02/1992,28.3,25.7,27.0,9.0
13/02/1992,28.5,25.7,27.1,9.3
14/02/1992,28.3,25.7,27.0,12.8
15/02/1992,28.0,25.4,26.7,17.8
16/02/1992,27.7,25.3,26.5,18.4
17/02/1992,27.7,25.3,26.5,15.1
18/02/1992,27.8,25.5,26.6,14.5
19/02/1992,27.8,25.6,26.7,11.6
20/02/1992,28.0,25.6,26.8,10.6
21/02/1992,28.0,25.6,26.8,10.5
22/02/1992,28.1,25.6,26.8,12.3
23/02/1992,28.0,25.5,26.7,12.5
24/02/1992,28.0,25.5,26.7,12.1
25/02/1992,28.0,25.6,26.8,11.6
26/02/1992,28.0,25.7,26.8,14.3
27/02/1992,28.0,25.4,26.7,10.7
28/02/1992,27.9,25.7,26.8,11.0
29/02/1992,28.0,25.7,26.8,11.2
01/03/1992,,,,5.2
02/03/1992,28.7,25.3,27.0,10.3
03/03/1992,27.9,24.9,26.4,15.9
04/03/1992,27.4,25.1,26.2,10.8
05/03/1992,27.8,25.2,26.5,10.1
06/03/1992,27.9,25.0,26.5,8.7
07/03/1992,27.7,25.0,26.4,10.5
08/03/1992,27.7,24.9,26.3,10.8
09/03/1992,27.5,25.0,26.3,8.0
10/03/1992,27.7,25.2,26.4,6.7
11/03/1992,27.9,25.2,26.6,5.2
12/03/1992,28.1,25.4,26.8,6.5
13/03/1992,28.1,25.3,26.7,6.1
14/03/1992,28.1,25.4,26.8,6.0
15/03/1992,28.3,25.4,26.9,8.3
16/03/1992,28.4,25.4,26.9,6.0
17/03/1992,28.4,25.5,26.9,6.1
18/03/1992,28.3,25.5,26.9,5.9
19/03/1992,28.4,25.6,27.0,4.8
20/03/1992,28.5,25.7,27.1,4.5
21/03/1992,28.6,25.7,27.1,4.6
22/03/1992,28.7,25.8,27.3,4.9
23/03/1992,28.8,25.8,27.3,5.3
24/03/1992,28.8,25.8,27.3,4.5
25/03/1992,28.8,25.9,27.3,5.1
26/03/1992,28.9,25.8,27.4,4.3
27/03/1992,28.8,25.9,27.3,5.6
28/03/1992,28.9,25.8,27.3,5.3
29/03/1992,28.9,26.0,27.5,5.4
30/03/1992,28.8,26.0,27.4,7.4
31/03/1992,28.6,25.8,27.2,8.7
01/04/1992,,,,11.6
02/04/1992,28.8,25.2,27.0,8.1
03/04/1992,28.4,25.6,27.0,11.3
04/04/1992,28.1,25.3,26.7,23.8
05/04/1992,27.8,25.0,26.4,26.8
06/04/1992,27.1,25.0,26.0,24.8
07/04/1992,27.3,24.9,26.1,16.2
08/04/1992,27.5,25.1,26.3,14.5
09/04/1992,28.0,25.4,26.7,11.1
10/04/1992,28.0,25.4,26.7,8.8
11/04/1992,28.3,25.5,26.9,7.0
12/04/1992,28.5,25.8,27.1,8.1
13/04/1992,28.3,25.7,27.0,7.9
14/04/1992,28.1,25.6,26.8,7.0
15/04/1992,28.3,25.5,26.9,6.1
16/04/1992,28.3,25.6,26.9,6.6
17/04/1992,28.4,25.6,27.0,7.8
18/04/1992,28.2,25.6,26.9,8.6
19/04/1992,28.3,25.5,26.9,7.9
20/04/1992,28.2,25.5,26.9,7.7
21/04/1992,28.1,25.5,26.8,7.7
22/04/1992,28.2,25.5,26.8,5.3
23/04/1992,28.4,25.6,27.0,6.4
24/04/1992,28.3,25.6,27.0,5.4
25/04/1992,28.3,25.7,27.0,5.7
26/04/1992,28.2,25.7,27.0,4.3
27/04/1992,28.2,25.7,27.0,3.1
28/04/1992,28.3,25.7,27.0,3.2
29/04/1992,28.3,25.8,27.1,2.7
30/04/1992,28.4,25.8,27.1,3.8
01/05/1992,,,,0.1
02/05/1992,29.2,26.1,27.7,0.3
03/05/1992,28.8,26.3,27.6,1.7
04/05/1992,28.8,26.0,27.4,1.2
05/05/1992,28.6,26.4,27.5,1.0
06/05/1992,28.8,26.3,27.5,2.0
07/05/1992,28.5,26.0,27.2,1.6
08/05/1992,28.4,26.0,27.2,2.1
09/05/1992,28.4,26.0,27.2,2.3
10/05/1992,28.5,26.0,27.3,2.0
11/05/1992,28.3,25.9,27.1,1.4
12/05/1992,28.4,25.9,27.1,1.3
13/05/1992,28.4,25.8,27.1,1.5
14/05/1992,28.4,26.0,27.2,1.6
15/05/1992,28.5,25.9,27.2,0.9
16/05/1992,28.5,26.1,27.3,0.8
17/05/1992,28.6,26.0,27.3,1.5
18/05/1992,28.5,25.9,27.2,1.5
19/05/1992,28.5,25.9,27.2,1.7
20/05/1992,28.5,25.9,27.2,2.2
21/05/1992,28.3,25.6,27.0,1.9
22/05/1992,28.3,25.6,27.0,1.9
23/05/1992,28.2,25.7,27.0,1.5
24/05/1992,28.1,25.6,26.8,1.9
25/05/1992,28.1,25.5,26.8,2.0
26/05/1992,28.0,25.6,26.8,2.2
27/05/1992,27.9,25.5,26.7,2.0
28/05/1992,27.9,25.5,26.7,1.5
29/05/1992,27.9,25.4,26.6,1.2
30/05/1992,28.0,25.6,26.8,1.3
31/05/1992,28.1,25.6,26.8,1.2
01/06/1992,,,,1.2
02/06/1992,27.9,26.0,27.0,0.8
03/06/1992,28.0,25.7,26.8,1.4
04/06/1992,27.6,25.7,26.6,1.4
05/06/1992,27.7,25.9,26.8,0.3
06/06/1992,27.9,26.0,26.9,0.4
07/06/1992,27.9,25.8,26.8,1.2
08/06/1992,27.8,25.8,26.8,4.2
09/06/1992,27.7,25.2,26.4,4.9
10/06/1992,27.4,25.4,26.4,5.5
11/06/1992,27.2,25.2,26.2,6.7
12/06/1992,27.1,25.3,26.2,3.8
13/06/1992,27.2,25.3,26.3,1.9
14/06/1992,27.3,25.4,26.3,1.5
15/06/1992,27.3,25.3,26.3,1.4
16/06/1992,27.2,25.1,26.1,1.6
17/06/1992,27.2,25.0,26.1,0.8
18/06/1992,27.1,25.0,26.0,0.7
19/06/1992,27.1,24.9,26.0,1.4
20/06/1992,27.0,24.8,25.9,0.9
21/06/1992,27.0,24.8,25.9,1.2
22/06/1992,27.0,24.7,25.9,1.5
23/06/1992,26.8,24.5,25.6,1.3
24/06/1992,26.7,24.4,25.5,1.5
25/06/1992,26.7,24.4,25.5,1.3
26/06/1992,26.7,24.5,25.6,1.4
27/06/1992,26.5,24.4,25.5,1.3
28/06/1992,26.6,24.5,25.5,1.2
29/06/1992,26.6,24.5,25.6,1.5
30/06/1992,26.7,24.5,25.6,1.3
01/07/1992,,,,0.2
02/07/1992,26.4,24.6,25.5,0.3
03/07/1992,26.8,24.9,25.9,1.7
04/07/1992,27.0,24.6,25.8,0.9
05/07/1992,27.1,25.0,26.0,1.3
06/07/1992,27.2,24.6,25.9,0.8
07/07/1992,26.9,24.5,25.7,1.5
08/07/1992,26.6,24.5,25.6,1.7
09/07/1992,26.8,24.6,25.7,1.5
10/07/1992,26.8,24.7,25.7,2.3
11/07/1992,26.7,24.6,25.7,2.7
12/07/1992,26.6,24.4,25.5,1.9
13/07/1992,26.5,24.5,25.5,1.7
14/07/1992,26.4,24.5,25.5,1.3
15/07/1992,26.5,24.4,25.5,1.3
16/07/1992,26.4,24.5,25.4,1.3
17/07/1992,26.5,24.4,25.5,1.5
18/07/1992,26.5,24.4,25.5,1.7
19/07/1992,26.5,24.3,25.4,1.5
20/07/1992,26.5,24.4,25.4,4.1
21/07/1992,26.5,24.3,25.4,1.9
22/07/1992,26.4,24.3,25.4,1.2
23/07/1992,26.5,24.3,25.4,0.9
24/07/1992,26.5,24.3,25.4,1.2
25/07/1992,26.4,24.2,25.3,1.2
26/07/1992,26.3,24.2,25.2,1.0
27/07/1992,26.4,24.0,25.2,0.9
28/07/1992,26.4,24.1,25.2,0.7
29/07/1992,26.5,24.0,25.2,0.6
30/07/1992,26.4,24.0,25.2,0.7
31/07/1992,26.3,23.9,25.1,0.7
01/08/1992,,,,0.1
02/08/1992,26.6,24.1,25.4,0.2
03/08/1992,26.4,23.9,25.2,0.2
04/08/1992,26.5,23.6,25.0,0.2
05/08/1992,26.5,23.6,25.0,0.3
06/08/1992,26.7,23.9,25.3,1.0
07/08/1992,26.8,24.0,25.4,0.7
08/08/1992,26.9,24.1,25.5,0.2
09/08/1992,27.1,23.9,25.5,0.1
10/08/1992,27.0,23.7,25.4,0.0
11/08/1992,27.0,23.5,25.2,0.1
12/08/1992,26.9,23.6,25.2,0.1
13/08/1992,26.8,23.8,25.3,0.2
14/08/1992,26.7,24.0,25.3,0.4
15/08/1992,26.6,24.0,25.3,0.6
16/08/1992,26.6,24.1,25.3,0.4
17/08/1992,26.7,24.0,25.3,0.5
18/08/1992,26.7,23.9,25.3,0.6
19/08/1992,26.8,23.8,25.3,0.2
20/08/1992,27.1,23.9,25.5,0.1
21/08/1992,27.1,23.9,25.5,0.1
22/08/1992,27.2,23.9,25.6,0.1
23/08/1992,27.2,24.0,25.6,0.2
24/08/1992,27.3,23.9,25.6,0.5
25/08/1992,27.2,24.0,25.6,0.7
26/08/1992,27.2,24.2,25.7,0.7
27/08/1992,27.2,24.3,25.8,0.7
28/08/1992,27.3,24.1,25.7,1.2
29/08/1992,27.3,24.2,25.7,0.4
30/08/1992,27.3,24.1,25.7,0.2
31/08/1992,27.2,24.2,25.7,0.2
01/09/1992,,,,0.2
02/09/1992,28.7,24.7,26.7,0.6
03/09/1992,29.1,24.5,26.8,0.1
04/09/1992,29.0,24.6,26.8,0.3
05/09/1992,29.0,24.9,26.9,0.2
06/09/1992,28.9,25.2,27.1,2.4
07/09/1992,28.6,25.1,26.9,5.9
08/09/1992,27.8,25.0,26.4,4.0
09/09/1992,27.9,25.2,26.6,3.0
10/09/1992,28.1,25.2,26.7,2.2
11/09/1992,28.1,25.2,26.7,2.2
12/09/1992,28.0,25.2,26.6,0.6
13/09/1992,28.2,25.2,26.7,0.4
14/09/1992,28.2,25.2,26.7,0.5
15/09/1992,28.1,25.2,26.7,0.4
16/09/1992,28.1,25.1,26.6,0.2
17/09/1992,28.2,25.0,26.6,0.4
18/09/1992,28.2,25.1,26.6,0.3
19/09/1992,28.2,25.1,26.6,0.2
20/09/1992,28.2,25.2,26.7,0.5
21/09/1992,28.2,25.1,26.7,0.3
22/09/1992,28.2,25.2,26.7,0.4
23/09/1992,28.2,25.1,26.7,0.6
24/09/1992,28.3,25.1,26.7,0.5
25/09/1992,28.3,25.1,26.7,0.6
26/09/1992,28.3,25.2,26.8,0.5
27/09/1992,28.3,25.1,26.7,0.4
28/09/1992,28.4,25.1,26.8,0.3
29/09/1992,28.6,25.1,26.9,0.2
30/09/1992,28.6,25.2,26.9,0.5
01/10/1992,,,,0.0
02/10/1992,28.4,24.8,26.6,0.1
03/10/1992,29.2,25.5,27.4,0.5
04/10/1992,29.0,25.8,27.4,2.2
05/10/1992,28.9,25.7,27.3,4.7
06/10/1992,28.3,25.8,27.0,3.1
07/10/1992,28.5,25.8,27.2,0.9
08/10/1992,28.9,25.8,27.3,0.3
09/10/1992,29.3,25.7,27.5,0.2
10/10/1992,29.4,25.7,27.5,0.2
11/10/1992,29.2,25.7,27.4,0.3
12/10/1992,29.1,25.7,27.4,0.4
13/10/1992,29.1,25.7,27.4,0.6
14/10/1992,29.1,25.7,27.4,1.0
15/10/1992,29.3,25.7,27.5,1.1
16/10/1992,29.1,25.8,27.4,1.5
17/10/1992,29.2,25.8,27.5,1.2
18/10/1992,29.2,25.5,27.4,0.7
19/10/1992,29.1,25.7,27.4,0.4
20/10/1992,29.4,25.6,27.5,0.8
21/10/1992,29.3,25.6,27.4,0.9
22/10/1992,29.3,25.7,27.5,0.7
23/10/1992,29.5,25.7,27.6,0.7
24/10/1992,29.5,25.7,27.6,0.8
25/10/1992,29.5,25.7,27.6,1.1
26/10/1992,29.6,25.8,27.7,1.2
27/10/1992,29.4,25.8,27.6,1.7
28/10/1992,29.7,25.8,27.8,0.9
29/10/1992,29.7,25.8,27.8,1.0
30/10/1992,29.7,25.9,27.8,1.2
31/10/1992,29.6,25.9,27.7,1.2
01/11/1992,,,,0.3
02/11/1992,29.0,25.2,27.1,0.4
03/11/1992,28.9,25.4,27.2,0.1
04/11/1992,29.1,25.6,27.4,0.1
05/11/1992,29.3,25.7,27.5,0.1
06/11/1992,29.7,25.8,27.7,0.1
07/11/1992,30.0,25.1,27.5,0.2
08/11/1992,30.0,25.3,27.6,0.2
09/11/1992,30.0,25.1,27.6,0.3
10/11/1992,30.2,25.5,27.8,0.6
11/11/1992,30.0,25.5,27.8,0.6
12/11/1992,29.8,25.6,27.7,0.6
13/11/1992,30.0,25.7,27.8,0.7
14/11/1992,30.0,25.9,27.9,1.1
15/11/1992,30.1,25.9,28.0,2.0
16/11/1992,29.8,26.0,27.9,1.7
17/11/1992,29.7,26.1,27.9,1.5
18/11/1992,29.7,26.2,27.9,1.7
19/11/1992,29.7,26.1,27.9,2.0
20/11/1992,29.7,26.1,27.9,1.9
21/11/1992,29.7,26.1,27.9,1.7
22/11/1992,29.8,26.1,27.9,1.8
23/11/1992,29.9,26.1,28.0,1.3
24/11/1992,30.1,26.3,28.2,1.8
25/11/1992,30.1,26.2,28.2,1.6
26/11/1992,29.8,26.3,28.1,1.5
27/11/1992,30.0,26.3,28.1,2.7
28/11/1992,29.9,26.2,28.0,3.5
29/11/1992,29.6,26.1,27.8,2.5
30/11/1992,29.7,26.2,27.9,3.0
01/12/1992,,,,4.0
02/12/1992,29.9,25.8,27.8,4.8
03/12/1992,29.1,25.8,27.5,8.5
04/12/1992,29.3,25.6,27.4,7.6
05/12/1992,28.8,25.8,27.3,8.9
06/12/1992,28.8,25.7,27.2,12.5
07/12/1992,28.5,25.4,26.9,15.6
08/12/1992,28.1,25.2,26.6,21.2
09/12/1992,27.7,25.1,26.4,12.7
10/12/1992,27.7,25.3,26.5,4.7
11/12/1992,28.5,25.8,27.1,3.4
12/12/1992,28.8,25.9,27.3,4.0
13/12/1992,29.0,25.8,27.4,6.6
14/12/1992,28.9,25.7,27.3,7.3
15/12/1992,28.8,25.7,27.2,8.1
16/12/1992,28.5,25.7,27.1,10.8
17/12/1992,28.5,25.3,26.9,8.2
18/12/1992,28.4,25.5,26.9,7.6
19/12/1992,28.4,25.4,26.9,8.6
20/12/1992,28.3,25.4,26.9,8.0
21/12/1992,28.5,25.4,26.9,8.7
22/12/1992,28.4,25.4,26.9,11.4
23/12/1992,28.3,25.4,26.9,8.8
24/12/1992,28.3,25.4,26.9,11.7
25/12/1992,28.3,25.5,26.9,12.6
26/12/1992,28.4,25.5,26.9,10.9
27/12/1992,28.3,25.3,26.8,9.8
28/12/1992,28.2,25.4,26.8,8.6
29/12/1992,28.4,25.6,27.0,8.2
30/12/1992,28.3,25.6,27.0,9.8
31/12/1992,28.4,25.5,27.0,8.7
01/01/1993,,,,1.9
02/01/1993,28.9,25.6,27.3,2.6
03/01/1993,28.3,25.9,27.1,3.6
04/01/1993,28.3,25.6,27.0,8.1
05/01/1993,27.9,25.3,26.6,13.5
06/01/1993,27.5,25.2,26.4,8.9
07/01/1993,28.0,25.7,26.8,9.8
08/01/1993,27.8,25.5,26.7,11.9
09/01/1993,27.8,25.4,26.6,10.5
10/01/1993,27.8,25.3,26.5,9.0
11/01/1993,27.9,25.4,26.7,5.0
12/01/1993,28.3,25.8,27.0,3.9
13/01/1993,28.6,25.9,27.3,4.1
14/01/1993,28.7,25.9,27.3,5.0
15/01/1993,28.9,25.8,27.3,5.8
16/01/1993,28.6,25.7,27.1,6.4
17/01/1993,28.6,25.6,27.1,7.5
18/01/1993,28.6,25.6,27.1,8.1
19/01/1993,28.4,25.5,27.0,10.5
20/01/1993,28.4,25.4,26.9,12.0
21/01/1993,28.1,25.3,26.7,10.9
22/01/1993,28.1,25.4,26.7,15.9
23/01/1993,27.9,25.2,26.5,19.3
24/01/1993,27.7,25.3,26.5,16.7
25/01/1993,27.6,25.2,26.4,16.9
26/01/1993,27.6,25.3,26.5,11.8
27/01/1993,27.8,25.4,26.6,13.1
28/01/1993,27.7,25.2,26.5,14.8
29/01/1993,27.6,25.2,26.4,15.0
30/01/1993,27.5,25.2,26.3,16.6
31/01/1993,27.4,25.2,26.3,13.5
01/02/1993,,,,0.7
02/02/1993,28.9,26.4,27.7,2.9
03/02/1993,28.6,26.0,27.3,5.5
04/02/1993,28.6,25.9,27.2,7.9
05/02/1993,28.4,25.4,26.9,15.5
06/02/1993,27.7,25.0,26.3,14.3
07/02/1993,27.2,25.0,26.1,14.4
08/02/1993,27.3,24.9,26.1,14.1
09/02/1993,27.2,24.8,26.0,5.6
10/02/1993,27.4,25.2,26.3,4.5
11/02/1993,27.8,25.3,26.5,4.7
12/02/1993,28.0,25.4,26.7,4.3
13/02/1993,28.1,25.4,26.8,6.4
14/02/1993,28.1,25.3,26.7,5.8
15/02/1993,27.9,25.4,26.7,4.4
16/02/1993,28.0,25.6,26.8,5.5
17/02/1993,28.0,25.5,26.7,5.4
18/02/1993,28.1,25.6,26.8,5.5
19/02/1993,28.2,25.5,26.8,5.5
20/02/1993,28.1,25.5,26.8,7.9
21/02/1993,28.0,25.4,26.7,10.9
22/02/1993,27.8,25.3,26.6,8.3
23/02/1993,27.9,25.3,26.6,10.4
24/02/1993,27.8,25.3,26.5,8.8
25/02/1993,27.8,25.4,26.6,8.7
26/02/1993,27.9,25.3,26.6,8.4
27/02/1993,27.9,25.4,26.7,9.1
28/02/1993,28.0,25.4,26.7,8.8
01/03/1993,,,,1.9
02/03/1993,28.9,25.8,27.3,5.1
03/03/1993,28.2,25.3,26.7,7.5
04/03/1993,28.0,25.3,26.6,9.9
05/03/1993,27.9,25.2,26.5,7.3
06/03/1993,28.1,25.2,26.6,7.4
07/03/1993,28.3,25.2,26.7,9.2
08/03/1993,27.9,25.0,26.4,12.1
09/03/1993,27.6,25.0,26.3,11.1
10/03/1993,27.7,24.9,26.3,9.4
11/03/1993,27.8,25.2,26.5,9.4
12/03/1993,28.1,25.1,26.6,6.7
13/03/1993,28.1,25.3,26.7,9.5
14/03/1993,28.0,25.3,26.6,8.4
15/03/1993,28.0,25.2,26.6,11.4
16/03/1993,28.1,25.2,26.7,11.8
17/03/1993,27.9,25.3,26.6,9.2
18/03/1993,28.2,25.5,26.8,6.4
19/03/1993,28.2,25.5,26.8,8.1
20/03/1993,28.0,25.5,26.8,7.1
21/03/1993,28.2,25.7,26.9,7.6
22/03/1993,28.3,25.5,26.9,7.7
23/03/1993,28.1,25.5,26.8,9.1
24/03/1993,28.2,25.5,26.9,8.6
25/03/1993,28.2,25.4,26.8,10.1
26/03/1993,28.1,25.4,26.7,10.2
27/03/1993,28.1,25.3,26.7,7.5
28/03/1993,28.2,25.4,26.8,9.3
29/03/1993,28.1,25.4,26.8,9.3
30/03/1993,28.1,25.4,26.7,6.1
31/03/1993,28.2,25.5,26.9,6.4
01/04/1993,,,,4.9
02/04/1993,28.4,25.1,26.7,9.7
03/04/1993,28.2,25.4,26.8,1.7
04/04/1993,28.8,26.1,27.4,2.9
05/04/1993,28.9,25.7,27.3,8.8
06/04/1993,28.2,25.2,26.7,13.6
07/04/1993,27.6,25.0,26.3,15.6
08/04/1993,27.4,24.9,26.1,10.7
09/04/1993,27.6,25.0,26.3,10.4
10/04/1993,27.8,25.1,26.5,9.7
11/04/1993,27.9,25.3,26.6,8.9
12/04/1993,28.0,25.4,26.7,8.8
13/04/1993,28.1,25.3,26.7,10.2
14/04/1993,28.1,25.4,26.7,8.2
15/04/1993,28.0,25.4,26.7,6.0
16/04/1993,28.2,25.5,26.9,5.5
17/04/1993,28.3,25.5,26.9,4.8
18/04/1993,28.3,25.7,27.0,3.1
19/04/1993,28.5,25.7,27.1,2.2
20/04/1993,28.5,25.9,27.2,1.7
21/04/1993,28.6,26.0,27.3,5.2
22/04/1993,28.5,25.8,27.1,4.8
23/04/1993,28.3,25.7,27.0,3.2
24/04/1993,28.3,25.8,27.0,4.7
25/04/1993,28.4,25.9,27.1,6.8
26/04/1993,28.2,25.8,27.0,13.6
27/04/1993,28.2,25.8,27.0,11.5
28/04/1993,28.2,25.7,26.9,5.0
29/04/1993,28.2,25.7,27.0,4.2
30/04/1993,28.1,25.8,27.0,5.8
01/05/1993,,,,3.3
02/05/1993,27.9,25.9,26.9,1.1
03/05/1993,28.0,26.2,27.1,0.4
04/05/1993,28.3,26.4,27.4,0.7
05/05/1993,28.3,26.1,27.2,0.5
06/05/1993,27.9,25.9,26.9,0.3
07/05/1993,28.0,25.9,26.9,0.4
08/05/1993,28.1,25.8,27.0,0.6
09/05/1993,28.1,25.7,26.9,1.2
10/05/1993,27.9,25.5,26.7,0.7
11/05/1993,28.0,25.5,26.8,0.6
12/05/1993,28.0,25.6,26.8,0.4
13/05/1993,28.1,25.6,26.9,0.2
14/05/1993,28.0,25.6,26.8,0.7
15/05/1993,28.0,25.6,26.8,3.4
16/05/1993,28.0,25.6,26.8,2.0
17/05/1993,27.9,25.8,26.9,1.7
18/05/1993,27.9,25.7,26.8,1.4
19/05/1993,27.9,25.6,26.8,1.3
20/05/1993,27.9,25.7,26.8,2.0
21/05/1993,27.9,25.5,26.7,2.0
22/05/1993,27.8,25.5,26.6,2.1
23/05/1993,27.8,25.6,26.7,1.7
24/05/1993,27.7,25.5,26.6,1.8
25/05/1993,27.6,25.5,26.5,2.6
26/05/1993,27.5,25.3,26.4,3.4
27/05/1993,27.4,25.3,26.4,3.3
28/05/1993,27.6,25.3,26.5,2.0
29/05/1993,27.6,25.3,26.5,1.2
30/05/1993,27.5,25.2,26.3,1.1
31/05/1993,27.4,25.4,26.4,1.7
01/06/1993,,,,1.0
02/06/1993,27.8,25.5,26.7,1.8
03/06/1993,27.9,25.5,26.7,3.9
04/06/1993,27.6,25.3,26.5,3.7
05/06/1993,27.4,25.5,26.4,11.1
06/06/1993,27.2,25.2,26.2,9.7
07/06/1993,27.0,25.3,26.1,4.8
08/06/1993,27.1,25.2,26.2,3.5
09/06/1993,27.1,25.2,26.2,1.9
10/06/1993,27.0,25.1,26.1,1.4
11/06/1993,27.2,25.0,26.1,1.1
12/06/1993,27.3,25.0,26.1,1.3
13/06/1993,27.2,24.8,26.0,1.9
14/06/1993,27.2,24.8,26.0,2.0
15/06/1993,27.2,24.7,25.9,1.3
16/06/1993,27.0,24.8,25.9,0.8
17/06/1993,27.1,24.8,25.9,0.9
18/06/1993,27.1,24.7,25.9,0.8
19/06/1993,27.0,24.8,25.9,1.0
20/06/1993,27.1,24.8,26.0,0.9
21/06/1993,26.9,24.8,25.9,0.9
22/06/1993,26.8,24.7,25.8,0.7
23/06/1993,26.9,24.7,25.8,1.0
24/06/1993,26.8,24.6,25.7,0.9
25/06/1993,26.9,24.7,25.8,0.9
26/06/1993,26.9,24.7,25.8,1.2
27/06/1993,26.8,24.7,25.7,1.1
28/06/1993,26.8,24.6,25.7,1.6
29/06/1993,26.8,24.5,25.7,1.1
30/06/1993,26.8,24.6,25.7,1.1
01/07/1993,,,,0.8
02/07/1993,27.0,24.9,25.9,0.4
03/07/1993,26.7,24.7,25.7,0.8
04/07/1993,26.5,24.4,25.5,0.8
05/07/1993,26.5,24.4,25.5,0.5
06/07/1993,26.6,24.4,25.5,0.9
07/07/1993,26.5,24.3,25.4,2.3
08/07/1993,26.3,24.1,25.2,4.2
09/07/1993,25.8,24.0,24.9,1.7
10/07/1993,25.7,24.0,24.8,1.2
11/07/1993,25.9,24.0,24.9,1.2
12/07/1993,26.1,23.9,25.0,1.0
13/07/1993,26.3,24.2,25.2,0.8
14/07/1993,26.4,24.2,25.3,0.8
15/07/1993,26.4,24.2,25.3,1.2
16/07/1993,26.4,24.0,25.2,1.6
17/07/1993,26.2,24.0,25.1,1.2
18/07/1993,26.3,24.1,25.2,1.1
19/07/1993,26.4,24.2,25.3,1.3
20/07/1993,26.4,24.2,25.3,1.0
21/07/1993,26.4,24.2,25.3,1.1
22/07/1993,26.3,24.2,25.2,0.7
23/07/1993,26.4,24.2,25.3,0.7
24/07/1993,26.4,24.1,25.3,0.6
25/07/1993,26.4,24.1,25.3,0.9
26/07/1993,26.4,24.0,25.2,0.7
27/07/1993,26.3,24.0,25.2,0.7
28/07/1993,26.3,23.9,25.1,1.0
29/07/1993,26.2,23.7,25.0,0.9
30/07/1993,26.2,23.6,24.9,0.7
31/07/1993,26.1,23.8,24.9,0.7
01/08/1993,,,,0.0
02/08/1993,26.7,23.5,25.1,0.0
03/08/1993,26.5,23.9,25.2,0.7
04/08/1993,26.4,23.7,25.0,1.0
05/08/1993,26.2,23.7,24.9,0.7
06/08/1993,26.4,23.8,25.1,0.6
07/08/1993,26.7,24.2,25.4,1.0
08/08/1993,26.6,24.4,25.5,0.6
09/08/1993,26.6,24.5,25.6,0.3
10/08/1993,26.7,24.3,25.5,0.4
11/08/1993,26.7,24.1,25.4,0.4
12/08/1993,26.6,24.0,25.3,0.3
13/08/1993,26.7,24.0,25.4,0.2
14/08/1993,26.8,24.0,25.4,0.3
15/08/1993,26.8,23.9,25.4,0.2
16/08/1993,26.9,23.9,25.4,0.1
17/08/1993,27.0,23.8,25.4,0.1
18/08/1993,27.0,23.9,25.5,0.2
19/08/1993,27.1,24.1,25.6,0.2
20/08/1993,27.0,24.1,25.6,0.2
21/08/1993,27.0,24.2,25.6,0.3
22/08/1993,27.1,24.2,25.6,0.3
23/08/1993,27.0,24.2,25.6,0.3
24/08/1993,27.0,24.1,25.6,0.3
25/08/1993,27.0,24.0,25.5,0.3
26/08/1993,27.0,24.1,25.5,0.2
27/08/1993,27.0,24.2,25.6,0.4
28/08/1993,27.0,24.2,25.6,0.3
29/08/1993,27.1,24.2,25.7,0.2
30/08/1993,27.1,24.2,25.6,0.2
31/08/1993,27.1,24.2,25.7,0.3
01/09/1993,,,,0.0
02/09/1993,27.6,24.0,25.8,0.0
03/09/1993,27.7,24.5,26.1,0.3
04/09/1993,27.2,24.4,25.8,0.1
05/09/1993,27.2,24.3,25.7,0.0
06/09/1993,27.1,24.2,25.6,0.1
07/09/1993,27.1,24.1,25.6,0.4
08/09/1993,27.2,24.3,25.7,0.6
09/09/1993,27.1,24.5,25.8,0.3
10/09/1993,27.2,24.4,25.8,0.1
11/09/1993,27.0,24.1,25.6,0.2
12/09/1993,27.2,24.2,25.7,0.3
13/09/1993,27.3,24.2,25.7,0.2
14/09/1993,27.4,24.1,25.7,0.1
15/09/1993,27.4,24.1,25.7,0.2
16/09/1993,27.4,24.0,25.7,0.1
17/09/1993,27.4,24.1,25.8,0.2
18/09/1993,27.4,24.2,25.8,0.3
19/09/1993,27.5,24.3,25.9,0.3
20/09/1993,27.6,24.3,25.9,0.3
21/09/1993,27.5,24.4,26.0,0.4
22/09/1993,27.5,24.4,25.9,0.2
23/09/1993,27.6,24.4,26.0,0.4
24/09/1993,27.6,24.3,26.0,0.2
25/09/1993,27.7,24.4,26.1,0.1
26/09/1993,27.7,24.4,26.1,0.1
27/09/1993,27.8,24.3,26.1,0.1
28/09/1993,27.9,24.3,26.1,0.1
29/09/1993,27.9,24.4,26.1,0.2
30/09/1993,27.9,24.3,26.1,0.2
01/10/1993,,,,0.7
02/10/1993,28.2,24.7,26.4,0.2
03/10/1993,27.8,24.5,26.1,0.0
04/10/1993,27.7,24.3,26.0,0.0
05/10/1993,28.1,24.6,26.3,0.1
06/10/1993,27.7,24.8,26.3,0.1
07/10/1993,27.6,24.7,26.2,0.1
08/10/1993,27.8,24.9,26.3,0.2
09/10/1993,28.1,24.8,26.4,0.4
10/10/1993,28.1,24.9,26.5,0.4
11/10/1993,28.3,24.9,26.6,0.4
12/10/1993,28.4,24.7,26.6,0.3
13/10/1993,28.3,24.5,26.4,0.1
14/10/1993,28.4,24.4,26.4,0.1
15/10/1993,28.4,24.4,26.4,0.1
16/10/1993,28.4,24.5,26.4,0.1
17/10/1993,28.4,24.5,26.4,0.2
18/10/1993,28.5,24.6,26.5,0.2
19/10/1993,28.6,24.8,26.7,0.1
20/10/1993,28.8,24.8,26.8,0.3
21/10/1993,28.8,24.9,26.8,0.7
22/10/1993,28.9,24.8,26.9,0.4
23/10/1993,28.9,24.9,26.9,0.2
24/10/1993,29.0,24.9,26.9,0.2
25/10/1993,28.9,24.9,26.9,0.2
26/10/1993,29.0,24.9,26.9,0.1
27/10/1993,29.1,25.0,27.0,0.0
28/10/1993,29.2,24.9,27.1,0.1
29/10/1993,29.4,25.1,27.2,0.4
30/10/1993,29.4,25.2,27.3,0.3
31/10/1993,29.5,25.1,27.3,0.3
01/11/1993,,,,0.0
02/11/1993,30.2,25.5,27.8,0.0
03/11/1993,29.9,25.5,27.7,0.1
04/11/1993,29.9,25.7,27.8,0.0
05/11/1993,30.0,25.7,27.8,0.1
06/11/1993,29.8,26.0,27.9,0.2
07/11/1993,29.8,25.8,27.8,0.9
08/11/1993,29.9,26.1,28.0,2.7
09/11/1993,29.3,26.1,27.7,3.1
10/11/1993,29.4,26.2,27.8,3.4
11/11/1993,29.4,26.1,27.8,5.2
12/11/1993,29.2,26.0,27.6,4.3
13/11/1993,29.2,25.9,27.6,2.8
14/11/1993,29.2,26.0,27.6,1.4
15/11/1993,29.5,26.2,27.9,1.3
16/11/1993,29.8,26.1,27.9,1.4
17/11/1993,29.8,26.1,27.9,1.3
18/11/1993,29.7,26.2,28.0,1.5
19/11/1993,30.0,26.3,28.2,2.0
20/11/1993,29.9,26.2,28.1,2.0
21/11/1993,29.8,26.2,28.0,2.2
22/11/1993,30.0,26.2,28.1,2.2
23/11/1993,29.7,26.1,27.9,2.5
24/11/1993,29.8,26.4,28.1,2.7
25/11/1993,29.8,26.4,28.1,2.8
26/11/1993,29.8,26.2,28.0,2.8
27/11/1993,29.7,26.3,28.0,3.8
28/11/1993,29.8,26.2,28.0,3.6
29/11/1993,29.8,26.2,28.0,3.0
30/11/1993,29.6,26.2,27.9,3.8
01/12/1993,,,,7.2
02/12/1993,28.7,25.6,27.2,5.5
03/12/1993,28.9,26.2,27.6,5.1
04/12/1993,29.5,26.3,27.9,3.3
05/12/1993,29.4,26.3,27.8,4.7
06/12/1993,29.1,26.1,27.6,4.6
07/12/1993,29.2,26.4,27.8,3.2
08/12/1993,29.5,26.5,28.0,3.1
09/12/1993,29.6,26.5,28.1,4.2
10/12/1993,29.4,26.2,27.8,4.1
11/12/1993,29.4,26.2,27.8,5.8
12/12/1993,29.4,26.1,27.7,4.8
13/12/1993,29.1,25.9,27.5,4.0
14/12/1993,29.4,26.2,27.8,4.7
15/12/1993,29.5,26.3,27.9,4.5
16/12/1993,29.6,26.3,27.9,3.7
17/12/1993,29.6,26.4,28.0,4.3
18/12/1993,29.6,26.3,27.9,5.8
19/12/1993,29.6,26.2,27.9,5.5
20/12/1993,29.5,26.3,27.9,7.0
21/12/1993,29.4,26.3,27.9,8.1
22/12/1993,29.3,26.1,27.7,8.8
23/12/1993,29.2,26.1,27.6,10.8
24/12/1993,28.9,26.0,27.4,10.4
25/12/1993,28.9,26.1,27.5,11.1
26/12/1993,28.8,26.0,27.4,12.9
27/12/1993,28.8,25.9,27.4,17.1
28/12/1993,28.8,25.8,27.3,13.5
29/12/1993,28.6,26.0,27.3,13.6
30/12/1993,28.6,25.8,27.2,15.6
31/12/1993,28.5,25.9,27.2,11.7
01/01/1994,,,,7.8
02/01/1994,28.8,25.9,27.3,7.9
03/01/1994,28.7,25.6,27.2,8.4
04/01/1994,28.2,25.3,26.7,6.9
05/01/1994,28.3,25.2,26.7,3.7
06/01/1994,28.4,25.6,27.0,3.9
07/01/1994,28.5,26.0,27.3,3.5
08/01/1994,28.9,26.2,27.5,3.1
09/01/1994,29.0,26.1,27.5,4.3
10/01/1994,28.9,25.8,27.3,3.2
11/01/1994,28.8,26.0,27.4,3.6
12/01/1994,29.0,25.9,27.5,3.8
13/01/1994,29.0,25.8,27.4,6.2
14/01/1994,28.7,25.6,27.2,8.0
15/01/1994,28.4,25.6,27.0,7.6
16/01/1994,28.4,25.7,27.1,9.4
17/01/1994,28.4,25.5,26.9,8.7
18/01/1994,28.5,25.7,27.1,9.1
19/01/1994,28.4,25.8,27.1,11.1
20/01/1994,28.3,25.7,27.0,9.0
21/01/1994,28.3,25.7,27.0,9.5
22/01/1994,28.4,25.7,27.1,12.3
23/01/1994,28.4,25.7,27.0,14.6
24/01/1994,28.3,25.7,27.0,10.5
25/01/1994,28.3,25.8,27.0,10.9
26/01/1994,28.4,25.8,27.1,12.2
27/01/1994,28.3,25.8,27.0,10.9
28/01/1994,28.3,25.9,27.1,10.9
29/01/1994,28.3,25.9,27.1,12.3
30/01/1994,28.0,25.8,26.9,12.7
31/01/1994,28.2,25.8,27.0,9.7
01/02/1994,,,,2.4
02/02/1994,29.0,25.7,27.3,1.6
03/02/1994,28.8,26.0,27.4,2.1
04/02/1994,29.0,26.2,27.6,2.4
05/02/1994,29.1,26.3,27.7,2.9
06/02/1994,29.1,26.1,27.6,5.0
07/02/1994,29.0,26.0,27.5,6.1
08/02/1994,28.7,25.8,27.3,7.6
09/02/1994,28.6,25.6,27.1,7.7
10/02/1994,28.5,25.5,27.0,8.8
11/02/1994,28.5,25.6,27.1,8.1
12/02/1994,28.5,25.8,27.1,8.1
13/02/1994,28.5,25.9,27.2,9.3
14/02/1994,28.3,25.8,27.1,10.5
15/02/1994,28.4,25.7,27.1,10.9
16/02/1994,28.3,25.7,27.0,15.9
17/02/1994,28.1,25.5,26.8,14.5
18/02/1994,28.1,25.5,26.8,18.7
19/02/1994,27.9,25.5,26.7,14.5
20/02/1994,27.8,25.7,26.8,8.1
21/02/1994,28.2,26.0,27.1,6.9
22/02/1994,28.5,26.1,27.3,8.4
23/02/1994,28.5,26.0,27.2,6.8
24/02/1994,28.5,26.0,27.2,8.9
25/02/1994,28.4,25.9,27.2,9.4
26/02/1994,28.3,26.0,27.2,9.5
27/02/1994,28.3,25.9,27.1,12.1
28/02/1994,28.3,25.8,27.0,15.0
01/03/1994,,,,2.6
02/03/1994,28.2,26.1,27.2,3.7
03/03/1994,28.4,26.0,27.2,3.7
04/03/1994,28.5,26.2,27.4,3.4
05/03/1994,28.7,26.0,27.4,4.9
06/03/1994,28.6,25.8,27.2,6.5
07/03/1994,28.6,25.6,27.1,7.2
08/03/1994,28.5,25.4,26.9,10.5
09/03/1994,28.2,25.3,26.8,12.0
10/03/1994,28.0,25.2,26.6,12.6
11/03/1994,27.9,25.3,26.6,10.6
12/03/1994,28.0,25.3,26.6,11.2
13/03/1994,28.1,25.3,26.7,10.0
14/03/1994,28.0,25.4,26.7,9.5
15/03/1994,28.1,25.4,26.8,11.2
16/03/1994,27.7,25.5,26.6,10.3
17/03/1994,27.9,25.6,26.8,10.1
18/03/1994,28.0,25.5,26.8,8.1
19/03/1994,28.1,25.7,26.9,8.6
20/03/1994,28.2,25.5,26.8,6.1
21/03/1994,28.3,25.6,26.9,7.2
22/03/1994,28.2,25.7,26.9,7.6
23/03/1994,28.3,25.6,27.0,6.8
24/03/1994,28.5,25.5,27.0,7.3
25/03/1994,28.3,25.5,26.9,9.8
26/03/1994,28.3,25.4,26.8,9.1
27/03/1994,28.2,25.4,26.8,8.9
28/03/1994,28.3,25.4,26.9,8.4
29/03/1994,28.1,25.5,26.8,7.4
30/03/1994,28.3,25.5,26.9,7.7
31/03/1994,28.4,25.5,26.9,7.6
01/04/1994,,,,1.5
02/04/1994,29.0,26.2,27.6,5.0
03/04/1994,28.6,25.3,26.9,13.9
04/04/1994,27.9,25.1,26.5,15.0
05/04/1994,27.4,25.0,26.2,16.2
06/04/1994,27.5,25.1,26.3,13.3
07/04/1994,27.5,25.2,26.3,11.1
08/04/1994,27.9,25.2,26.6,7.9
09/04/1994,28.3,25.3,26.8,5.8
10/04/1994,28.2,25.5,26.8,4.7
11/04/1994,28.4,25.6,27.0,6.4
12/04/1994,28.2,25.5,26.9,7.3
13/04/1994,28.2,25.5,26.8,8.2
14/04/1994,28.0,25.4,26.7,8.1
15/04/1994,27.9,25.3,26.6,7.2
16/04/1994,27.9,25.5,26.7,7.1
17/04/1994,28.1,25.5,26.8,6.9
18/04/1994,28.0,25.6,26.8,8.3
19/04/1994,28.0,25.5,26.7,7.6
20/04/1994,28.2,25.6,26.9,7.9
21/04/1994,28.0,25.6,26.8,9.9
22/04/1994,27.9,25.5,26.7,9.3
23/04/1994,28.0,25.6,26.8,9.1
24/04/1994,28.1,25.7,26.9,5.9
25/04/1994,28.0,25.6,26.8,4.8
26/04/1994,28.1,25.9,27.0,6.9
27/04/1994,28.2,25.7,26.9,6.9
28/04/1994,28.0,25.8,26.9,6.1
29/04/1994,28.0,26.0,27.0,4.6
30/04/1994,28.1,25.9,27.0,5.6
01/05/1994,,,,0.6
02/05/1994,28.6,26.5,27.5,0.6
03/05/1994,28.5,26.1,27.3,1.7
04/05/1994,28.4,25.8,27.1,4.2
05/05/1994,28.1,25.7,26.9,7.7
06/05/1994,27.8,25.4,26.6,17.2
07/05/1994,27.5,25.1,26.3,16.2
08/05/1994,27.2,25.2,26.2,8.9
09/05/1994,27.3,25.4,26.4,4.6
10/05/1994,27.6,25.6,26.6,2.4
11/05/1994,27.8,25.7,26.7,1.6
12/05/1994,27.7,25.7,26.7,2.5
13/05/1994,27.8,25.7,26.8,6.4
14/05/1994,27.6,25.5,26.6,8.2
15/05/1994,27.5,25.4,26.5,9.2
16/05/1994,27.4,25.3,26.4,8.4
17/05/1994,27.4,25.4,26.4,4.8
18/05/1994,27.5,25.4,26.5,4.7
19/05/1994,27.6,25.4,26.5,3.0
20/05/1994,27.6,25.7,26.6,2.9
21/05/1994,27.6,25.6,26.6,2.0
22/05/1994,27.6,25.5,26.6,2.8
23/05/1994,27.4,25.4,26.4,2.1
24/05/1994,27.4,25.4,26.4,2.0
25/05/1994,27.4,25.4,26.4,2.7
26/05/1994,27.3,25.3,26.3,2.3
27/05/1994,27.4,25.5,26.4,2.4
28/05/1994,27.4,25.4,26.4,2.7
29/05/1994,27.3,25.3,26.3,1.7
30/05/1994,27.3,25.4,26.3,1.6
31/05/1994,27.2,25.3,26.3,3.5
01/06/1994,,,,2.4
02/06/1994,27.8,25.5,26.6,1.2
03/06/1994,27.2,25.6,26.4,0.2
04/06/1994,27.2,25.3,26.3,0.2
05/06/1994,27.2,25.4,26.3,0.5
06/06/1994,27.3,25.2,26.2,0.6
07/06/1994,27.1,25.2,26.2,0.6
08/06/1994,27.1,25.3,26.2,0.6
09/06/1994,27.2,25.4,26.3,1.2
10/06/1994,27.2,25.3,26.2,1.1
11/06/1994,27.3,25.1,26.2,1.1
12/06/1994,27.1,25.1,26.1,0.8
13/06/1994,27.1,25.2,26.1,0.7
14/06/1994,27.1,25.1,26.1,0.7
15/06/1994,27.3,25.0,26.2,0.5
16/06/1994,27.3,25.0,26.2,0.5
17/06/1994,27.3,24.9,26.1,0.6
18/06/1994,27.2,24.8,26.0,0.8
19/06/1994,27.0,24.7,25.9,0.9
20/06/1994,26.9,24.6,25.7,1.0
21/06/1994,26.8,24.6,25.7,0.8
22/06/1994,27.1,24.7,25.9,0.8
23/06/1994,26.9,24.7,25.8,1.2
24/06/1994,26.9,24.5,25.7,1.0
25/06/1994,26.8,24.6,25.7,1.2
26/06/1994,27.0,24.5,25.7,1.5
27/06/1994,26.8,24.6,25.7,2.2
28/06/1994,26.8,24.6,25.7,2.6
29/06/1994,26.7,24.6,25.6,1.7
30/06/1994,26.8,24.7,25.7,1.7
01/07/1994,,,,0.4
02/07/1994,26.3,24.3,25.3,0.8
03/07/1994,26.3,24.0,25.1,1.6
04/07/1994,26.6,23.7,25.2,1.2
05/07/1994,26.3,24.1,25.2,0.8
06/07/1994,26.3,24.2,25.3,1.7
07/07/1994,26.2,24.4,25.3,1.6
08/07/1994,26.2,24.4,25.3,1.4
09/07/1994,26.1,24.4,25.3,1.2
10/07/1994,26.3,24.2,25.3,1.1
11/07/1994,26.3,24.3,25.3,1.0
12/07/1994,26.4,24.4,25.4,0.7
13/07/1994,26.5,24.3,25.4,1.0
14/07/1994,26.4,24.2,25.3,1.0
15/07/1994,26.2,24.2,25.2,1.2
16/07/1994,26.3,24.0,25.1,1.1
17/07/1994,26.0,24.0,25.0,1.0
18/07/1994,26.1,23.8,25.0,0.8
19/07/1994,26.1,23.9,25.0,0.9
20/07/1994,26.2,23.9,25.1,0.6
21/07/1994,26.2,24.0,25.1,0.7
22/07/1994,26.1,23.8,25.0,0.6
23/07/1994,26.2,23.8,25.0,0.5
24/07/1994,26.3,23.7,25.0,0.4
25/07/1994,26.2,23.7,25.0,0.7
26/07/1994,26.1,23.7,24.9,0.7
27/07/1994,26.1,23.7,24.9,0.8
28/07/1994,26.1,23.7,24.9,0.8
29/07/1994,26.1,23.7,24.9,0.7
30/07/1994,25.9,23.6,24.8,0.6
31/07/1994,26.1,23.7,24.9,0.7
01/08/1994,,,,0.1
02/08/1994,26.5,23.7,25.1,0.2
03/08/1994,25.8,24.0,24.9,1.1
04/08/1994,26.2,24.1,25.2,1.7
05/08/1994,26.6,24.2,25.4,1.7
06/08/1994,26.4,24.5,25.5,1.0
07/08/1994,26.5,24.5,25.5,0.8
08/08/1994,26.7,24.4,25.5,0.7
09/08/1994,26.7,24.2,25.4,0.3
10/08/1994,26.7,24.0,25.3,0.2
11/08/1994,26.4,23.8,25.1,0.3
12/08/1994,26.3,23.7,25.0,0.4
13/08/1994,26.2,23.7,25.0,0.6
14/08/1994,26.1,23.8,24.9,0.7
15/08/1994,26.2,23.9,25.0,0.5
16/08/1994,26.3,23.9,25.1,0.7
17/08/1994,26.2,23.9,25.0,0.7
18/08/1994,26.2,23.9,25.0,0.7
19/08/1994,26.4,23.8,25.1,0.6
20/08/1994,26.4,23.9,25.2,0.5
21/08/1994,26.3,23.8,25.1,0.4
22/08/1994,26.4,23.9,25.1,0.5
23/08/1994,26.4,23.9,25.1,0.7
24/08/1994,26.4,23.8,25.1,0.6
25/08/1994,26.3,23.8,25.1,0.5
26/08/1994,26.4,23.9,25.2,0.6
27/08/1994,26.4,23.9,25.2,0.4
28/08/1994,26.4,24.0,25.2,0.4
29/08/1994,26.6,23.9,25.2,0.5
30/08/1994,26.7,23.9,25.3,0.4
31/08/1994,26.7,23.9,25.3,0.3
01/09/1994,,,,0.3
02/09/1994,26.9,24.0,25.5,1.0
03/09/1994,26.9,24.1,25.5,0.9
04/09/1994,26.6,24.2,25.4,0.6
05/09/1994,26.8,24.3,25.5,0.5
06/09/1994,26.9,24.2,25.5,0.3
07/09/1994,27.0,24.4,25.7,0.3
08/09/1994,27.2,24.4,25.8,0.2
09/09/1994,27.4,24.3,25.9,0.1
10/09/1994,27.6,24.1,25.8,0.1
11/09/1994,27.4,23.9,25.7,0.1
12/09/1994,27.3,24.0,25.6,0.1
13/09/1994,27.3,24.0,25.6,0.1
14/09/1994,27.4,23.8,25.6,0.0
15/09/1994,27.5,23.7,25.6,0.1
16/09/1994,27.5,23.8,25.7,0.1
17/09/1994,27.5,23.9,25.7,0.2
18/09/1994,27.4,24.1,25.7,0.2
19/09/1994,27.5,24.1,25.8,0.2
20/09/1994,27.6,24.0,25.8,0.1
21/09/1994,27.7,24.0,25.9,0.1
22/09/1994,27.8,23.9,25.9,0.1
23/09/1994,27.9,23.8,25.8,0.2
24/09/1994,27.9,24.0,25.9,0.1
25/09/1994,28.0,24.0,26.0,0.1
26/09/1994,27.9,24.0,26.0,0.1
27/09/1994,28.1,24.0,26.0,0.1
28/09/1994,28.1,24.2,26.2,0.2
29/09/1994,28.2,24.2,26.2,0.2
30/09/1994,28.1,24.2,26.2,0.1
01/10/1994,,,,0.0
02/10/1994,28.2,23.4,25.8,0.0
03/10/1994,28.2,23.7,25.9,0.0
04/10/1994,28.1,23.4,25.7,0.0
05/10/1994,28.1,24.0,26.1,0.2
06/10/1994,28.9,24.7,26.8,1.2
07/10/1994,29.0,25.0,27.0,2.7
08/10/1994,28.6,25.2,26.9,3.0
09/10/1994,28.7,25.2,27.0,2.2
10/10/1994,28.2,25.3,26.7,0.5
11/10/1994,28.4,25.3,26.9,0.2
12/10/1994,28.4,25.2,26.8,0.2
13/10/1994,28.4,25.2,26.8,0.3
14/10/1994,28.6,25.2,26.9,0.5
15/10/1994,28.6,25.1,26.8,0.3
16/10/1994,28.8,24.8,26.8,0.3
17/10/1994,28.9,24.7,26.8,0.1
18/10/1994,28.9,24.6,26.8,0.1
19/10/1994,28.9,24.8,26.8,0.2
20/10/1994,29.0,24.8,26.9,0.4
21/10/1994,29.0,25.0,27.0,0.2
22/10/1994,29.0,25.1,27.0,0.4
23/10/1994,29.0,25.2,27.1,0.4
24/10/1994,28.9,25.4,27.2,0.5
25/10/1994,29.0,25.3,27.2,0.4
26/10/1994,29.0,25.4,27.2,0.3
27/10/1994,29.0,25.3,27.2,0.3
28/10/1994,29.1,25.4,27.3,0.6
29/10/1994,29.1,25.5,27.3,0.6
30/10/1994,29.2,25.5,27.3,0.3
31/10/1994,29.2,25.4,27.3,0.3
01/11/1994,,,,1.5
02/11/1994,30.0,25.5,27.8,1.2
03/11/1994,29.7,25.5,27.6,0.3
04/11/1994,29.8,26.2,28.0,0.3
05/11/1994,29.9,25.9,27.9,0.2
06/11/1994,29.8,25.9,27.8,0.1
07/11/1994,29.9,25.5,27.7,0.0
08/11/1994,30.0,25.1,27.6,0.0
09/11/1994,30.1,25.3,27.7,0.0
10/11/1994,30.0,25.7,27.8,0.1
11/11/1994,30.1,25.7,27.9,0.2
12/11/1994,30.1,25.7,27.9,0.2
13/11/1994,30.0,25.8,27.9,0.5
14/11/1994,29.9,25.9,27.9,0.4
15/11/1994,29.9,25.8,27.9,0.4
16/11/1994,30.1,25.7,27.9,0.5
17/11/1994,30.3,25.8,28.0,0.7
18/11/1994,30.2,25.9,28.0,1.0
19/11/1994,30.2,26.0,28.1,1.1
20/11/1994,30.2,26.1,28.2,1.2
21/11/1994,30.3,26.2,28.2,1.1
22/11/1994,30.3,26.2,28.2,1.4
23/11/1994,30.3,26.3,28.3,1.8
24/11/1994,30.1,26.3,28.2,1.7
25/11/1994,30.0,26.3,28.1,1.8
26/11/1994,30.1,26.3,28.2,2.0
27/11/1994,30.2,26.3,28.2,1.4
28/11/1994,30.1,26.4,28.3,2.3
29/11/1994,30.0,26.3,28.2,2.0
30/11/1994,30.2,26.4,28.3,2.3
01/12/1994,,,,0.8
02/12/1994,30.5,25.9,28.2,0.8
03/12/1994,30.0,26.0,28.0,2.8
04/12/1994,29.6,25.9,27.8,4.1
05/12/1994,29.2,25.7,27.5,5.2
06/12/1994,29.0,25.4,27.2,7.0
07/12/1994,28.7,25.6,27.2,5.4
08/12/1994,28.9,25.8,27.4,3.8
09/12/1994,29.2,25.8,27.5,2.5
10/12/1994,29.4,26.0,27.7,2.6
11/12/1994,29.5,26.1,27.8,2.8
12/12/1994,29.5,26.1,27.8,2.3
13/12/1994,29.6,26.2,27.9,1.9
14/12/1994,29.8,26.3,28.0,2.5
15/12/1994,29.8,26.1,27.9,1.5
16/12/1994,29.9,26.3,28.1,2.0
17/12/1994,29.9,26.3,28.1,2.5
18/12/1994,29.9,26.4,28.2,4.6
19/12/1994,29.8,26.2,28.0,4.3
20/12/1994,29.5,26.2,27.9,4.4
21/12/1994,29.6,26.1,27.8,4.3
22/12/1994,29.6,26.3,28.0,5.2
23/12/1994,29.5,26.4,28.0,5.6
24/12/1994,29.8,26.4,28.1,5.9
25/12/1994,29.5,26.3,27.9,6.6
26/12/1994,29.4,26.3,27.8,8.2
27/12/1994,29.4,26.0,27.7,9.6
28/12/1994,29.1,26.0,27.6,12.7
29/12/1994,28.8,25.8,27.3,10.5
30/12/1994,28.6,25.7,27.2,14.3
31/12/1994,28.5,25.7,27.1,15.3
01/01/1995,,,,1.2
02/01/1995,29.8,26.4,28.1,4.1
03/01/1995,29.3,26.0,27.7,3.6
04/01/1995,29.3,26.4,27.9,5.7
05/01/1995,29.4,26.2,27.8,6.5
06/01/1995,29.3,26.1,27.7,6.2
07/01/1995,29.1,26.0,27.5,7.6
08/01/1995,28.8,25.8,27.3,9.1
09/01/1995,28.9,25.8,27.3,8.5
10/01/1995,28.7,25.9,27.3,10.1
11/01/1995,29.0,25.7,27.3,14.9
12/01/1995,28.6,25.5,27.1,19.1
13/01/1995,28.1,25.4,26.8,20.8
14/01/1995,27.9,25.3,26.6,14.9
15/01/1995,28.2,25.5,26.9,14.4
16/01/1995,28.3,25.7,27.0,13.8
17/01/1995,28.4,25.7,27.0,16.3
18/01/1995,28.1,25.6,26.8,15.8
19/01/1995,28.2,25.6,26.9,17.9
20/01/1995,28.0,25.5,26.8,16.2
21/01/1995,28.2,25.7,26.9,14.1
22/01/1995,28.3,25.8,27.0,11.2
23/01/1995,28.4,26.0,27.2,10.9
24/01/1995,28.4,26.1,27.2,9.1
25/01/1995,28.4,26.0,27.2,8.2
26/01/1995,28.4,26.1,27.3,8.2
27/01/1995,28.5,26.2,27.4,8.8
28/01/1995,28.5,26.1,27.3,9.6
29/01/1995,28.4,26.0,27.2,11.2
30/01/1995,28.3,25.8,27.1,8.8
31/01/1995,28.4,26.1,27.2,9.3
01/02/1995,,,,5.5
02/02/1995,28.0,25.6,26.8,3.4
03/02/1995,28.5,26.1,27.3,2.1
04/02/1995,28.8,26.4,27.6,3.7
05/02/1995,28.8,26.0,27.4,8.4
06/02/1995,28.3,25.6,26.9,10.2
07/02/1995,28.0,25.5,26.7,8.6
08/02/1995,28.1,25.5,26.8,10.1
09/02/1995,28.2,25.6,26.9,7.7
10/02/1995,28.2,25.8,27.0,6.7
11/02/1995,28.6,25.8,27.2,6.4
12/02/1995,28.6,26.1,27.3,6.7
13/02/1995,28.7,26.0,27.4,10.1
14/02/1995,28.4,25.9,27.1,10.1
15/02/1995,28.3,25.7,27.0,10.6
16/02/1995,28.3,25.8,27.1,14.6
17/02/1995,28.2,25.7,27.0,11.6
18/02/1995,28.4,25.9,27.1,11.1
19/02/1995,28.3,25.8,27.0,10.4
20/02/1995,28.3,25.8,27.0,13.2
21/02/1995,28.2,25.7,26.9,15.5
22/02/1995,28.0,25.6,26.8,16.7
23/02/1995,27.8,25.6,26.7,14.0
24/02/1995,27.8,25.6,26.7,16.8
25/02/1995,27.8,25.5,26.7,12.1
26/02/1995,27.9,25.6,26.7,9.9
27/02/1995,28.0,25.7,26.8,10.1
28/02/1995,28.1,25.8,27.0,11.1
01/03/1995,,,,11.8
02/03/1995,27.2,25.2,26.2,4.3
03/03/1995,27.9,26.1,27.0,2.2
04/03/1995,28.6,26.3,27.5,13.8
05/03/1995,28.1,25.6,26.8,6.1
06/03/1995,27.9,25.8,26.9,5.5
07/03/1995,28.1,25.9,27.0,6.2
08/03/1995,27.9,26.0,26.9,9.5
09/03/1995,28.0,25.8,26.9,8.7
10/03/1995,27.8,25.8,26.8,10.5
11/03/1995,28.0,25.6,26.8,8.8
12/03/1995,27.8,25.4,26.6,5.3
13/03/1995,28.0,25.5,26.8,5.9
14/03/1995,28.1,25.6,26.9,6.2
15/03/1995,28.3,25.6,26.9,5.6
16/03/1995,28.1,25.6,26.9,8.9
17/03/1995,28.1,25.5,26.8,6.3
18/03/1995,28.2,25.6,26.9,6.9
19/03/1995,28.3,25.5,26.9,6.9
20/03/1995,28.2,25.6,26.9,8.8
21/03/1995,28.3,25.5,26.9,9.2
22/03/1995,28.2,25.5,26.9,6.1
23/03/1995,28.4,25.7,27.0,4.2
24/03/1995,28.5,25.8,27.1,4.7
25/03/1995,28.6,25.7,27.2,3.9
26/03/1995,28.5,25.7,27.1,4.7
27/03/1995,28.6,25.8,27.2,3.2
28/03/1995,28.6,25.8,27.2,4.3
29/03/1995,28.7,25.8,27.2,4.0
30/03/1995,28.7,25.7,27.2,4.7
31/03/1995,28.7,25.8,27.3,3.8
01/04/1995,,,,21.0
02/04/1995,27.6,24.9,26.3,20.3
03/04/1995,27.2,25.3,26.3,9.1
04/04/1995,28.0,25.5,26.8,4.9
05/04/1995,28.6,25.7,27.1,7.9
06/04/1995,28.6,25.6,27.1,7.9
07/04/1995,28.5,25.6,27.1,11.1
08/04/1995,28.2,25.4,26.8,8.7
09/04/1995,28.2,25.4,26.8,11.5
10/04/1995,28.3,25.3,26.8,12.5
11/04/1995,28.0,25.3,26.7,11.4
12/04/1995,28.1,25.5,26.8,8.2
13/04/1995,28.0,25.6,26.8,10.5
14/04/1995,27.8,25.5,26.6,9.7
15/04/1995,27.9,25.5,26.7,7.9
16/04/1995,28.0,25.5,26.8,8.4
17/04/1995,27.9,25.5,26.7,11.9
18/04/1995,28.0,25.6,26.8,7.8
19/04/1995,28.1,25.6,26.8,9.0
20/04/1995,28.0,25.5,26.8,7.0
21/04/1995,28.1,25.4,26.8,5.4
22/04/1995,28.0,25.7,26.9,5.5
23/04/1995,28.1,25.7,26.9,4.7
24/04/1995,28.2,25.8,27.0,4.5
25/04/1995,28.2,25.8,27.0,4.3
26/04/1995,28.1,25.8,27.0,3.9
27/04/1995,28.2,25.9,27.1,5.7
28/04/1995,28.3,25.8,27.0,7.6
29/04/1995,28.1,25.9,27.0,10.9
30/04/1995,28.1,25.8,27.0,10.2
01/05/1995,,,,2.4
02/05/1995,29.4,25.6,27.5,1.4
03/05/1995,29.0,26.1,27.5,4.0
04/05/1995,28.8,26.0,27.4,4.1
05/05/1995,28.8,25.8,27.3,3.9
06/05/1995,28.6,26.1,27.3,9.5
07/05/1995,28.5,25.6,27.0,9.2
08/05/1995,28.0,25.7,26.9,10.1
09/05/1995,28.3,25.7,27.0,8.6
10/05/1995,28.2,25.8,27.0,8.0
11/05/1995,28.3,25.9,27.1,7.2
12/05/1995,28.3,25.9,27.1,7.7
13/05/1995,28.1,25.8,27.0,8.0
14/05/1995,28.0,25.8,26.9,4.5
15/05/1995,28.1,26.0,27.1,3.4
16/05/1995,28.2,26.0,27.1,2.7
17/05/1995,28.3,26.2,27.3,3.3
18/05/1995,28.4,26.2,27.3,3.2
19/05/1995,28.4,26.2,27.3,3.1
20/05/1995,28.5,26.0,27.3,2.8
21/05/1995,28.3,26.1,27.2,5.0
22/05/1995,28.4,25.8,27.1,4.4
23/05/1995,28.1,26.0,27.0,3.9
24/05/1995,28.2,25.8,27.0,4.4
25/05/1995,28.1,25.9,27.0,6.3
26/05/1995,28.1,25.7,26.9,7.0
27/05/1995,27.9,25.7,26.8,4.1
28/05/1995,28.1,25.7,26.9,3.7
29/05/1995,28.0,25.8,26.9,2.5
30/05/1995,28.1,25.8,27.0,3.5
31/05/1995,28.2,25.7,26.9,3.6
01/06/1995,,,,4.2
02/06/1995,28.0,25.4,26.7,3.5
03/06/1995,27.6,25.6,26.6,6.6
04/06/1995,27.5,25.2,26.3,5.8
05/06/1995,27.4,25.4,26.4,3.7
06/06/1995,27.5,25.6,26.6,2.9
07/06/1995,27.5,26.0,26.7,3.3
08/06/1995,27.6,25.6,26.6,3.4
09/06/1995,27.5,25.7,26.6,2.4
10/06/1995,27.5,25.7,26.6,2.3
11/06/1995,27.6,25.7,26.6,1.4
12/06/1995,27.8,25.9,26.8,1.5
13/06/1995,27.8,25.8,26.8,1.1
14/06/1995,27.7,25.8,26.8,0.7
15/06/1995,27.7,25.8,26.8,1.0
16/06/1995,27.8,25.6,26.7,1.1
17/06/1995,27.7,25.6,26.7,1.4
18/06/1995,27.8,25.5,26.6,1.6
19/06/1995,27.7,25.6,26.7,2.2
20/06/1995,27.5,25.4,26.5,2.4
21/06/1995,27.4,25.4,26.4,3.1
22/06/1995,27.2,25.3,26.3,2.9
23/06/1995,27.1,25.1,26.1,2.4
24/06/1995,27.1,25.0,26.1,3.0
25/06/1995,27.0,25.0,26.0,2.5
26/06/1995,27.1,25.1,26.1,1.8
27/06/1995,27.1,25.2,26.1,1.4
28/06/1995,27.2,25.2,26.2,2.1
29/06/1995,27.1,25.1,26.1,3.4
30/06/1995,27.0,25.0,26.0,1.7
01/07/1995,,,,5.1
02/07/1995,26.6,24.4,25.5,2.2
03/07/1995,26.5,24.7,25.6,1.9
04/07/1995,26.4,24.9,25.7,2.4
05/07/1995,26.5,24.6,25.6,3.3
06/07/1995,26.2,24.4,25.3,1.9
07/07/1995,26.4,24.8,25.6,2.0
08/07/1995,26.4,24.8,25.6,1.9
09/07/1995,26.4,24.8,25.6,1.8
10/07/1995,26.5,24.7,25.6,1.7
11/07/1995,26.3,24.5,25.4,1.0
12/07/1995,26.3,24.3,25.3,0.6
13/07/1995,26.3,24.3,25.3,0.6
14/07/1995,26.4,24.3,25.3,0.8
15/07/1995,26.4,24.4,25.4,0.8
16/07/1995,26.5,24.5,25.5,0.9
17/07/1995,26.6,24.5,25.5,0.9
18/07/1995,26.5,24.4,25.4,1.0
19/07/1995,26.4,24.4,25.4,1.2
20/07/1995,26.4,24.4,25.4,1.3
21/07/1995,26.5,24.4,25.4,1.2
22/07/1995,26.4,24.4,25.4,0.8
23/07/1995,26.4,24.4,25.4,0.8
24/07/1995,26.4,24.3,25.3,0.8
25/07/1995,26.3,24.4,25.3,0.9
26/07/1995,26.5,24.4,25.4,0.9
27/07/1995,26.4,24.3,25.4,0.7
28/07/1995,26.5,24.3,25.4,0.8
29/07/1995,26.4,24.3,25.4,0.6
30/07/1995,26.5,24.4,25.5,0.5
31/07/1995,26.7,24.4,25.6,0.7
01/08/1995,,,,1.5
02/08/1995,27.2,24.9,26.0,1.3
03/08/1995,26.7,25.0,25.9,2.6
04/08/1995,26.4,24.7,25.6,5.9
05/08/1995,26.1,24.4,25.3,3.4
06/08/1995,26.1,24.5,25.3,2.9
07/08/1995,26.2,24.4,25.3,1.7
08/08/1995,25.9,24.3,25.1,1.7
09/08/1995,26.0,24.2,25.1,1.1
10/08/1995,25.9,24.2,25.1,1.2
11/08/1995,25.8,24.2,25.0,1.6
12/08/1995,25.8,24.1,25.0,1.4
13/08/1995,26.0,24.3,25.1,1.6
14/08/1995,26.1,24.4,25.3,1.2
15/08/1995,26.4,24.6,25.5,1.5
16/08/1995,26.4,24.6,25.5,1.4
17/08/1995,26.4,24.7,25.6,1.3
18/08/1995,26.5,24.7,25.6,1.2
19/08/1995,26.5,24.7,25.6,1.2
20/08/1995,26.6,24.7,25.7,1.1
21/08/1995,26.7,24.7,25.7,1.0
22/08/1995,26.7,24.7,25.7,1.0
23/08/1995,26.8,24.7,25.8,1.2
24/08/1995,26.8,24.8,25.8,0.7
25/08/1995,26.9,24.7,25.8,0.7
26/08/1995,27.1,24.7,25.9,0.9
27/08/1995,27.0,24.7,25.9,0.8
28/08/1995,27.1,24.7,25.9,0.7
29/08/1995,27.0,24.6,25.8,0.8
30/08/1995,27.1,24.6,25.8,0.6
31/08/1995,27.1,24.5,25.8,0.4
01/09/1995,,,,0.2
02/09/1995,27.5,24.4,26.0,0.4
03/09/1995,27.8,24.7,26.2,1.6
04/09/1995,27.6,24.9,26.3,1.3
05/09/1995,27.7,25.0,26.4,1.7
06/09/1995,27.8,24.8,26.3,0.3
07/09/1995,28.0,24.2,26.1,0.1
08/09/1995,28.0,24.2,26.1,0.1
09/09/1995,28.0,24.5,26.2,0.1
10/09/1995,28.0,24.7,26.3,0.2
11/09/1995,27.9,24.8,26.4,0.1
12/09/1995,27.8,24.8,26.3,0.2
13/09/1995,27.8,24.6,26.2,0.5
14/09/1995,27.8,24.7,26.2,1.0
15/09/1995,27.7,24.9,26.3,1.3
16/09/1995,27.7,25.0,26.4,0.9
17/09/1995,27.8,25.1,26.5,0.8
18/09/1995,27.8,25.0,26.4,0.6
19/09/1995,28.0,25.1,26.5,0.5
20/09/1995,28.2,25.1,26.6,0.6
21/09/1995,28.2,25.1,26.6,0.8
22/09/1995,28.1,25.1,26.6,0.8
23/09/1995,28.1,25.1,26.6,0.4
24/09/1995,28.2,25.1,26.7,0.4
25/09/1995,28.3,25.1,26.7,0.5
26/09/1995,28.2,25.2,26.7,0.9
27/09/1995,28.2,25.3,26.7,0.8
28/09/1995,28.2,25.2,26.7,0.8
29/09/1995,28.3,25.2,26.8,0.6
30/09/1995,28.4,25.2,26.8,0.5
01/10/1995,,,,0.1
02/10/1995,29.0,25.0,27.0,0.2
03/10/1995,28.6,25.0,26.8,0.6
04/10/1995,29.0,24.9,27.0,1.7
05/10/1995,28.7,25.2,27.0,2.0
06/10/1995,28.7,25.5,27.1,1.3
07/10/1995,29.0,25.4,27.2,1.6
08/10/1995,29.0,25.6,27.3,1.8
09/10/1995,28.9,25.7,27.3,1.3
10/10/1995,29.1,25.8,27.4,1.2
11/10/1995,29.1,25.8,27.4,1.4
12/10/1995,28.9,25.9,27.4,1.7
13/10/1995,28.8,25.7,27.3,0.5
14/10/1995,29.1,25.6,27.3,0.5
15/10/1995,29.1,25.6,27.3,0.8
16/10/1995,29.2,25.6,27.4,1.4
17/10/1995,29.3,25.6,27.5,0.8
18/10/1995,29.3,25.7,27.5,1.1
19/10/1995,29.4,25.8,27.6,1.3
20/10/1995,29.4,25.8,27.6,1.3
21/10/1995,29.4,25.7,27.5,0.9
22/10/1995,29.4,25.9,27.6,1.0
23/10/1995,29.5,25.9,27.7,1.3
24/10/1995,29.5,26.0,27.8,1.5
25/10/1995,29.3,26.0,27.7,1.4
26/10/1995,29.4,26.1,27.8,1.6
27/10/1995,29.4,26.0,27.7,1.9
28/10/1995,29.3,26.1,27.7,1.1
29/10/1995,29.4,26.2,27.8,1.3
30/10/1995,29.6,26.3,27.9,1.3
31/10/1995,29.7,26.2,28.0,2.1
01/11/1995,,,,0.2
02/11/1995,29.9,26.6,28.2,2.4
03/11/1995,29.7,26.2,28.0,3.0
04/11/1995,29.2,26.1,27.6,3.9
05/11/1995,29.6,26.2,27.9,3.0
06/11/1995,30.0,26.3,28.2,2.6
07/11/1995,29.8,26.3,28.1,2.9
08/11/1995,29.6,26.2,27.9,3.2
09/11/1995,29.6,26.3,28.0,4.4
10/11/1995,29.6,26.2,27.9,4.4
11/11/1995,29.7,26.3,28.0,4.5
12/11/1995,29.6,26.4,28.0,2.4
13/11/1995,29.7,26.5,28.1,2.4
14/11/1995,29.7,26.5,28.1,3.1
15/11/1995,29.8,26.4,28.1,3.0
16/11/1995,30.0,26.5,28.2,5.0
17/11/1995,29.7,26.3,28.0,5.1
18/11/1995,29.6,26.2,27.9,4.6
19/11/1995,29.5,26.2,27.9,5.2
20/11/1995,29.5,26.1,27.8,4.9
21/11/1995,29.4,26.2,27.8,5.0
22/11/1995,29.5,26.3,27.9,6.7
23/11/1995,29.4,26.2,27.8,6.6
24/11/1995,29.3,26.2,27.7,8.5
25/11/1995,29.2,26.0,27.6,9.7
26/11/1995,29.1,26.1,27.6,9.3
27/11/1995,29.1,26.0,27.5,10.8
28/11/1995,29.1,26.1,27.6,9.6
29/11/1995,29.1,26.1,27.6,10.6
30/11/1995,29.3,26.2,27.8,13.0
01/12/1995,,,,4.7
02/12/1995,29.4,26.1,27.7,6.0
03/12/1995,29.3,26.1,27.7,9.7
04/12/1995,29.2,26.1,27.6,12.1
05/12/1995,28.8,25.8,27.3,14.2
06/12/1995,28.4,25.7,27.1,15.6
07/12/1995,28.7,25.5,27.1,14.5
08/12/1995,28.5,25.7,27.1,15.2
09/12/1995,28.5,25.7,27.1,12.6
10/12/1995,28.5,25.7,27.1,15.5
11/12/1995,28.4,25.6,27.0,12.7
12/12/1995,28.5,25.8,27.1,11.5
13/12/1995,28.4,25.8,27.1,11.4
14/12/1995,28.4,25.8,27.1,9.0
15/12/1995,28.7,25.9,27.3,6.0
16/12/1995,28.7,26.0,27.4,9.1
17/12/1995,28.7,25.8,27.2,8.6
18/12/1995,28.6,25.8,27.2,11.5
19/12/1995,28.5,25.7,27.1,12.7
20/12/1995,28.2,25.7,27.0,11.5
21/12/1995,28.3,25.8,27.0,10.8
22/12/1995,28.5,25.7,27.1,10.0
23/12/1995,28.3,25.8,27.0,9.1
24/12/1995,28.5,25.9,27.2,7.8
25/12/1995,28.6,25.8,27.2,7.1
26/12/1995,28.8,26.0,27.4,6.7
27/12/1995,28.8,26.0,27.4,6.8
28/12/1995,28.8,26.0,27.4,6.9
29/12/1995,28.8,25.9,27.4,7.1
30/12/1995,28.6,26.0,27.3,9.8
31/12/1995,28.6,25.9,27.3,8.3
01/01/1996,,,,5.2
02/01/1996,29.0,25.9,27.5,5.8
03/01/1996,28.9,25.8,27.4,16.4
04/01/1996,28.2,25.4,26.8,15.9
05/01/1996,27.9,25.5,26.7,11.1
06/01/1996,28.0,25.5,26.7,7.7
07/01/1996,28.5,25.9,27.2,5.6
08/01/1996,28.7,26.0,27.4,6.7
09/01/1996,28.7,26.0,27.3,9.1
10/01/1996,28.7,25.7,27.2,10.8
11/01/1996,28.5,25.7,27.1,10.0
12/01/1996,28.2,25.8,27.0,9.9
13/01/1996,28.3,25.7,27.0,9.5
14/01/1996,28.4,25.7,27.1,10.4
15/01/1996,28.7,25.7,27.2,10.4
16/01/1996,28.6,25.7,27.1,11.0
17/01/1996,28.5,25.7,27.1,11.3
18/01/1996,28.3,25.6,27.0,9.3
19/01/1996,28.4,25.9,27.2,11.6
20/01/1996,28.3,25.7,27.0,12.1
21/01/1996,28.5,25.7,27.1,11.9
22/01/1996,28.3,25.7,27.0,13.7
23/01/1996,28.2,25.6,26.9,11.3
24/01/1996,28.2,25.8,27.0,13.1
25/01/1996,28.2,25.7,26.9,15.8
26/01/1996,28.2,25.6,26.9,16.6
27/01/1996,27.8,25.5,26.7,11.6
28/01/1996,28.2,25.6,26.9,11.1
29/01/1996,28.2,25.5,26.8,12.7
30/01/1996,28.1,25.6,26.8,11.4
31/01/1996,28.1,25.6,26.8,10.6
01/02/1996,,,,8.9
02/02/1996,28.1,25.6,26.9,6.3
03/02/1996,28.3,25.7,27.0,8.3
04/02/1996,28.8,25.5,27.2,3.2
05/02/1996,28.2,25.4,26.8,3.8
06/02/1996,28.5,25.7,27.1,6.1
07/02/1996,28.4,25.7,27.1,6.3
08/02/1996,28.7,25.6,27.2,11.8
09/02/1996,27.8,25.3,26.6,8.1
10/02/1996,28.1,25.7,26.9,4.7
11/02/1996,28.6,26.0,27.3,5.5
12/02/1996,28.8,25.7,27.3,9.0
13/02/1996,28.6,25.5,27.1,9.0
14/02/1996,28.4,25.6,27.0,10.5
15/02/1996,28.3,25.6,27.0,12.0
16/02/1996,28.4,25.7,27.0,10.8
17/02/1996,28.4,25.6,27.0,12.0
18/02/1996,28.4,25.7,27.1,10.1
19/02/1996,28.4,25.7,27.0,9.0
20/02/1996,28.4,25.8,27.1,11.7
21/02/1996,28.5,25.6,27.0,13.4
22/02/1996,28.2,25.5,26.8,9.5
23/02/1996,28.3,25.6,26.9,13.1
24/02/1996,28.3,25.5,26.9,12.0
25/02/1996,28.3,25.6,27.0,10.9
26/02/1996,28.4,25.6,27.0,11.5
27/02/1996,28.0,25.6,26.8,11.6
28/02/1996,28.2,25.7,27.0,9.3
29/02/1996,28.2,25.8,27.0,8.1
01/03/1996,,,,9.9
02/03/1996,28.2,25.2,26.7,5.4
03/03/1996,27.9,25.9,26.9,9.4
04/03/1996,28.1,25.6,26.9,7.8
05/03/1996,27.8,25.5,26.7,7.3
06/03/1996,27.9,25.7,26.8,6.7
07/03/1996,27.8,25.8,26.8,3.3
08/03/1996,28.3,26.2,27.3,2.9
09/03/1996,28.7,26.2,27.4,4.1
10/03/1996,28.5,25.9,27.2,6.0
11/03/1996,28.3,25.7,27.0,7.1
12/03/1996,28.1,25.4,26.7,5.0
13/03/1996,28.0,25.4,26.7,3.0
14/03/1996,28.4,25.7,27.1,3.2
15/03/1996,28.6,25.8,27.2,3.7
16/03/1996,28.8,25.8,27.3,4.1
17/03/1996,28.9,25.7,27.3,4.0
18/03/1996,28.8,25.9,27.3,4.9
19/03/1996,28.6,25.7,27.2,5.3
20/03/1996,28.8,25.6,27.2,5.6
21/03/1996,28.6,25.8,27.2,6.7
22/03/1996,28.7,25.6,27.2,6.0
23/03/1996,28.6,25.8,27.2,5.5
24/03/1996,28.7,25.8,27.3,5.2
25/03/1996,28.8,25.7,27.3,4.5
26/03/1996,28.9,25.8,27.4,4.2
27/03/1996,29.0,25.9,27.5,5.8
28/03/1996,28.9,26.0,27.5,5.8
29/03/1996,28.8,25.8,27.3,6.8
30/03/1996,28.7,25.7,27.2,7.2
31/03/1996,28.5,25.8,27.1,9.5
01/04/1996,,,,8.1
02/04/1996,29.5,25.4,27.5,14.8
03/04/1996,28.2,25.1,26.7,18.3
04/04/1996,27.7,25.0,26.4,26.7
05/04/1996,27.3,24.9,26.1,15.4
06/04/1996,27.3,25.3,26.3,7.3
07/04/1996,28.1,25.8,27.0,4.6
08/04/1996,28.7,26.0,27.3,6.3
09/04/1996,28.7,26.0,27.3,6.9
10/04/1996,28.7,25.7,27.2,11.4
11/04/1996,28.4,25.3,26.8,7.5
12/04/1996,28.3,25.5,26.9,5.8
13/04/1996,28.4,25.6,27.0,6.2
14/04/1996,28.5,25.8,27.2,6.7
15/04/1996,28.7,25.6,27.1,5.8
16/04/1996,28.5,25.6,27.1,5.8
17/04/1996,28.4,25.6,27.0,6.0
18/04/1996,28.5,25.9,27.2,5.0
19/04/1996,28.6,25.9,27.3,4.5
20/04/1996,28.6,26.0,27.3,8.3
21/04/1996,28.4,25.6,27.0,9.1
22/04/1996,28.3,25.7,27.0,8.9
23/04/1996,28.2,25.6,26.9,10.1
24/04/1996,28.1,25.5,26.8,11.8
25/04/1996,28.1,25.4,26.7,8.8
26/04/1996,28.1,25.5,26.8,10.5
27/04/1996,28.1,25.4,26.8,7.6
28/04/1996,28.2,25.7,27.0,6.0
29/04/1996,28.4,25.9,27.1,6.8
30/04/1996,28.2,25.8,27.0,6.7
01/05/1996,,,,8.8
02/05/1996,28.3,25.5,26.9,13.3
03/05/1996,27.8,25.3,26.6,9.9
04/05/1996,28.0,25.2,26.6,2.5
05/05/1996,28.5,26.1,27.3,0.6
06/05/1996,28.8,26.8,27.8,0.8
07/05/1996,28.8,26.2,27.5,3.6
08/05/1996,28.4,25.5,26.9,3.6
09/05/1996,28.3,25.6,27.0,2.7
10/05/1996,28.4,25.8,27.1,1.8
11/05/1996,28.6,25.9,27.3,2.1
12/05/1996,28.7,25.7,27.2,4.3
13/05/1996,28.4,25.6,27.0,5.3
14/05/1996,28.1,25.6,26.9,5.7
15/05/1996,28.2,25.7,26.9,4.2
16/05/1996,28.1,25.7,26.9,5.0
17/05/1996,27.9,25.4,26.7,5.1
18/05/1996,27.9,25.6,26.8,4.4
19/05/1996,28.0,25.7,26.8,7.9
20/05/1996,28.0,25.5,26.8,4.9
21/05/1996,27.9,25.5,26.7,5.8
22/05/1996,27.8,25.5,26.7,7.1
23/05/1996,27.8,25.6,26.7,5.4
24/05/1996,27.7,25.6,26.7,5.8
25/05/1996,27.7,25.4,26.6,7.1
26/05/1996,27.6,25.5,26.5,5.3
27/05/1996,27.7,25.5,26.6,4.4
28/05/1996,27.7,25.5,26.6,3.8
29/05/1996,27.5,25.6,26.5,3.3
30/05/1996,27.6,25.5,26.6,6.0
31/05/1996,27.5,25.5,26.5,3.8
01/06/1996,,,,0.3
02/06/1996,27.8,25.9,26.9,0.4
03/06/1996,27.6,26.0,26.8,1.8
04/06/1996,27.7,25.5,26.6,3.1
05/06/1996,27.2,25.5,26.4,2.0
06/06/1996,27.5,25.7,26.6,1.0
07/06/1996,27.6,25.6,26.6,0.9
08/06/1996,27.5,25.6,26.6,1.4
09/06/1996,27.4,25.6,26.5,2.2
10/06/1996,27.4,25.5,26.4,3.7
11/06/1996,27.2,25.4,26.3,3.7
12/06/1996,27.2,25.5,26.3,3.2
13/06/1996,27.2,25.5,26.4,3.6
14/06/1996,27.3,25.5,26.4,3.6
15/06/1996,27.4,25.4,26.4,3.1
16/06/1996,27.3,25.3,26.3,2.1
17/06/1996,27.5,25.4,26.4,2.0
18/06/1996,27.4,25.2,26.3,1.8
19/06/1996,27.3,25.1,26.2,1.5
20/06/1996,27.2,25.1,26.1,1.1
21/06/1996,27.3,25.0,26.2,1.0
22/06/1996,27.2,25.0,26.1,0.6
23/06/1996,27.2,25.2,26.2,0.9
24/06/1996,27.4,25.1,26.2,1.9
25/06/1996,27.2,25.0,26.1,2.0
26/06/1996,27.1,25.0,26.1,1.7
27/06/1996,27.2,25.1,26.2,1.6
28/06/1996,27.0,25.1,26.1,2.0
29/06/1996,27.0,25.1,26.0,1.6
30/06/1996,27.0,25.1,26.0,2.0
01/07/1996,,,,0.4
02/07/1996,27.3,25.4,26.3,2.6
03/07/1996,27.5,24.7,26.1,3.7
04/07/1996,26.9,25.1,26.0,2.6
05/07/1996,27.4,25.0,26.2,3.7
06/07/1996,27.0,24.9,25.9,4.9
07/07/1996,26.8,24.8,25.8,6.7
08/07/1996,26.7,24.8,25.8,5.8
09/07/1996,26.6,24.8,25.7,2.9
10/07/1996,26.8,24.9,25.8,2.9
11/07/1996,26.9,24.9,25.9,1.5
12/07/1996,26.8,25.1,26.0,1.2
13/07/1996,26.8,25.0,25.9,1.4
14/07/1996,26.8,24.8,25.8,1.3
15/07/1996,26.8,24.9,25.8,1.3
16/07/1996,27.0,24.8,25.9,1.9
17/07/1996,26.8,24.8,25.8,1.7
18/07/1996,26.8,24.9,25.9,1.8
19/07/1996,26.9,24.8,25.8,1.4
20/07/1996,26.9,24.7,25.8,0.9
21/07/1996,27.0,24.8,25.9,1.1
22/07/1996,27.1,24.7,25.9,0.7
23/07/1996,27.1,24.9,26.0,0.9
24/07/1996,27.2,24.9,26.1,1.4
25/07/1996,27.1,24.9,26.0,0.8
26/07/1996,27.1,25.0,26.0,0.8
27/07/1996,27.1,24.8,26.0,1.3
28/07/1996,27.2,24.8,26.0,0.8
29/07/1996,27.3,24.8,26.0,0.8
30/07/1996,27.1,24.7,25.9,0.4
31/07/1996,27.3,24.7,26.0,0.6
01/08/1996,,,,0.1
02/08/1996,27.7,24.3,26.0,0.1
03/08/1996,27.5,24.1,25.8,0.1
04/08/1996,28.0,24.6,26.3,0.1
05/08/1996,27.8,24.5,26.2,0.2
06/08/1996,27.9,24.4,26.2,0.2
07/08/1996,27.8,24.7,26.3,1.2
08/08/1996,27.8,24.9,26.3,2.5
09/08/1996,27.4,25.1,26.2,2.8
10/08/1996,27.1,25.1,26.1,2.2
11/08/1996,27.3,25.2,26.3,1.7
12/08/1996,27.5,25.2,26.4,0.5
13/08/1996,27.8,25.1,26.4,0.2
14/08/1996,27.8,24.9,26.3,0.4
15/08/1996,27.7,24.9,26.3,0.8
16/08/1996,27.7,25.0,26.4,3.6
17/08/1996,27.7,25.0,26.4,0.8
18/08/1996,27.7,25.1,26.4,2.3
19/08/1996,27.6,25.0,26.3,2.0
20/08/1996,27.5,24.9,26.2,1.8
21/08/1996,27.5,25.0,26.3,1.2
22/08/1996,27.6,25.1,26.3,0.8
23/08/1996,27.6,25.1,26.4,1.0
24/08/1996,27.7,25.1,26.4,1.5
25/08/1996,27.7,25.0,26.3,0.8
26/08/1996,27.8,25.0,26.4,2.2
27/08/1996,27.8,24.9,26.3,1.6
28/08/1996,27.6,25.0,26.3,0.9
29/08/1996,27.7,25.0,26.4,0.7
30/08/1996,28.0,24.9,26.4,0.8
31/08/1996,27.9,25.0,26.5,1.5
01/09/1996,,,,0.0
02/09/1996,27.9,24.3,26.1,0.0
03/09/1996,27.5,24.7,26.1,0.1
04/09/1996,27.5,25.0,26.2,0.6
05/09/1996,27.2,25.0,26.1,0.3
06/09/1996,27.3,24.9,26.1,0.4
07/09/1996,27.5,24.8,26.2,0.6
08/09/1996,27.6,24.8,26.2,0.6
09/09/1996,27.7,24.8,26.2,0.4
10/09/1996,27.7,24.8,26.3,0.5
11/09/1996,27.8,25.0,26.4,1.2
12/09/1996,27.9,25.1,26.5,1.2
13/09/1996,27.9,25.0,26.5,0.5
14/09/1996,28.1,24.9,26.5,0.2
15/09/1996,28.2,25.0,26.6,0.8
16/09/1996,28.2,25.1,26.7,1.1
17/09/1996,28.3,25.0,26.7,0.5
18/09/1996,28.4,25.1,26.7,0.4
19/09/1996,28.4,25.2,26.8,0.9
20/09/1996,28.4,25.1,26.8,0.4
21/09/1996,28.5,25.1,26.8,0.6
22/09/1996,28.5,25.2,26.8,0.6
23/09/1996,28.6,25.4,27.0,0.5
24/09/1996,28.7,25.2,26.9,0.4
25/09/1996,28.6,25.1,26.9,0.6
26/09/1996,28.7,25.3,27.0,0.7
27/09/1996,28.7,25.3,27.0,0.6
28/09/1996,28.7,25.3,27.0,0.4
29/09/1996,28.8,25.3,27.1,0.7
30/09/1996,28.9,25.4,27.2,1.0
01/10/1996,,,,0.5
02/10/1996,30.3,26.0,28.2,0.5
03/10/1996,30.1,26.3,28.2,4.0
04/10/1996,29.2,25.7,27.5,6.8
05/10/1996,28.7,25.6,27.1,9.6
06/10/1996,27.8,25.3,26.6,9.2
07/10/1996,27.8,25.3,26.5,5.7
08/10/1996,28.1,25.7,26.9,2.0
09/10/1996,28.7,25.9,27.3,0.4
10/10/1996,29.1,25.9,27.5,0.5
11/10/1996,29.1,25.9,27.5,0.5
12/10/1996,29.2,26.0,27.6,1.0
13/10/1996,29.1,25.9,27.5,0.6
14/10/1996,29.2,25.9,27.5,0.4
15/10/1996,29.2,25.9,27.6,0.3
16/10/1996,29.4,25.9,27.7,0.9
17/10/1996,29.5,26.0,27.8,1.1
18/10/1996,29.3,25.8,27.6,0.9
19/10/1996,29.6,26.1,27.8,1.5
20/10/1996,29.5,26.0,27.8,0.9
21/10/1996,29.6,26.0,27.8,1.6
22/10/1996,29.7,26.2,27.9,1.7
23/10/1996,29.5,26.1,27.8,1.3
24/10/1996,29.7,26.2,27.9,1.2
25/10/1996,29.8,26.1,28.0,1.4
26/10/1996,29.8,26.1,27.9,2.3
27/10/1996,29.7,26.1,27.9,2.2
28/10/1996,29.6,26.0,27.8,3.6
29/10/1996,29.6,26.2,27.9,1.9
30/10/1996,29.8,26.2,28.0,2.6
31/10/1996,29.7,26.3,28.0,3.3
01/11/1996,,,,0.1
02/11/1996,29.7,26.2,28.0,1.0
03/11/1996,29.3,26.1,27.7,0.6
04/11/1996,29.0,26.1,27.5,0.1
05/11/1996,29.2,26.2,27.7,0.2
06/11/1996,29.5,26.1,27.8,0.4
07/11/1996,29.5,26.3,27.9,0.4
08/11/1996,29.6,26.3,28.0,0.6
09/11/1996,29.8,26.1,27.9,1.2
10/11/1996,29.8,26.2,28.0,2.0
11/11/1996,29.7,26.4,28.0,1.6
12/11/1996,29.9,26.3,28.1,1.6
13/11/1996,29.9,26.1,28.0,3.8
14/11/1996,29.8,26.2,28.0,2.2
15/11/1996,30.1,26.2,28.1,3.0
16/11/1996,29.7,26.2,28.0,2.9
17/11/1996,29.7,26.3,28.0,2.1
18/11/1996,29.7,26.2,28.0,2.6
19/11/1996,29.7,26.1,27.9,3.4
20/11/1996,29.6,26.2,27.9,3.1
21/11/1996,29.7,26.3,28.0,3.5
22/11/1996,29.6,26.2,27.9,3.8
23/11/1996,29.7,26.1,27.9,3.7
24/11/1996,29.7,26.3,28.0,5.1
25/11/1996,29.7,26.1,27.9,4.1
26/11/1996,29.6,26.2,27.9,3.7
27/11/1996,29.7,26.4,28.1,4.6
28/11/1996,29.6,26.2,27.9,5.9
29/11/1996,29.5,26.2,27.8,6.6
30/11/1996,29.5,26.2,27.8,5.9
01/12/1996,,,,1.4
02/12/1996,30.0,26.7,28.3,3.5
03/12/1996,30.2,26.5,28.4,5.4
04/12/1996,29.5,26.3,27.9,5.9
05/12/1996,29.4,26.0,27.7,5.3
06/12/1996,29.4,26.1,27.8,3.7
07/12/1996,29.5,26.4,28.0,4.4
08/12/1996,29.6,26.2,27.9,7.0
09/12/1996,29.4,25.9,27.6,9.0
10/12/1996,29.1,25.7,27.4,10.9
11/12/1996,28.9,25.7,27.3,13.3
12/12/1996,28.8,25.7,27.3,10.4
13/12/1996,28.8,25.9,27.3,11.9
14/12/1996,29.0,25.9,27.4,10.9
15/12/1996,29.0,26.0,27.5,10.8
16/12/1996,28.9,26.0,27.4,7.9
17/12/1996,28.9,26.1,27.5,13.4
18/12/1996,28.8,26.0,27.4,14.7
19/12/1996,28.6,25.7,27.1,14.9
20/12/1996,28.4,25.8,27.1,18.7
21/12/1996,28.3,25.7,27.0,16.3
22/12/1996,28.3,25.7,27.0,17.0
23/12/1996,28.3,25.7,27.0,18.6
24/12/1996,28.3,25.6,27.0,16.0
25/12/1996,28.3,25.7,27.0,15.7
26/12/1996,28.4,25.7,27.0,10.2
27/12/1996,28.3,25.9,27.1,11.0
28/12/1996,28.5,25.8,27.2,10.9
29/12/1996,28.4,25.9,27.2,8.4
30/12/1996,28.7,26.0,27.3,11.1
31/12/1996,28.5,25.9,27.2,12.7
01/01/1997,,,,13.9
02/01/1997,27.9,25.3,26.6,46.8
03/01/1997,26.6,24.7,25.6,33.6
04/01/1997,26.6,24.8,25.7,15.0
05/01/1997,27.1,25.2,26.2,6.5
06/01/1997,27.8,25.4,26.6,4.3
07/01/1997,28.2,25.8,27.0,6.7
08/01/1997,28.5,25.5,27.0,7.4
09/01/1997,28.2,25.6,26.9,8.0
10/01/1997,28.2,25.7,26.9,9.6
11/01/1997,28.2,25.5,26.8,10.1
12/01/1997,28.0,25.5,26.7,10.6
13/01/1997,28.0,25.4,26.7,9.7
14/01/1997,28.0,25.5,26.7,12.9
15/01/1997,27.9,25.3,26.6,9.3
16/01/1997,28.0,25.5,26.8,9.2
17/01/1997,28.0,25.6,26.8,9.2
18/01/1997,28.0,25.7,26.9,10.4
19/01/1997,28.0,25.3,26.7,8.8
20/01/1997,28.1,25.6,26.9,9.6
21/01/1997,28.1,25.6,26.9,12.0
22/01/1997,28.1,25.5,26.8,12.2
23/01/1997,28.0,25.4,26.7,9.2
24/01/1997,28.0,25.5,26.8,13.3
25/01/1997,27.9,25.5,26.7,10.6
26/01/1997,27.9,25.5,26.7,9.0
27/01/1997,28.0,25.7,26.8,9.0
28/01/1997,28.2,25.7,26.9,9.0
29/01/1997,28.2,25.9,27.1,8.1
30/01/1997,28.3,25.9,27.1,9.2
31/01/1997,28.3,25.8,27.1,12.7
01/02/1997,,,,2.3
02/02/1997,29.0,26.3,27.6,1.5
03/02/1997,29.1,26.3,27.7,3.1
04/02/1997,28.8,26.0,27.4,3.6
05/02/1997,28.5,26.1,27.3,7.7
06/02/1997,28.6,25.4,27.0,11.1
07/02/1997,28.1,25.2,26.6,10.4
08/02/1997,27.9,25.3,26.6,9.0
09/02/1997,28.3,25.4,26.8,11.0
10/02/1997,28.4,25.2,26.8,11.6
11/02/1997,27.9,25.2,26.6,10.6
12/02/1997,28.3,25.3,26.8,12.4
13/02/1997,28.1,25.4,26.8,13.2
14/02/1997,28.0,25.4,26.7,14.2
15/02/1997,28.0,25.6,26.8,14.8
16/02/1997,28.2,25.7,26.9,16.2
17/02/1997,28.1,25.7,26.9,18.7
18/02/1997,28.1,25.6,26.9,17.3
19/02/1997,28.0,25.5,26.8,16.0
20/02/1997,28.1,25.7,26.9,15.6
21/02/1997,28.1,25.9,27.0,13.5
22/02/1997,28.2,25.9,27.0,11.9
23/02/1997,28.3,25.9,27.1,13.0
24/02/1997,28.4,26.0,27.2,15.0
25/02/1997,28.1,25.8,26.9,16.3
26/02/1997,28.0,25.8,26.9,12.6
27/02/1997,28.3,25.9,27.1,13.5
28/02/1997,28.3,25.7,27.0,13.5
01/03/1997,,,,8.2
02/03/1997,28.3,25.5,26.9,7.0
03/03/1997,27.7,25.9,26.8,9.0
04/03/1997,28.1,25.7,26.9,9.5
05/03/1997,27.8,25.6,26.7,8.6
06/03/1997,27.8,25.7,26.7,9.1
07/03/1997,27.9,25.5,26.7,9.1
08/03/1997,27.8,25.6,26.7,5.8
09/03/1997,27.9,26.0,26.9,4.2
10/03/1997,28.1,26.0,27.1,3.6
11/03/1997,28.2,26.0,27.1,4.3
12/03/1997,28.0,25.8,26.9,4.8
13/03/1997,28.1,25.8,26.9,3.7
14/03/1997,28.2,25.7,27.0,3.3
15/03/1997,28.3,25.6,26.9,2.9
16/03/1997,28.4,25.6,27.0,2.7
17/03/1997,28.4,25.6,27.0,2.4
18/03/1997,28.5,25.4,26.9,2.9
19/03/1997,28.5,25.6,27.0,2.8
20/03/1997,28.5,25.6,27.0,1.6
21/03/1997,28.7,25.7,27.2,1.9
22/03/1997,28.7,25.7,27.2,3.1
23/03/1997,28.8,25.6,27.2,2.5
24/03/1997,28.7,25.6,27.1,2.8
25/03/1997,28.7,25.6,27.2,2.8
26/03/1997,28.7,25.7,27.2,2.5
27/03/1997,28.8,25.7,27.2,2.4
28/03/1997,28.8,25.8,27.3,3.2
29/03/1997,28.7,25.7,27.2,2.9
30/03/1997,28.8,25.7,27.2,4.5
31/03/1997,28.8,25.7,27.2,3.5
01/04/1997,,,,2.2
02/04/1997,28.4,26.0,27.2,2.6
03/04/1997,28.9,26.2,27.5,2.5
04/04/1997,28.8,26.1,27.5,3.4
05/04/1997,28.9,25.8,27.3,3.6
06/04/1997,28.9,25.8,27.3,3.4
07/04/1997,28.8,25.9,27.3,4.0
08/04/1997,28.9,25.8,27.4,5.2
09/04/1997,28.7,25.6,27.1,4.0
10/04/1997,28.5,25.6,27.1,4.5
11/04/1997,28.6,25.8,27.2,4.3
12/04/1997,28.8,25.8,27.3,2.8
13/04/1997,28.6,25.9,27.3,3.1
14/04/1997,28.8,25.9,27.3,3.2
15/04/1997,28.9,26.2,27.5,1.2
16/04/1997,29.1,26.4,27.7,1.9
17/04/1997,29.1,26.1,27.6,1.7
18/04/1997,29.1,25.9,27.5,2.6
19/04/1997,28.9,26.0,27.4,2.0
20/04/1997,28.9,26.1,27.5,3.3
21/04/1997,28.9,26.0,27.5,3.2
22/04/1997,28.8,26.1,27.5,6.0
23/04/1997,28.9,26.1,27.5,3.9
24/04/1997,28.9,26.2,27.6,2.7
25/04/1997,28.9,26.3,27.6,3.1
26/04/1997,29.1,26.2,27.6,2.6
27/04/1997,28.9,26.3,27.6,3.4
28/04/1997,28.9,26.1,27.5,4.5
29/04/1997,28.9,26.0,27.4,3.8
30/04/1997,28.8,26.1,27.4,3.8
01/05/1997,,,,0.1
02/05/1997,28.6,26.1,27.4,0.4
03/05/1997,28.5,26.0,27.3,0.6
04/05/1997,28.4,25.9,27.2,0.6
05/05/1997,28.3,25.8,27.1,0.0
06/05/1997,28.4,25.6,27.0,0.0
07/05/1997,28.2,25.7,27.0,0.0
08/05/1997,28.3,25.9,27.1,0.2
09/05/1997,28.5,26.0,27.3,0.6
10/05/1997,28.5,26.2,27.3,1.1
11/05/1997,28.5,26.0,27.3,1.6
12/05/1997,28.6,26.1,27.3,1.7
13/05/1997,28.6,26.1,27.3,1.6
14/05/1997,28.6,26.0,27.3,1.4
15/05/1997,28.5,26.1,27.3,1.5
16/05/1997,28.4,26.0,27.2,1.3
17/05/1997,28.5,26.0,27.3,1.0
18/05/1997,28.6,26.1,27.3,0.8
19/05/1997,28.5,26.1,27.3,1.0
20/05/1997,28.5,26.0,27.2,0.7
21/05/1997,28.5,26.0,27.2,1.0
22/05/1997,28.4,25.8,27.1,1.2
23/05/1997,28.4,25.7,27.0,0.8
24/05/1997,28.3,25.7,27.0,1.2
25/05/1997,28.4,25.6,27.0,1.0
26/05/1997,28.3,25.6,27.0,0.9
27/05/1997,28.4,25.7,27.1,1.1
28/05/1997,28.3,25.7,27.0,1.0
29/05/1997,28.4,25.7,27.0,1.3
30/05/1997,28.3,25.6,26.9,1.5
31/05/1997,28.3,25.7,27.0,1.8
01/06/1997,,,,0.9
02/06/1997,28.3,24.9,26.6,0.7
03/06/1997,27.8,25.1,26.5,0.3
04/06/1997,28.0,25.1,26.5,0.4
05/06/1997,28.2,25.1,26.6,0.2
06/06/1997,28.3,25.4,26.8,0.4
07/06/1997,28.3,25.8,27.1,1.0
08/06/1997,28.2,25.7,27.0,1.1
09/06/1997,28.0,25.5,26.7,1.5
10/06/1997,27.7,25.1,26.4,2.0
11/06/1997,27.6,25.3,26.4,1.6
12/06/1997,27.7,25.4,26.6,1.3
13/06/1997,27.8,25.4,26.6,1.7
14/06/1997,27.7,25.1,26.4,1.5
15/06/1997,27.6,25.2,26.4,1.0
16/06/1997,27.7,25.4,26.5,1.5
17/06/1997,27.6,25.2,26.4,1.4
18/06/1997,27.5,25.2,26.3,1.4
19/06/1997,27.5,25.1,26.3,1.5
20/06/1997,27.4,24.9,26.2,1.4
21/06/1997,27.3,25.1,26.2,2.8
22/06/1997,27.3,25.0,26.1,2.4
23/06/1997,27.3,25.0,26.2,2.7
24/06/1997,27.3,24.9,26.1,1.7
25/06/1997,27.3,25.0,26.1,1.5
26/06/1997,27.3,25.0,26.1,1.5
27/06/1997,27.2,24.9,26.0,1.3
28/06/1997,27.3,24.8,26.0,1.4
29/06/1997,27.1,24.8,26.0,0.9
30/06/1997,27.1,24.8,25.9,1.1
01/07/1997,,,,1.1
02/07/1997,26.8,25.1,25.9,1.0
03/07/1997,26.6,25.0,25.8,1.5
04/07/1997,27.0,24.9,26.0,2.2
05/07/1997,26.9,24.8,25.9,1.7
06/07/1997,26.9,24.9,25.9,1.2
07/07/1997,26.8,24.5,25.7,1.1
08/07/1997,26.6,24.6,25.6,1.4
09/07/1997,26.6,24.7,25.7,0.8
10/07/1997,26.8,24.8,25.8,0.9
11/07/1997,26.9,24.6,25.8,0.8
12/07/1997,26.8,24.6,25.7,1.0
13/07/1997,26.7,24.6,25.7,0.8
14/07/1997,26.6,24.5,25.5,1.2
15/07/1997,26.6,24.2,25.4,0.9
16/07/1997,26.5,24.3,25.4,0.8
17/07/1997,26.6,24.3,25.5,0.8
18/07/1997,26.6,24.4,25.5,0.5
19/07/1997,26.6,24.4,25.5,0.8
20/07/1997,26.8,24.4,25.6,0.9
21/07/1997,26.6,24.3,25.5,0.8
22/07/1997,26.7,24.3,25.5,0.9
23/07/1997,26.8,24.3,25.6,0.6
24/07/1997,26.7,24.4,25.6,0.6
25/07/1997,26.8,24.4,25.6,0.4
26/07/1997,26.9,24.3,25.6,0.4
27/07/1997,27.0,24.3,25.6,0.4
28/07/1997,27.0,24.1,25.5,0.5
29/07/1997,26.9,24.1,25.5,0.5
30/07/1997,26.8,24.2,25.5,0.3
31/07/1997,26.9,24.2,25.5,0.4
01/08/1997,,,,0.3
02/08/1997,27.0,24.0,25.5,0.1
03/08/1997,26.3,24.2,25.2,0.4
04/08/1997,26.7,24.0,25.4,0.1
05/08/1997,26.5,24.1,25.3,0.1
06/08/1997,26.4,23.9,25.1,0.4
07/08/1997,26.5,23.6,25.1,0.3
08/08/1997,26.6,23.6,25.1,0.1
09/08/1997,26.8,23.6,25.2,0.0
10/08/1997,26.9,23.7,25.3,0.0
11/08/1997,26.9,23.7,25.3,0.1
12/08/1997,26.8,23.8,25.3,0.2
13/08/1997,26.7,23.9,25.3,0.2
14/08/1997,26.7,23.9,25.3,0.1
15/08/1997,26.8,24.0,25.4,0.2
16/08/1997,26.9,24.0,25.5,0.4
17/08/1997,26.9,24.0,25.5,0.2
18/08/1997,27.0,24.0,25.5,0.3
19/08/1997,26.9,24.0,25.5,0.2
20/08/1997,27.0,23.9,25.4,0.2
21/08/1997,27.0,24.0,25.5,0.2
22/08/1997,26.9,23.9,25.4,0.4
23/08/1997,26.8,23.9,25.4,0.3
24/08/1997,26.8,23.8,25.3,0.2
25/08/1997,26.8,23.9,25.4,0.3
26/08/1997,26.8,23.9,25.4,0.2
27/08/1997,27.0,24.0,25.5,0.3
28/08/1997,27.1,23.9,25.5,0.2
29/08/1997,27.2,23.9,25.6,0.1
30/08/1997,27.3,23.8,25.6,0.2
31/08/1997,27.2,23.8,25.5,0.3
01/09/1997,,,,0.0
02/09/1997,27.2,23.5,25.3,0.0
03/09/1997,27.7,23.7,25.7,0.0
04/09/1997,27.6,24.1,25.9,0.0
05/09/1997,27.6,24.0,25.8,0.0
06/09/1997,27.5,23.5,25.5,0.0
07/09/1997,27.4,23.1,25.3,0.0
08/09/1997,27.4,23.5,25.4,0.1
09/09/1997,28.0,24.0,26.0,0.3
10/09/1997,27.8,24.3,26.1,0.6
11/09/1997,27.8,24.4,26.1,0.5
12/09/1997,27.8,24.2,26.0,0.2
13/09/1997,27.7,24.1,25.9,0.1
14/09/1997,27.7,24.2,25.9,0.1
15/09/1997,27.8,24.3,26.0,0.2
16/09/1997,27.7,24.4,26.0,0.1
17/09/1997,27.6,24.3,26.0,0.2
18/09/1997,27.6,24.2,25.9,0.2
19/09/1997,27.7,24.3,26.0,0.3
20/09/1997,27.6,24.3,25.9,0.2
21/09/1997,27.8,24.2,26.0,0.2
22/09/1997,27.8,24.2,26.0,0.1
23/09/1997,27.8,24.2,26.0,0.2
24/09/1997,28.0,24.3,26.2,0.4
25/09/1997,27.9,24.3,26.1,0.1
26/09/1997,27.9,24.4,26.2,0.1
27/09/1997,28.0,24.3,26.1,0.1
28/09/1997,28.1,24.4,26.3,0.1
29/09/1997,28.0,24.4,26.2,0.2
30/09/1997,28.1,24.4,26.3,0.2
01/10/1997,,,,0.0
02/10/1997,28.8,24.6,26.7,0.1
03/10/1997,28.5,24.8,26.6,0.0
04/10/1997,28.3,24.7,26.5,0.0
05/10/1997,28.2,24.3,26.2,0.0
06/10/1997,28.2,24.1,26.2,0.0
07/10/1997,28.4,24.4,26.4,0.0
08/10/1997,28.7,24.5,26.6,0.0
09/10/1997,28.8,24.3,26.6,0.0
10/10/1997,28.8,24.3,26.6,0.0
11/10/1997,28.9,24.5,26.7,0.1
12/10/1997,28.8,24.6,26.7,0.0
13/10/1997,28.9,24.6,26.7,0.1
14/10/1997,28.9,24.5,26.7,0.0
15/10/1997,28.8,24.6,26.7,0.1
16/10/1997,28.9,24.7,26.8,0.0
17/10/1997,29.0,24.8,26.9,0.0
18/10/1997,28.9,24.9,26.9,0.1
19/10/1997,29.0,25.0,27.0,0.1
20/10/1997,29.2,25.0,27.1,0.1
21/10/1997,29.2,25.0,27.1,0.1
22/10/1997,29.2,25.1,27.1,0.2
23/10/1997,29.2,25.3,27.2,0.2
24/10/1997,29.3,25.3,27.3,0.1
25/10/1997,29.2,25.2,27.2,0.2
26/10/1997,29.2,25.4,27.3,0.2
27/10/1997,29.2,25.4,27.3,0.2
28/10/1997,29.2,25.3,27.3,0.4
29/10/1997,29.5,25.4,27.4,0.4
30/10/1997,29.4,25.4,27.4,0.2
31/10/1997,29.6,25.5,27.6,0.4
01/11/1997,,,,0.0
02/11/1997,29.1,25.2,27.1,0.0
03/11/1997,29.3,25.0,27.2,0.0
04/11/1997,29.5,25.0,27.3,0.0
05/11/1997,29.7,25.1,27.4,0.0
06/11/1997,29.8,24.9,27.4,0.0
07/11/1997,30.0,24.9,27.4,0.0
08/11/1997,29.9,25.1,27.5,0.1
09/11/1997,29.9,25.3,27.6,0.2
10/11/1997,30.0,25.7,27.8,0.3
11/11/1997,29.9,25.8,27.9,0.2
12/11/1997,29.9,25.9,27.9,0.2
13/11/1997,30.0,25.9,28.0,0.2
14/11/1997,29.9,25.9,27.9,0.4
15/11/1997,29.9,26.1,28.0,0.6
16/11/1997,29.9,26.0,28.0,0.9
17/11/1997,29.9,26.1,28.0,1.0
18/11/1997,30.0,26.1,28.1,1.7
19/11/1997,29.9,26.1,28.0,1.8
20/11/1997,29.8,26.0,27.9,1.8
21/11/1997,29.9,26.1,28.0,2.0
22/11/1997,29.9,26.3,28.1,2.1
23/11/1997,29.8,26.4,28.1,1.9
24/11/1997,29.9,26.4,28.2,3.0
25/11/1997,29.9,26.2,28.1,2.3
26/11/1997,29.9,26.3,28.1,3.0
27/11/1997,29.9,26.3,28.1,2.8
28/11/1997,29.9,26.2,28.1,2.7
29/11/1997,30.0,26.3,28.2,2.1
30/11/1997,30.0,26.5,28.2,3.1
01/12/1997,,,,1.8
02/12/1997,30.9,26.7,28.8,3.2
03/12/1997,30.0,26.4,28.2,3.2
04/12/1997,29.7,26.3,28.0,4.0
05/12/1997,29.7,26.4,28.0,3.3
06/12/1997,29.8,26.5,28.1,2.6
07/12/1997,29.9,26.5,28.2,3.3
08/12/1997,29.9,26.6,28.3,4.2
09/12/1997,29.9,26.5,28.2,4.0
10/12/1997,29.8,26.6,28.2,3.1
11/12/1997,29.9,26.4,28.2,4.4
12/12/1997,29.8,26.4,28.1,4.0
13/12/1997,29.7,26.5,28.1,4.5
14/12/1997,29.7,26.3,28.0,5.2
15/12/1997,29.7,26.2,28.0,4.9
16/12/1997,29.8,26.3,28.0,7.3
17/12/1997,29.5,26.2,27.9,5.4
18/12/1997,29.4,26.3,27.9,6.7
19/12/1997,29.4,26.3,27.8,7.3
20/12/1997,29.3,26.2,27.8,6.3
21/12/1997,29.4,26.2,27.8,6.8
22/12/1997,29.4,26.2,27.8,6.1
23/12/1997,29.4,26.3,27.8,10.9
24/12/1997,29.3,26.0,27.6,11.1
25/12/1997,29.0,26.0,27.5,10.9
26/12/1997,28.9,26.0,27.5,10.3
27/12/1997,29.0,26.1,27.6,11.9
28/12/1997,29.0,26.1,27.5,11.5
29/12/1997,29.0,26.2,27.6,11.0
30/12/1997,29.1,26.2,27.7,14.1
31/12/1997,28.9,26.1,27.5,13.3
01/01/1998,,,,3.1
02/01/1998,29.4,26.5,27.9,5.6
03/01/1998,28.7,26.2,27.4,5.4
04/01/1998,28.5,26.3,27.4,6.0
05/01/1998,28.6,26.4,27.5,10.2
06/01/1998,28.5,25.9,27.2,8.0
07/01/1998,28.3,26.2,27.3,7.1
08/01/1998,28.5,26.2,27.4,4.1
09/01/1998,28.7,26.6,27.6,3.4
10/01/1998,29.0,26.8,27.9,3.4
11/01/1998,29.0,26.8,27.9,2.4
12/01/1998,29.1,26.9,28.0,2.2
13/01/1998,29.3,26.7,28.0,1.9
14/01/1998,29.5,26.8,28.2,1.3
15/01/1998,29.8,27.0,28.4,2.3
16/01/1998,29.8,26.9,28.3,4.1
17/01/1998,29.4,26.5,27.9,6.0
18/01/1998,29.2,26.2,27.7,6.6
19/01/1998,29.0,26.2,27.6,7.6
20/01/1998,29.0,26.0,27.5,5.8
21/01/1998,29.0,26.2,27.6,7.9
22/01/1998,28.9,26.0,27.4,11.2
23/01/1998,28.8,26.0,27.4,9.3
24/01/1998,28.7,26.0,27.4,9.2
25/01/1998,28.7,26.1,27.4,9.8
26/01/1998,28.7,26.0,27.3,9.5
27/01/1998,28.8,26.1,27.5,8.5
28/01/1998,28.8,26.1,27.5,5.3
29/01/1998,29.0,26.5,27.8,6.7
30/01/1998,29.1,26.4,27.7,5.6
31/01/1998,29.1,26.5,27.8,6.8
01/02/1998,,,,1.8
02/02/1998,30.0,26.4,28.2,2.0
03/02/1998,29.6,26.6,28.1,2.6
04/02/1998,29.3,26.6,27.9,2.0
05/02/1998,29.6,26.9,28.2,5.3
06/02/1998,29.3,26.3,27.8,7.1
07/02/1998,28.8,26.2,27.5,7.8
08/02/1998,28.8,26.4,27.6,8.4
09/02/1998,28.8,26.2,27.5,7.0
10/02/1998,28.8,26.2,27.5,7.7
11/02/1998,29.1,26.3,27.7,8.6
12/02/1998,29.1,26.4,27.8,6.9
13/02/1998,29.2,26.7,27.9,7.1
14/02/1998,29.5,26.5,28.0,8.1
15/02/1998,29.3,26.5,27.9,8.5
16/02/1998,29.3,26.6,28.0,10.5
17/02/1998,29.4,26.5,27.9,11.8
18/02/1998,29.1,26.2,27.6,15.4
19/02/1998,29.0,26.1,27.5,13.3
20/02/1998,28.8,26.3,27.5,17.8
21/02/1998,28.6,26.2,27.4,19.8
22/02/1998,28.4,26.2,27.3,18.6
23/02/1998,28.7,26.2,27.4,13.2
24/02/1998,28.7,26.4,27.5,9.8
25/02/1998,28.9,26.6,27.7,13.3
26/02/1998,28.9,26.6,27.7,10.0
27/02/1998,29.0,26.5,27.7,10.2
28/02/1998,28.9,26.4,27.7,11.2
01/03/1998,,,,6.1
02/03/1998,28.8,26.3,27.5,1.7
03/03/1998,29.3,26.8,28.1,2.6
04/03/1998,29.3,26.8,28.1,6.8
05/03/1998,28.9,26.3,27.6,7.4
06/03/1998,28.8,26.5,27.6,6.7
07/03/1998,28.7,26.3,27.5,3.7
08/03/1998,28.8,26.6,27.7,3.0
09/03/1998,29.2,26.7,28.0,4.4
10/03/1998,29.3,26.6,27.9,4.1
11/03/1998,29.4,26.6,28.0,7.0
12/03/1998,29.4,26.3,27.9,9.0
13/03/1998,29.0,26.1,27.5,13.0
14/03/1998,28.6,25.9,27.2,11.4
15/03/1998,28.6,26.0,27.3,10.9
16/03/1998,28.6,25.9,27.3,11.3
17/03/1998,28.5,25.9,27.2,14.2
18/03/1998,28.4,25.8,27.1,13.2
19/03/1998,28.6,26.0,27.3,13.4
20/03/1998,28.8,26.1,27.5,9.6
21/03/1998,28.9,26.3,27.6,6.0
22/03/1998,29.2,26.3,27.8,6.1
23/03/1998,29.2,26.5,27.8,6.9
24/03/1998,29.3,26.4,27.8,6.1
25/03/1998,29.2,26.4,27.8,6.4
26/03/1998,29.2,26.5,27.9,8.4
27/03/1998,29.2,26.5,27.8,6.9
28/03/1998,29.1,26.4,27.8,7.5
29/03/1998,29.3,26.5,27.9,6.6
30/03/1998,29.4,26.5,27.9,4.9
31/03/1998,29.5,26.7,28.1,7.2
01/04/1998,,,,0.8
02/04/1998,30.1,26.6,28.3,8.4
03/04/1998,29.3,25.9,27.6,10.6
04/04/1998,28.9,25.9,27.4,9.7
05/04/1998,28.7,25.9,27.3,8.7
06/04/1998,28.8,26.2,27.5,4.7
07/04/1998,28.9,26.3,27.6,5.3
08/04/1998,29.1,26.3,27.7,5.3
09/04/1998,29.1,26.3,27.7,6.7
10/04/1998,29.2,26.3,27.7,4.8
11/04/1998,29.4,26.5,27.9,4.8
12/04/1998,29.5,26.5,28.0,4.9
13/04/1998,29.5,26.6,28.1,5.8
14/04/1998,29.4,26.5,28.0,8.3
15/04/1998,29.3,26.5,27.9,10.5
16/04/1998,29.1,26.3,27.7,11.5
17/04/1998,29.0,26.3,27.6,10.8
18/04/1998,29.0,26.4,27.7,10.4
19/04/1998,29.0,26.3,27.7,9.8
20/04/1998,29.0,26.3,27.6,11.1
21/04/1998,29.0,26.2,27.6,11.2
22/04/1998,28.8,26.3,27.6,11.0
23/04/1998,29.0,26.2,27.6,7.6
24/04/1998,29.0,26.4,27.7,7.7
25/04/1998,29.1,26.4,27.8,7.2
26/04/1998,29.1,26.5,27.8,8.5
27/04/1998,29.1,26.4,27.7,8.9
28/04/1998,28.9,26.2,27.6,8.4
29/04/1998,29.0,26.2,27.6,10.5
30/04/1998,29.0,26.3,27.6,8.6
01/05/1998,,,,13.3
02/05/1998,28.2,25.5,26.9,9.8
03/05/1998,28.3,25.6,26.9,7.8
04/05/1998,28.2,25.8,27.0,7.3
05/05/1998,28.5,25.9,27.2,6.6
06/05/1998,28.6,26.0,27.3,7.1
07/05/1998,28.5,25.9,27.2,7.3
08/05/1998,28.5,26.0,27.2,6.5
09/05/1998,28.5,26.1,27.3,5.0
10/05/1998,28.8,26.4,27.6,5.8
11/05/1998,28.9,26.4,27.6,5.6
12/05/1998,28.8,26.4,27.6,5.6
13/05/1998,28.9,26.4,27.6,6.9
14/05/1998,28.8,26.3,27.6,5.9
15/05/1998,28.9,26.4,27.6,7.4
16/05/1998,28.7,26.4,27.6,6.7
17/05/1998,28.8,26.6,27.7,7.7
18/05/1998,28.8,26.6,27.7,6.9
19/05/1998,28.7,26.5,27.6,7.6
20/05/1998,28.8,26.5,27.6,7.0
21/05/1998,28.8,26.6,27.7,7.1
22/05/1998,28.9,26.6,27.7,8.9
23/05/1998,28.8,26.5,27.6,8.7
24/05/1998,28.7,26.4,27.6,9.1
25/05/1998,28.5,26.3,27.4,7.7
26/05/1998,28.6,26.5,27.5,10.5
27/05/1998,28.5,26.3,27.4,7.9
28/05/1998,28.5,26.3,27.4,6.9
29/05/1998,28.5,26.3,27.4,5.9
30/05/1998,28.5,26.4,27.5,5.2
31/05/1998,28.6,26.4,27.5,6.2
01/06/1998,,,,0.8
02/06/1998,28.7,26.2,27.5,2.5
03/06/1998,28.2,26.3,27.3,2.4
04/06/1998,28.6,26.4,27.5,5.8
05/06/1998,28.3,25.8,27.0,3.3
06/06/1998,28.3,26.4,27.4,3.0
07/06/1998,28.3,26.3,27.3,5.1
08/06/1998,28.1,26.0,27.1,10.6
09/06/1998,27.9,25.7,26.8,8.5
10/06/1998,27.7,25.7,26.7,7.8
11/06/1998,28.0,25.9,26.9,5.7
12/06/1998,28.0,26.1,27.0,5.6
13/06/1998,28.1,26.1,27.1,4.7
14/06/1998,28.2,26.2,27.2,3.5
15/06/1998,28.3,26.1,27.2,3.5
16/06/1998,28.2,26.0,27.1,2.9
17/06/1998,28.2,26.1,27.1,3.5
18/06/1998,28.1,26.0,27.0,3.9
19/06/1998,28.0,25.9,27.0,5.3
20/06/1998,27.9,25.8,26.8,4.0
21/06/1998,27.9,25.8,26.9,3.5
22/06/1998,27.9,25.9,26.9,4.0
23/06/1998,27.9,25.9,26.9,4.0
24/06/1998,27.8,25.8,26.8,4.3
25/06/1998,27.8,25.8,26.8,3.3
26/06/1998,27.8,25.8,26.8,2.2
27/06/1998,27.6,25.7,26.6,2.9
28/06/1998,27.6,25.7,26.6,3.4
29/06/1998,27.6,25.6,26.6,3.3
30/06/1998,27.4,25.5,26.5,4.7
01/07/1998,,,,1.8
02/07/1998,26.8,25.1,26.0,0.5
03/07/1998,27.0,25.6,26.3,2.5
04/07/1998,27.9,25.3,26.6,3.9
05/07/1998,27.3,25.6,26.5,4.1
06/07/1998,27.5,25.5,26.5,3.1
07/07/1998,27.6,25.7,26.6,6.5
08/07/1998,27.3,25.3,26.3,2.9
09/07/1998,27.4,25.7,26.6,1.3
10/07/1998,27.5,25.8,26.6,1.2
11/07/1998,27.5,25.6,26.5,1.5
12/07/1998,27.3,25.5,26.4,1.7
13/07/1998,27.2,25.4,26.3,1.8
14/07/1998,27.1,25.4,26.3,1.7
15/07/1998,27.2,25.5,26.3,1.4
16/07/1998,27.1,25.5,26.3,1.4
17/07/1998,27.2,25.5,26.4,1.7
18/07/1998,27.3,25.4,26.4,1.6
19/07/1998,27.2,25.5,26.3,1.6
20/07/1998,27.2,25.4,26.3,2.3
21/07/1998,27.2,25.3,26.3,2.0
22/07/1998,27.2,25.3,26.3,2.1
23/07/1998,27.3,25.4,26.3,2.3
24/07/1998,27.1,25.2,26.2,1.3
25/07/1998,27.2,25.3,26.2,1.8
26/07/1998,27.2,25.1,26.2,2.7
27/07/1998,27.2,25.1,26.1,2.1
28/07/1998,27.2,25.2,26.2,1.5
29/07/1998,27.4,25.2,26.3,1.5
30/07/1998,27.3,25.1,26.2,1.3
31/07/1998,27.2,25.1,26.2,2.5
01/08/1998,,,,0.5
02/08/1998,27.1,25.4,26.2,1.8
03/08/1998,27.3,25.0,26.2,1.6
04/08/1998,27.3,25.4,26.4,0.9
05/08/1998,27.4,25.4,26.4,1.5
06/08/1998,27.6,25.3,26.5,1.2
07/08/1998,27.7,25.5,26.6,1.2
08/08/1998,27.8,25.6,26.7,1.4
09/08/1998,27.7,25.6,26.7,1.7
10/08/1998,27.3,25.4,26.4,1.6
11/08/1998,27.1,25.4,26.3,1.8
12/08/1998,27.0,25.4,26.2,1.5
13/08/1998,27.2,25.5,26.3,1.7
14/08/1998,27.2,25.4,26.3,1.7
15/08/1998,27.3,25.5,26.4,2.3
16/08/1998,27.3,25.4,26.4,1.6
17/08/1998,27.3,25.5,26.4,2.3
18/08/1998,27.4,25.4,26.4,1.4
19/08/1998,27.5,25.5,26.5,1.1
20/08/1998,27.6,25.5,26.5,1.0
21/08/1998,27.6,25.4,26.5,0.7
22/08/1998,27.6,25.4,26.5,1.3
23/08/1998,27.5,25.3,26.4,1.4
24/08/1998,27.5,25.4,26.5,1.4
25/08/1998,27.5,25.5,26.5,1.6
26/08/1998,27.6,25.5,26.6,1.7
27/08/1998,27.6,25.5,26.6,1.2
28/08/1998,27.8,25.6,26.7,1.2
29/08/1998,27.7,25.6,26.6,1.4
30/08/1998,27.8,25.6,26.7,1.0
31/08/1998,27.9,25.6,26.8,1.4
01/09/1998,,,,-2150000000.0
02/09/1998,28.4,23.9,26.1,0.0
03/09/1998,28.1,24.2,26.2,0.8
04/09/1998,28.3,25.0,26.6,2.7
05/09/1998,28.0,25.5,26.8,1.9
06/09/1998,28.1,25.9,27.0,1.8
07/09/1998,28.2,25.7,26.9,1.6
08/09/1998,27.8,25.6,26.7,0.9
09/09/1998,27.9,25.6,26.8,1.2
10/09/1998,28.0,25.7,26.8,2.1
11/09/1998,27.9,25.7,26.8,2.4
12/09/1998,27.9,25.7,26.8,1.9
13/09/1998,28.2,25.9,27.0,2.4
14/09/1998,28.1,25.8,26.9,2.8
15/09/1998,28.2,25.8,27.0,2.2
16/09/1998,28.4,25.8,27.1,1.6
17/09/1998,28.5,25.9,27.2,2.4
18/09/1998,28.7,25.9,27.3,1.7
19/09/1998,28.5,26.0,27.2,2.0
20/09/1998,28.6,25.9,27.3,2.8
21/09/1998,28.5,25.9,27.2,2.6
22/09/1998,28.4,25.8,27.1,2.9
23/09/1998,28.6,25.9,27.3,1.1
24/09/1998,28.7,26.0,27.4,1.6
25/09/1998,28.9,26.0,27.5,2.7
26/09/1998,28.8,25.9,27.4,1.9
27/09/1998,28.8,26.0,27.4,1.8
28/09/1998,28.9,26.0,27.4,1.8
29/09/1998,28.9,26.1,27.5,1.9
30/09/1998,29.0,26.0,27.5,1.2
01/10/1998,,,,0.8
02/10/1998,29.0,26.1,27.5,2.0
03/10/1998,28.5,25.6,27.0,2.0
04/10/1998,28.3,25.7,27.0,1.8
05/10/1998,28.9,25.9,27.4,1.4
06/10/1998,29.1,26.0,27.5,1.7
07/10/1998,29.3,26.0,27.7,1.5
08/10/1998,29.3,26.2,27.8,2.2
09/10/1998,28.9,26.1,27.5,1.3
10/10/1998,29.3,26.1,27.7,0.9
11/10/1998,29.5,26.0,27.8,1.2
12/10/1998,29.4,26.1,27.7,1.5
13/10/1998,29.4,26.3,27.9,1.2
14/10/1998,29.6,26.5,28.0,2.3
15/10/1998,29.7,26.3,28.0,2.8
16/10/1998,29.3,26.3,27.8,3.0
17/10/1998,29.3,26.2,27.7,2.0
18/10/1998,29.5,26.3,27.9,1.7
19/10/1998,29.5,26.3,27.9,1.7
20/10/1998,29.6,26.4,28.0,2.4
21/10/1998,29.5,26.3,27.9,2.8
22/10/1998,29.5,26.3,27.9,5.6
23/10/1998,29.4,26.1,27.7,5.6
24/10/1998,29.2,26.2,27.7,5.6
25/10/1998,29.2,26.2,27.7,4.8
26/10/1998,29.1,26.3,27.7,4.5
27/10/1998,29.1,26.3,27.7,3.8
28/10/1998,29.5,26.5,28.0,3.6
29/10/1998,29.4,26.5,28.0,4.1
30/10/1998,29.5,26.5,28.0,4.5
31/10/1998,29.6,26.5,28.0,2.3
01/11/1998,,,,4.8
02/11/1998,29.8,26.2,28.0,6.1
03/11/1998,29.4,26.1,27.8,8.4
04/11/1998,28.9,26.1,27.5,5.8
05/11/1998,29.5,26.4,27.9,5.4
06/11/1998,29.7,26.3,28.0,13.2
07/11/1998,29.1,25.8,27.4,14.2
08/11/1998,28.6,25.8,27.2,12.0
09/11/1998,28.9,25.9,27.4,9.7
10/11/1998,29.0,26.0,27.5,5.9
11/11/1998,29.2,26.1,27.6,4.7
12/11/1998,29.2,26.1,27.6,8.8
13/11/1998,29.2,26.0,27.6,9.6
14/11/1998,29.0,26.1,27.6,9.1
15/11/1998,29.2,26.1,27.7,8.9
16/11/1998,29.2,26.2,27.7,10.0
17/11/1998,29.2,26.1,27.7,7.6
18/11/1998,29.1,26.2,27.7,9.0
19/11/1998,29.1,26.1,27.6,9.1
20/11/1998,29.1,26.1,27.6,9.2
21/11/1998,29.0,26.2,27.6,7.5
22/11/1998,29.0,26.3,27.7,8.1
23/11/1998,29.2,26.3,27.7,7.5
24/11/1998,29.3,26.2,27.7,11.6
25/11/1998,29.1,26.2,27.6,8.4
26/11/1998,29.0,26.2,27.6,9.8
27/11/1998,29.1,26.2,27.6,9.2
28/11/1998,29.1,26.2,27.6,10.1
29/11/1998,29.0,26.2,27.6,9.0
30/11/1998,29.0,26.2,27.6,8.5
01/12/1998,,,,7.3
02/12/1998,28.7,26.0,27.3,9.3
03/12/1998,28.7,25.9,27.3,12.9
04/12/1998,28.7,25.5,27.1,16.4
05/12/1998,28.2,25.5,26.9,22.4
06/12/1998,28.1,25.5,26.8,25.6
07/12/1998,27.9,25.6,26.8,23.8
08/12/1998,28.0,25.6,26.8,18.0
09/12/1998,28.3,25.8,27.1,12.5
10/12/1998,28.6,25.9,27.3,9.2
11/12/1998,28.8,26.1,27.4,8.0
12/12/1998,29.0,26.3,27.6,10.2
13/12/1998,29.0,26.1,27.5,10.5
14/12/1998,28.7,26.1,27.4,9.3
15/12/1998,28.9,26.2,27.6,9.6
16/12/1998,29.0,26.1,27.5,7.9
17/12/1998,28.9,26.1,27.5,10.4
18/12/1998,28.9,26.1,27.5,16.8
19/12/1998,28.4,25.8,27.1,11.7
20/12/1998,28.2,26.1,27.2,11.7
21/12/1998,28.5,26.0,27.3,11.2
22/12/1998,28.5,26.1,27.3,12.1
23/12/1998,28.5,25.9,27.2,12.8
24/12/1998,28.5,25.9,27.2,16.5
25/12/1998,28.5,25.8,27.1,13.7
26/12/1998,28.3,25.8,27.1,10.5
27/12/1998,28.5,25.9,27.2,11.1
28/12/1998,28.4,25.8,27.1,10.1
29/12/1998,28.5,26.0,27.3,12.0
30/12/1998,28.6,25.8,27.2,10.5
31/12/1998,28.4,26.0,27.2,12.6
01/01/1999,,,,2.0
02/01/1999,29.2,26.4,27.8,3.2
03/01/1999,29.0,26.2,27.6,7.5
04/01/1999,28.6,25.8,27.2,8.9
05/01/1999,28.8,25.9,27.3,8.7
06/01/1999,28.7,26.0,27.4,6.5
07/01/1999,29.0,26.2,27.6,7.2
08/01/1999,29.0,26.3,27.6,7.1
09/01/1999,29.1,26.3,27.7,8.6
10/01/1999,28.9,26.1,27.5,6.1
11/01/1999,28.9,26.2,27.5,9.1
12/01/1999,28.9,25.9,27.4,10.4
13/01/1999,28.7,25.9,27.3,8.3
14/01/1999,28.5,25.9,27.2,7.2
15/01/1999,28.6,26.0,27.3,7.4
16/01/1999,28.8,26.0,27.4,9.0
17/01/1999,28.8,25.7,27.3,7.0
18/01/1999,28.7,25.9,27.3,6.3
19/01/1999,28.9,26.1,27.5,9.1
20/01/1999,29.0,26.0,27.5,7.8
21/01/1999,28.9,26.0,27.4,10.4
22/01/1999,28.8,25.9,27.3,10.6
23/01/1999,28.7,26.0,27.3,10.9
24/01/1999,28.5,25.9,27.2,16.3
25/01/1999,28.5,25.7,27.1,10.6
26/01/1999,28.5,25.9,27.2,12.0
27/01/1999,28.6,25.7,27.1,10.6
28/01/1999,28.5,25.8,27.1,12.7
29/01/1999,28.4,25.8,27.1,10.1
30/01/1999,28.6,25.8,27.2,12.8
31/01/1999,28.5,25.8,27.2,9.4
01/02/1999,,,,5.0
02/02/1999,28.4,25.9,27.1,10.1
03/02/1999,28.2,25.5,26.9,8.1
04/02/1999,28.0,25.7,26.9,18.1
05/02/1999,27.7,25.3,26.5,17.2
06/02/1999,27.8,25.6,26.7,15.3
07/02/1999,28.1,25.7,26.9,17.9
08/02/1999,28.0,25.6,26.8,17.4
09/02/1999,27.8,25.5,26.7,11.4
10/02/1999,28.1,25.7,26.9,8.2
11/02/1999,28.3,25.9,27.1,8.1
12/02/1999,28.4,26.2,27.3,7.5
13/02/1999,28.3,26.2,27.3,4.9
14/02/1999,28.6,26.4,27.5,5.3
15/02/1999,28.5,26.3,27.4,7.0
16/02/1999,28.5,26.1,27.3,6.4
17/02/1999,28.5,26.2,27.3,8.6
18/02/1999,28.3,25.9,27.1,9.3
19/02/1999,28.3,25.8,27.1,9.3
20/02/1999,28.3,25.8,27.1,10.6
21/02/1999,28.2,25.7,26.9,8.7
22/02/1999,28.3,25.7,27.0,7.4
23/02/1999,28.2,25.9,27.1,8.9
24/02/1999,28.3,25.8,27.0,9.5
25/02/1999,28.2,25.7,27.0,9.7
26/02/1999,28.1,25.6,26.9,9.3
27/02/1999,28.1,25.6,26.8,8.9
28/02/1999,28.3,25.7,27.0,6.2
01/03/1999,,,,12.9
02/03/1999,27.5,25.3,26.4,4.6
03/03/1999,28.4,25.9,27.1,6.0
04/03/1999,28.3,25.7,27.0,9.0
05/03/1999,28.4,25.3,26.9,8.8
06/03/1999,28.1,25.3,26.7,5.4
07/03/1999,28.2,25.6,26.9,5.9
08/03/1999,28.7,25.7,27.2,6.8
09/03/1999,28.4,25.5,26.9,4.4
10/03/1999,28.6,25.9,27.2,5.2
11/03/1999,28.8,25.8,27.3,4.9
12/03/1999,28.8,25.9,27.3,7.5
13/03/1999,28.8,25.6,27.2,7.0
14/03/1999,28.6,25.5,27.1,6.9
15/03/1999,28.7,25.7,27.2,6.3
16/03/1999,28.7,25.8,27.2,6.9
17/03/1999,28.7,25.8,27.3,6.3
18/03/1999,28.8,25.9,27.4,6.9
19/03/1999,28.9,25.8,27.4,6.7
20/03/1999,29.0,25.9,27.4,7.9
21/03/1999,28.8,25.8,27.3,9.3
22/03/1999,28.6,25.7,27.2,9.7
23/03/1999,28.7,25.7,27.2,10.2
24/03/1999,28.5,25.6,27.0,12.7
25/03/1999,28.5,25.7,27.1,13.1
26/03/1999,28.4,25.7,27.1,12.2
27/03/1999,28.4,25.6,27.0,12.9
28/03/1999,28.4,25.6,27.0,14.1
29/03/1999,28.3,25.6,27.0,10.8
30/03/1999,28.4,25.8,27.1,10.6
31/03/1999,28.5,25.7,27.1,9.8
01/04/1999,,,,4.6
02/04/1999,28.8,25.9,27.4,13.5
03/04/1999,28.7,25.2,26.9,15.2
04/04/1999,27.9,25.2,26.6,13.8
05/04/1999,28.0,25.3,26.6,5.0
06/04/1999,28.6,26.0,27.3,8.5
07/04/1999,28.7,25.8,27.2,4.8
08/04/1999,28.8,26.0,27.4,6.7
09/04/1999,28.8,25.9,27.4,9.5
10/04/1999,28.7,25.6,27.2,6.9
11/04/1999,28.5,25.8,27.2,11.6
12/04/1999,28.5,25.5,27.0,11.3
13/04/1999,28.4,25.5,26.9,13.7
14/04/1999,28.2,25.4,26.8,14.8
15/04/1999,28.0,25.3,26.7,16.2
16/04/1999,27.9,25.2,26.6,17.2
17/04/1999,28.0,25.3,26.7,13.5
18/04/1999,28.1,25.4,26.7,17.4
19/04/1999,28.1,25.4,26.8,8.9
20/04/1999,28.1,25.7,26.9,10.9
21/04/1999,28.3,25.5,26.9,10.8
22/04/1999,28.3,25.5,26.9,9.8
23/04/1999,28.1,25.6,26.8,13.5
24/04/1999,28.2,25.5,26.8,11.3
25/04/1999,28.2,25.6,26.9,10.0
26/04/1999,28.2,25.6,26.9,11.3
27/04/1999,28.1,25.6,26.9,10.3
28/04/1999,28.0,25.4,26.7,11.3
29/04/1999,28.1,25.6,26.8,10.4
30/04/1999,28.1,25.7,26.9,10.9
01/05/1999,,,,0.1
02/05/1999,28.4,26.0,27.2,1.2
03/05/1999,28.2,26.0,27.1,12.9
04/05/1999,27.9,24.8,26.4,19.3
05/05/1999,27.3,24.8,26.1,16.2
06/05/1999,27.4,25.0,26.2,12.6
07/05/1999,27.5,24.9,26.2,19.3
08/05/1999,27.1,24.9,26.0,16.7
09/05/1999,27.2,25.0,26.1,16.3
10/05/1999,27.4,24.9,26.2,12.7
11/05/1999,27.4,25.1,26.2,10.1
12/05/1999,27.6,25.3,26.5,9.4
13/05/1999,27.7,25.4,26.6,9.5
14/05/1999,27.6,25.3,26.5,10.9
15/05/1999,27.6,25.3,26.4,8.0
16/05/1999,27.7,25.5,26.6,8.5
17/05/1999,27.6,25.4,26.5,10.2
18/05/1999,27.6,25.4,26.5,7.2
19/05/1999,27.5,25.5,26.5,10.3
20/05/1999,27.4,25.3,26.4,10.3
21/05/1999,27.3,25.3,26.3,6.4
22/05/1999,27.5,25.5,26.5,6.4
23/05/1999,27.6,25.5,26.5,5.0
24/05/1999,27.5,25.6,26.6,4.6
25/05/1999,27.6,25.6,26.6,4.3
26/05/1999,27.7,25.6,26.7,5.6
27/05/1999,27.5,25.4,26.5,5.2
28/05/1999,27.5,25.4,26.5,4.5
29/05/1999,27.6,25.4,26.5,5.7
30/05/1999,27.5,25.3,26.4,7.0
31/05/1999,27.4,25.2,26.3,4.7
01/06/1999,,,,0.6
02/06/1999,28.3,26.1,27.2,0.7
03/06/1999,28.1,25.8,26.9,2.1
04/06/1999,27.8,25.6,26.7,1.5
05/06/1999,28.0,25.9,26.9,2.7
06/06/1999,28.3,25.8,27.0,3.2
07/06/1999,28.1,25.7,26.9,4.5
08/06/1999,27.8,25.3,26.5,3.4
09/06/1999,27.8,25.5,26.7,1.4
10/06/1999,27.9,25.6,26.8,1.7
11/06/1999,27.9,25.6,26.7,1.6
12/06/1999,27.7,25.5,26.6,2.4
13/06/1999,27.4,25.4,26.4,3.3
14/06/1999,27.2,25.2,26.2,2.7
15/06/1999,27.3,25.2,26.3,2.4
16/06/1999,27.4,25.2,26.3,2.0
17/06/1999,27.3,25.2,26.3,2.5
18/06/1999,27.3,25.1,26.2,3.7
19/06/1999,27.3,24.8,26.1,4.0
20/06/1999,27.0,25.0,26.0,5.4
21/06/1999,26.9,24.9,25.9,6.1
22/06/1999,26.9,25.0,25.9,4.6
23/06/1999,27.0,24.9,25.9,2.5
24/06/1999,27.0,25.0,26.0,2.3
25/06/1999,27.0,24.9,26.0,3.0
26/06/1999,27.1,24.8,26.0,3.3
27/06/1999,27.0,24.8,25.9,3.3
28/06/1999,27.0,25.0,26.0,2.5
29/06/1999,27.1,24.9,26.0,3.0
30/06/1999,27.0,24.9,25.9,2.2
01/07/1999,,,,21.8
02/07/1999,25.6,23.8,24.7,3.1
03/07/1999,26.0,24.4,25.2,4.8
04/07/1999,26.0,24.4,25.2,7.6
05/07/1999,25.9,24.0,25.0,4.3
06/07/1999,26.1,24.3,25.2,2.6
07/07/1999,26.3,24.7,25.5,2.1
08/07/1999,26.5,24.8,25.7,1.6
09/07/1999,26.6,24.8,25.7,0.9
10/07/1999,26.5,24.7,25.6,0.8
11/07/1999,26.5,24.6,25.5,1.4
12/07/1999,26.3,24.6,25.4,1.6
13/07/1999,26.3,24.6,25.5,1.7
14/07/1999,26.3,24.7,25.5,1.8
15/07/1999,26.4,24.6,25.5,1.9
16/07/1999,26.3,24.6,25.5,1.8
17/07/1999,26.2,24.6,25.4,1.8
18/07/1999,26.2,24.5,25.3,1.9
19/07/1999,26.2,24.5,25.3,1.7
20/07/1999,26.2,24.5,25.3,1.7
21/07/1999,26.3,24.4,25.4,1.5
22/07/1999,26.3,24.5,25.4,1.4
23/07/1999,26.4,24.5,25.5,1.4
24/07/1999,26.4,24.6,25.5,1.2
25/07/1999,26.4,24.6,25.5,0.9
26/07/1999,26.5,24.6,25.6,1.1
27/07/1999,26.5,24.6,25.6,0.9
28/07/1999,26.5,24.5,25.5,1.0
29/07/1999,26.4,24.5,25.4,0.9
30/07/1999,26.4,24.5,25.4,0.8
31/07/1999,26.5,24.4,25.5,1.2
01/08/1999,,,,2.0
02/08/1999,26.6,24.8,25.7,1.1
03/08/1999,26.7,24.7,25.7,1.3
04/08/1999,26.6,24.4,25.5,1.5
05/08/1999,26.5,24.7,25.6,1.4
06/08/1999,26.4,24.7,25.5,0.6
07/08/1999,26.5,24.4,25.5,0.1
08/08/1999,26.6,23.8,25.2,0.0
09/08/1999,26.5,23.5,25.0,0.5
10/08/1999,26.4,23.7,25.0,1.2
11/08/1999,26.4,23.9,25.2,1.6
12/08/1999,26.6,24.3,25.4,1.4
13/08/1999,26.7,24.5,25.6,0.7
14/08/1999,26.7,24.5,25.6,0.4
15/08/1999,26.7,24.5,25.6,0.6
16/08/1999,26.7,24.4,25.5,0.7
17/08/1999,26.7,24.3,25.5,0.6
18/08/1999,26.6,24.5,25.5,0.9
19/08/1999,26.7,24.4,25.5,1.4
20/08/1999,26.6,24.5,25.6,1.2
21/08/1999,26.8,24.6,25.7,1.0
22/08/1999,26.8,24.7,25.8,1.4
23/08/1999,26.9,24.6,25.8,1.0
24/08/1999,26.8,24.7,25.8,1.0
25/08/1999,27.0,24.7,25.8,0.9
26/08/1999,27.0,24.7,25.8,0.7
27/08/1999,27.0,24.7,25.8,0.7
28/08/1999,27.2,24.7,26.0,1.1
29/08/1999,27.2,24.7,25.9,0.9
30/08/1999,27.0,24.7,25.9,1.0
31/08/1999,27.1,24.6,25.9,0.9
01/09/1999,,,,0.0
02/09/1999,27.4,24.4,25.9,0.0
03/09/1999,27.5,24.1,25.8,0.0
04/09/1999,27.6,23.8,25.7,0.0
05/09/1999,27.6,23.6,25.6,0.1
06/09/1999,27.7,24.2,25.9,0.1
07/09/1999,27.6,24.7,26.2,0.1
08/09/1999,27.7,24.7,26.2,0.2
09/09/1999,27.4,24.5,26.0,0.7
10/09/1999,27.4,24.7,26.0,0.6
11/09/1999,27.5,24.7,26.1,0.7
12/09/1999,27.5,24.7,26.1,0.5
13/09/1999,27.4,24.7,26.1,0.7
14/09/1999,27.5,24.6,26.1,0.3
15/09/1999,27.5,24.7,26.1,0.2
16/09/1999,27.7,24.7,26.2,0.4
17/09/1999,27.6,24.7,26.2,0.5
18/09/1999,27.6,24.8,26.2,0.7
19/09/1999,27.6,24.9,26.3,0.5
20/09/1999,27.6,24.9,26.2,0.5
21/09/1999,27.7,24.9,26.3,0.5
22/09/1999,27.7,24.8,26.3,0.8
23/09/1999,27.8,25.0,26.4,0.8
24/09/1999,27.7,25.0,26.4,0.6
25/09/1999,28.0,25.0,26.5,0.6
26/09/1999,27.9,24.9,26.4,1.1
27/09/1999,28.0,25.0,26.5,0.7
28/09/1999,28.1,25.2,26.6,0.8
29/09/1999,28.1,25.2,26.7,1.4
30/09/1999,28.1,25.2,26.7,1.3
01/10/1999,,,,0.3
02/10/1999,28.3,25.1,26.7,0.9
03/10/1999,28.1,25.2,26.6,0.5
04/10/1999,28.3,25.4,26.9,0.7
05/10/1999,28.4,25.5,27.0,0.9
06/10/1999,28.4,25.5,26.9,0.6
07/10/1999,28.5,25.3,26.9,0.9
08/10/1999,28.8,25.3,27.0,1.3
09/10/1999,28.6,25.6,27.1,2.8
10/10/1999,28.3,25.5,26.9,2.4
11/10/1999,28.5,25.5,27.0,2.3
12/10/1999,28.6,25.5,27.0,1.5
13/10/1999,28.6,25.5,27.0,1.4
14/10/1999,28.6,25.6,27.1,1.6
15/10/1999,28.6,25.4,27.0,1.2
16/10/1999,28.6,25.6,27.1,1.1
17/10/1999,28.8,25.6,27.2,1.1
18/10/1999,28.9,25.7,27.3,1.2
19/10/1999,29.1,25.7,27.4,1.3
20/10/1999,29.1,25.8,27.5,1.7
21/10/1999,29.2,25.8,27.5,1.2
22/10/1999,29.3,25.8,27.6,1.0
23/10/1999,29.4,26.0,27.7,1.8
24/10/1999,29.3,26.0,27.7,2.7
25/10/1999,29.3,25.8,27.6,2.2
26/10/1999,29.2,26.0,27.6,1.9
27/10/1999,29.4,25.9,27.7,2.4
28/10/1999,29.4,26.1,27.7,2.6
29/10/1999,29.3,26.0,27.7,2.0
30/10/1999,29.6,26.1,27.8,2.7
31/10/1999,29.5,26.0,27.8,2.5
01/11/1999,,,,1.2
02/11/1999,29.5,25.9,27.7,1.0
03/11/1999,29.1,25.7,27.4,3.1
04/11/1999,28.7,25.6,27.1,1.9
05/11/1999,28.9,25.9,27.4,3.5
06/11/1999,29.1,25.9,27.5,3.7
07/11/1999,29.2,26.2,27.7,2.0
08/11/1999,29.5,26.3,27.9,2.2
09/11/1999,29.8,26.4,28.1,5.5
10/11/1999,29.5,26.0,27.8,9.9
11/11/1999,29.0,25.7,27.3,10.5
12/11/1999,28.7,25.6,27.1,7.0
13/11/1999,28.5,25.7,27.1,4.6
14/11/1999,28.8,25.7,27.3,4.5
15/11/1999,29.1,25.8,27.4,3.3
16/11/1999,29.3,25.9,27.6,4.2
17/11/1999,29.2,25.9,27.6,4.2
18/11/1999,29.3,26.1,27.7,4.6
19/11/1999,29.3,26.3,27.8,3.3
20/11/1999,29.5,26.2,27.9,4.4
21/11/1999,29.5,26.3,27.9,3.4
22/11/1999,29.5,26.3,27.9,2.7
23/11/1999,29.6,26.3,28.0,3.4
24/11/1999,29.5,26.1,27.8,3.4
25/11/1999,29.5,26.3,27.9,3.4
26/11/1999,29.6,26.2,27.9,5.7
27/11/1999,29.6,26.2,27.9,4.3
28/11/1999,29.6,26.2,27.9,6.8
29/11/1999,29.4,26.1,27.8,5.7
30/11/1999,29.4,26.1,27.8,6.8
01/12/1999,,,,3.7
02/12/1999,30.3,26.5,28.4,6.1
03/12/1999,29.5,26.3,27.9,11.9
04/12/1999,28.9,25.4,27.2,11.3
05/12/1999,28.6,25.6,27.1,14.5
06/12/1999,28.4,25.5,27.0,14.7
07/12/1999,28.5,25.6,27.0,14.7
08/12/1999,28.6,25.7,27.1,15.0
09/12/1999,28.6,25.8,27.2,15.8
10/12/1999,28.3,25.7,27.0,19.9
11/12/1999,28.3,25.5,26.9,15.8
12/12/1999,28.3,25.6,27.0,17.4
13/12/1999,28.2,25.6,26.9,14.7
14/12/1999,28.1,25.5,26.8,15.4
15/12/1999,28.2,25.6,26.9,14.5
16/12/1999,28.5,25.8,27.1,10.2
17/12/1999,28.7,26.0,27.4,8.5
18/12/1999,28.7,25.9,27.3,8.7
19/12/1999,28.7,26.2,27.4,8.8
20/12/1999,28.8,26.1,27.4,8.0
21/12/1999,28.8,26.1,27.4,7.4
22/12/1999,28.8,26.1,27.5,9.0
23/12/1999,28.8,25.9,27.4,8.5
24/12/1999,28.8,26.0,27.4,10.3
25/12/1999,28.8,26.0,27.4,10.4
26/12/1999,28.7,25.9,27.3,11.0
27/12/1999,28.5,25.8,27.2,12.5
28/12/1999,28.4,25.7,27.0,12.7
29/12/1999,28.5,25.9,27.2,10.0
30/12/1999,28.5,25.9,27.2,12.2
31/12/1999,28.7,25.8,27.3,13.5
01/01/2000,,,,2.8
02/01/2000,29.2,25.8,27.5,5.7
03/01/2000,28.9,25.7,27.3,4.0
04/01/2000,28.8,25.9,27.4,3.3
05/01/2000,29.4,26.2,27.8,4.1
06/01/2000,29.2,26.0,27.6,7.0
07/01/2000,29.0,25.7,27.4,9.5
08/01/2000,28.6,25.6,27.1,9.5
09/01/2000,28.6,25.6,27.1,12.9
10/01/2000,28.6,25.5,27.0,14.5
11/01/2000,28.3,25.5,26.9,15.9
12/01/2000,28.2,25.5,26.9,14.5
13/01/2000,28.3,25.6,27.0,13.4
14/01/2000,28.3,25.5,26.9,13.8
15/01/2000,28.2,25.6,26.9,9.6
16/01/2000,28.3,25.8,27.0,10.3
17/01/2000,28.4,25.7,27.1,9.4
18/01/2000,28.4,25.7,27.1,9.2
19/01/2000,28.4,25.8,27.1,12.1
20/01/2000,28.5,25.6,27.1,11.5
21/01/2000,28.4,25.7,27.1,12.9
22/01/2000,28.4,25.7,27.1,14.2
23/01/2000,28.4,25.8,27.1,14.0
24/01/2000,28.4,25.8,27.1,14.5
25/01/2000,28.5,25.9,27.2,13.2
26/01/2000,28.6,25.9,27.2,13.5
27/01/2000,28.4,25.9,27.1,10.6
28/01/2000,28.6,26.0,27.3,12.4
29/01/2000,28.4,25.9,27.2,11.9
30/01/2000,28.6,26.0,27.3,12.9
31/01/2000,28.6,25.9,27.2,12.1
01/02/2000,,,,2.2
02/02/2000,28.8,26.0,27.4,12.8
03/02/2000,28.4,25.3,26.9,7.2
04/02/2000,28.1,25.8,27.0,7.0
05/02/2000,28.3,25.9,27.1,8.1
06/02/2000,28.7,25.9,27.3,9.0
07/02/2000,28.6,25.5,27.0,10.4
08/02/2000,28.3,25.6,27.0,7.0
09/02/2000,28.4,25.9,27.2,7.3
10/02/2000,28.8,26.0,27.4,5.9
11/02/2000,28.8,25.9,27.4,6.3
12/02/2000,28.7,25.9,27.3,7.1
13/02/2000,28.7,25.9,27.3,8.2
14/02/2000,28.7,25.6,27.1,9.2
15/02/2000,28.5,25.6,27.1,10.7
16/02/2000,28.3,25.4,26.9,10.1
17/02/2000,28.4,25.5,26.9,11.4
18/02/2000,28.2,25.6,26.9,11.6
19/02/2000,28.3,25.7,27.0,9.3
20/02/2000,28.5,25.7,27.1,7.7
21/02/2000,28.5,25.9,27.2,7.7
22/02/2000,28.7,26.0,27.4,8.7
23/02/2000,28.7,25.9,27.3,8.8
24/02/2000,28.5,25.8,27.2,8.9
25/02/2000,28.6,25.9,27.3,9.5
26/02/2000,28.6,26.0,27.3,8.3
27/02/2000,28.7,25.9,27.3,11.9
28/02/2000,28.5,25.7,27.1,11.7
29/02/2000,28.7,25.7,27.2,11.1
01/03/2000,,,,1.0
02/03/2000,28.5,26.8,27.7,7.4
03/03/2000,29.0,25.9,27.5,8.7
04/03/2000,28.4,25.9,27.1,7.8
05/03/2000,28.6,25.7,27.2,6.9
06/03/2000,28.7,25.6,27.2,10.6
07/03/2000,28.6,25.3,27.0,11.3
08/03/2000,28.2,25.1,26.7,15.7
09/03/2000,28.1,25.0,26.5,15.9
10/03/2000,27.9,25.0,26.4,15.5
11/03/2000,27.8,25.4,26.6,11.4
12/03/2000,27.9,25.4,26.7,10.5
13/03/2000,28.2,25.6,26.9,9.5
14/03/2000,28.3,25.6,26.9,11.1
15/03/2000,28.4,25.7,27.0,11.4
16/03/2000,28.4,25.6,27.0,8.1
17/03/2000,28.5,25.7,27.1,9.0
18/03/2000,28.6,25.7,27.2,7.3
19/03/2000,28.7,25.7,27.2,10.4
20/03/2000,28.6,25.6,27.1,10.5
21/03/2000,28.6,25.5,27.0,9.4
22/03/2000,28.5,25.7,27.1,11.5
23/03/2000,28.4,25.6,27.0,9.8
24/03/2000,28.5,25.7,27.1,10.3
25/03/2000,28.4,25.6,27.0,10.6
26/03/2000,28.6,25.6,27.1,12.8
27/03/2000,28.6,25.6,27.1,11.8
28/03/2000,28.2,25.5,26.9,11.7
29/03/2000,28.4,25.5,26.9,9.0
30/03/2000,28.3,25.6,27.0,11.8
31/03/2000,28.5,25.5,27.0,10.3
01/04/2000,,,,0.6
02/04/2000,29.6,26.6,28.1,1.0
03/04/2000,29.5,26.4,28.0,2.6
04/04/2000,29.5,26.4,27.9,6.3
05/04/2000,29.0,25.8,27.4,9.5
06/04/2000,28.6,25.7,27.1,12.3
07/04/2000,28.4,25.5,26.9,12.5
08/04/2000,28.3,25.4,26.8,18.3
09/04/2000,27.9,25.1,26.5,16.9
10/04/2000,27.8,25.2,26.5,16.5
11/04/2000,27.9,25.3,26.6,17.1
12/04/2000,27.9,25.6,26.8,17.0
13/04/2000,28.0,25.5,26.7,11.5
14/04/2000,28.1,25.7,26.9,11.8
15/04/2000,28.2,25.5,26.9,10.5
16/04/2000,28.2,25.6,26.9,10.1
17/04/2000,28.2,25.7,26.9,11.7
18/04/2000,28.4,25.5,26.9,12.2
19/04/2000,28.2,25.6,26.9,10.5
20/04/2000,28.3,25.6,26.9,8.5
21/04/2000,28.3,25.7,27.0,7.3
22/04/2000,28.5,25.8,27.1,9.5
23/04/2000,28.6,25.8,27.2,9.2
24/04/2000,28.3,25.7,27.0,9.6
25/04/2000,28.2,25.5,26.9,9.6
26/04/2000,28.1,25.5,26.8,9.4
27/04/2000,28.2,25.4,26.8,8.9
28/04/2000,28.0,25.5,26.8,11.3
29/04/2000,28.1,25.5,26.8,9.0
30/04/2000,28.2,25.6,26.9,9.9
01/05/2000,,,,0.3
02/05/2000,29.3,26.5,27.9,1.3
03/05/2000,28.4,25.9,27.2,2.5
04/05/2000,28.0,25.4,26.7,2.8
05/05/2000,27.9,25.4,26.6,4.7
06/05/2000,27.8,25.4,26.6,12.6
07/05/2000,27.7,25.1,26.4,16.3
08/05/2000,27.5,25.3,26.4,13.1
09/05/2000,27.9,25.4,26.6,14.7
10/05/2000,27.7,25.3,26.5,11.5
11/05/2000,27.9,25.4,26.6,12.1
12/05/2000,27.8,25.3,26.5,11.4
13/05/2000,27.6,25.4,26.5,16.6
14/05/2000,27.5,25.2,26.4,14.8
15/05/2000,27.6,25.5,26.5,13.8
16/05/2000,27.7,25.5,26.6,10.4
17/05/2000,27.9,25.6,26.7,11.0
18/05/2000,27.9,25.6,26.8,8.9
19/05/2000,27.9,25.6,26.8,11.4
20/05/2000,27.9,25.5,26.7,8.8
21/05/2000,27.9,25.7,26.8,10.5
22/05/2000,27.8,25.6,26.7,7.5
23/05/2000,27.8,25.7,26.7,8.4
24/05/2000,27.7,25.6,26.6,8.1
25/05/2000,27.8,25.7,26.7,7.8
26/05/2000,27.7,25.7,26.7,6.6
27/05/2000,27.7,25.8,26.7,10.0
28/05/2000,27.6,25.7,26.6,10.6
29/05/2000,27.6,25.6,26.6,8.0
30/05/2000,27.5,25.6,26.6,11.9
31/05/2000,27.6,25.4,26.5,10.1
01/06/2000,,,,1.2
02/06/2000,26.7,25.3,26.0,2.2
03/06/2000,26.8,25.0,25.9,3.9
04/06/2000,26.7,25.2,26.0,10.5
05/06/2000,26.7,25.0,25.9,5.8
06/06/2000,27.0,25.2,26.1,6.7
07/06/2000,27.1,25.2,26.1,7.2
08/06/2000,27.0,25.1,26.1,8.5
09/06/2000,27.1,25.0,26.1,7.3
10/06/2000,26.9,25.1,26.0,4.7
11/06/2000,26.8,25.0,25.9,2.5
12/06/2000,26.5,24.8,25.6,1.7
13/06/2000,26.2,24.4,25.3,2.1
14/06/2000,26.2,24.3,25.3,1.2
15/06/2000,26.5,24.5,25.5,1.6
16/06/2000,26.6,24.7,25.7,2.2
17/06/2000,26.7,24.9,25.8,1.7
18/06/2000,26.7,24.9,25.8,2.4
19/06/2000,26.7,24.7,25.7,4.5
20/06/2000,26.6,24.8,25.7,3.7
21/06/2000,26.7,24.8,25.8,3.3
22/06/2000,26.6,24.8,25.7,2.9
23/06/2000,26.6,24.7,25.7,2.2
24/06/2000,26.6,24.7,25.6,1.9
25/06/2000,26.5,24.7,25.6,1.5
26/06/2000,26.5,24.7,25.6,1.6
27/06/2000,26.7,24.7,25.7,1.6
28/06/2000,26.6,24.7,25.7,1.2
29/06/2000,26.6,24.7,25.6,1.2
30/06/2000,26.6,24.7,25.7,0.9
01/07/2000,,,,1.3
02/07/2000,26.2,24.8,25.5,2.6
03/07/2000,26.3,24.7,25.5,2.8
04/07/2000,26.6,24.8,25.7,1.6
05/07/2000,26.8,24.9,25.9,1.2
06/07/2000,26.8,25.0,25.9,1.1
07/07/2000,26.8,24.8,25.8,0.8
08/07/2000,26.6,24.5,25.6,0.4
09/07/2000,26.6,24.3,25.4,0.4
10/07/2000,26.5,24.2,25.4,0.3
11/07/2000,26.5,24.4,25.5,0.6
12/07/2000,26.2,24.0,25.1,1.0
13/07/2000,26.0,23.9,25.0,1.4
14/07/2000,26.2,24.2,25.2,0.8
15/07/2000,26.5,24.5,25.5,0.5
16/07/2000,26.5,24.4,25.5,0.3
17/07/2000,26.5,24.2,25.3,0.3
18/07/2000,26.4,24.1,25.2,0.3
19/07/2000,26.5,24.3,25.4,0.4
20/07/2000,26.4,24.2,25.3,0.6
21/07/2000,26.4,24.1,25.3,0.7
22/07/2000,26.4,24.2,25.3,0.6
23/07/2000,26.4,24.2,25.3,0.9
24/07/2000,26.4,24.2,25.3,1.1
25/07/2000,26.4,24.1,25.3,1.0
26/07/2000,26.4,24.2,25.3,0.6
27/07/2000,26.3,24.3,25.3,0.9
28/07/2000,26.4,24.2,25.3,1.1
29/07/2000,26.4,24.2,25.3,0.7
30/07/2000,26.4,24.4,25.4,1.0
31/07/2000,26.5,24.4,25.4,0.9
01/08/2000,,,,0.4
02/08/2000,26.0,24.1,25.1,0.8
03/08/2000,26.5,24.5,25.5,2.9
04/08/2000,26.1,24.2,25.2,2.4
05/08/2000,26.3,24.5,25.4,1.8
06/08/2000,26.3,24.4,25.3,1.1
07/08/2000,26.5,24.4,25.4,0.7
08/08/2000,26.4,24.3,25.4,0.7
09/08/2000,26.6,24.3,25.4,0.7
10/08/2000,26.8,24.3,25.5,0.3
11/08/2000,26.8,24.4,25.6,0.5
12/08/2000,26.7,24.4,25.6,0.7
13/08/2000,26.8,24.4,25.6,0.8
14/08/2000,26.6,24.5,25.6,1.1
15/08/2000,26.6,24.6,25.6,0.9
16/08/2000,26.5,24.4,25.5,0.6
17/08/2000,26.7,24.4,25.6,0.9
18/08/2000,26.7,24.2,25.5,1.0
19/08/2000,26.6,24.3,25.4,0.6
20/08/2000,26.7,24.4,25.5,0.7
21/08/2000,26.6,24.3,25.4,1.0
22/08/2000,26.6,24.4,25.5,1.0
23/08/2000,26.7,24.4,25.5,0.7
24/08/2000,26.8,24.3,25.6,0.6
25/08/2000,26.8,24.3,25.6,0.5
26/08/2000,26.9,24.3,25.6,0.4
27/08/2000,26.9,24.4,25.6,0.6
28/08/2000,26.9,24.3,25.6,0.5
29/08/2000,27.0,24.3,25.7,0.2
30/08/2000,27.0,24.3,25.7,0.4
31/08/2000,27.1,24.3,25.7,0.3
01/09/2000,,,,0.0
02/09/2000,28.3,24.3,26.3,0.1
03/09/2000,28.8,25.0,26.9,0.2
04/09/2000,28.6,24.5,26.6,0.0
05/09/2000,28.4,24.5,26.5,0.0
06/09/2000,28.4,24.5,26.4,0.0
07/09/2000,28.5,24.5,26.5,0.0
08/09/2000,28.6,24.4,26.5,0.0
09/09/2000,28.6,24.7,26.7,0.2
10/09/2000,28.6,25.2,26.9,0.9
11/09/2000,28.4,25.4,26.9,1.5
12/09/2000,28.1,25.3,26.7,0.9
13/09/2000,28.1,25.2,26.7,0.8
14/09/2000,28.1,25.3,26.7,0.9
15/09/2000,28.2,25.2,26.7,0.9
16/09/2000,28.0,25.3,26.7,0.9
17/09/2000,28.2,25.5,26.8,0.7
18/09/2000,28.2,25.5,26.8,1.1
19/09/2000,28.1,25.4,26.7,1.0
20/09/2000,28.2,25.3,26.8,1.1
21/09/2000,28.1,25.4,26.8,1.5
22/09/2000,28.3,25.4,26.8,1.3
23/09/2000,28.3,25.3,26.8,1.1
24/09/2000,28.4,25.3,26.9,1.1
25/09/2000,28.5,25.3,26.9,1.5
26/09/2000,28.3,25.3,26.8,1.3
27/09/2000,28.3,25.5,26.9,1.1
28/09/2000,28.5,25.4,27.0,1.8
29/09/2000,28.4,25.5,27.0,0.8
30/09/2000,28.5,25.5,27.0,1.2
01/10/2000,,,,0.9
02/10/2000,28.9,25.8,27.3,1.2
03/10/2000,28.7,25.5,27.1,2.4
04/10/2000,28.5,25.5,27.0,2.0
05/10/2000,28.3,25.5,26.9,2.9
06/10/2000,28.2,25.4,26.8,3.9
07/10/2000,28.0,25.2,26.6,3.2
08/10/2000,28.0,25.3,26.7,4.1
09/10/2000,28.1,25.4,26.7,4.2
10/10/2000,28.2,25.5,26.9,3.3
11/10/2000,28.5,25.5,27.0,1.7
12/10/2000,28.6,25.3,27.0,0.7
13/10/2000,28.7,25.4,27.0,0.8
14/10/2000,28.9,25.6,27.2,0.9
15/10/2000,29.1,25.7,27.4,0.7
16/10/2000,29.1,25.8,27.4,0.7
17/10/2000,29.1,25.8,27.4,0.7
18/10/2000,29.2,25.8,27.5,1.3
19/10/2000,29.2,25.8,27.5,1.1
20/10/2000,29.3,25.9,27.6,1.2
21/10/2000,29.3,25.7,27.5,0.9
22/10/2000,29.5,25.9,27.7,1.0
23/10/2000,29.5,25.9,27.7,1.1
24/10/2000,29.6,25.9,27.8,1.5
25/10/2000,29.4,25.9,27.6,1.5
26/10/2000,29.5,25.9,27.7,1.9
27/10/2000,29.4,26.0,27.7,2.5
28/10/2000,29.5,26.0,27.8,1.6
29/10/2000,29.7,25.9,27.8,0.9
30/10/2000,29.7,26.0,27.9,1.0
31/10/2000,29.7,26.0,27.9,2.2
01/11/2000,,,,0.2
02/11/2000,30.5,26.6,28.5,0.1
03/11/2000,30.5,26.9,28.7,0.6
04/11/2000,30.6,26.8,28.7,1.3
05/11/2000,30.4,26.7,28.5,2.2
06/11/2000,30.1,26.4,28.3,1.9
07/11/2000,30.0,26.4,28.2,2.1
08/11/2000,29.9,26.3,28.1,2.5
09/11/2000,29.7,26.4,28.0,2.5
10/11/2000,29.6,26.4,28.0,2.3
11/11/2000,29.6,26.5,28.1,2.2
12/11/2000,29.8,26.6,28.2,4.1
13/11/2000,29.7,26.3,28.0,3.8
14/11/2000,29.5,26.3,27.9,2.9
15/11/2000,29.7,26.4,28.0,3.9
16/11/2000,29.7,26.4,28.1,3.1
17/11/2000,29.9,26.5,28.2,3.1
18/11/2000,29.9,26.7,28.3,4.8
19/11/2000,29.8,26.5,28.2,5.0
20/11/2000,29.7,26.4,28.1,4.8
21/11/2000,29.7,26.4,28.1,5.0
22/11/2000,29.6,26.4,28.0,3.8
23/11/2000,29.8,26.5,28.1,6.7
24/11/2000,29.8,26.5,28.2,6.9
25/11/2000,29.7,26.4,28.1,7.8
26/11/2000,29.6,26.5,28.0,5.6
27/11/2000,29.6,26.4,28.0,6.6
28/11/2000,29.6,26.5,28.0,5.8
29/11/2000,29.7,26.4,28.0,7.0
30/11/2000,29.6,26.3,27.9,9.1
01/12/2000,,,,5.4
02/12/2000,28.6,26.0,27.3,13.4
03/12/2000,28.9,26.2,27.6,17.2
04/12/2000,28.9,25.7,27.3,15.5
05/12/2000,28.3,26.0,27.2,11.5
06/12/2000,28.6,26.1,27.4,7.4
07/12/2000,28.9,26.4,27.6,3.8
08/12/2000,29.1,26.7,27.9,4.0
09/12/2000,29.2,26.8,28.0,4.7
10/12/2000,29.3,26.7,28.0,7.2
11/12/2000,29.2,26.4,27.8,9.3
12/12/2000,28.8,26.0,27.4,8.1
13/12/2000,28.8,26.1,27.5,5.1
14/12/2000,28.8,26.4,27.6,6.1
15/12/2000,29.1,26.3,27.7,5.6
16/12/2000,29.0,26.2,27.6,6.0
17/12/2000,28.9,26.2,27.6,6.9
18/12/2000,28.9,26.1,27.5,6.9
19/12/2000,28.9,26.0,27.4,7.2
20/12/2000,28.8,26.0,27.4,6.8
21/12/2000,28.8,26.0,27.4,8.0
22/12/2000,28.8,26.0,27.4,7.8
23/12/2000,28.8,26.0,27.4,6.8
24/12/2000,28.8,26.1,27.4,8.2
25/12/2000,28.8,26.0,27.4,9.5
26/12/2000,28.8,26.0,27.4,13.1
27/12/2000,28.6,25.8,27.2,12.9
28/12/2000,28.6,25.8,27.2,10.0
29/12/2000,28.6,26.0,27.3,12.3
30/12/2000,28.7,25.9,27.3,8.3
31/12/2000,28.7,26.0,27.3,9.7
01/01/2001,,,,1.5
02/01/2001,30.1,27.0,28.5,10.5
03/01/2001,29.1,26.0,27.5,10.7
04/01/2001,28.3,25.6,26.9,15.0
05/01/2001,28.0,25.3,26.6,15.5
06/01/2001,28.2,25.2,26.7,16.9
07/01/2001,28.0,25.3,26.6,18.6
08/01/2001,27.9,25.3,26.6,10.8
09/01/2001,28.0,25.6,26.8,9.7
10/01/2001,28.5,25.7,27.1,13.2
11/01/2001,28.4,25.7,27.1,17.4
12/01/2001,28.3,25.5,26.9,12.7
13/01/2001,28.2,25.4,26.8,14.6
14/01/2001,28.5,25.5,27.0,15.2
15/01/2001,28.3,25.4,26.8,19.0
16/01/2001,28.1,25.3,26.7,15.7
17/01/2001,28.2,25.4,26.8,18.7
18/01/2001,28.1,25.6,26.8,16.6
19/01/2001,28.2,25.7,27.0,15.4
20/01/2001,28.3,25.7,27.0,18.7
21/01/2001,28.2,25.6,26.9,20.8
22/01/2001,28.0,25.4,26.7,15.9
23/01/2001,28.0,25.8,26.9,13.5
24/01/2001,28.4,25.8,27.1,13.9
25/01/2001,28.4,25.9,27.1,11.0
26/01/2001,28.5,26.0,27.3,12.3
27/01/2001,28.5,25.9,27.2,11.7
28/01/2001,28.4,26.1,27.2,16.2
29/01/2001,28.3,25.7,27.0,13.8
30/01/2001,28.2,25.8,27.0,16.1
31/01/2001,28.2,25.7,26.9,13.8
01/02/2001,,,,4.6
02/02/2001,29.2,26.0,27.6,6.7
03/02/2001,28.7,25.8,27.3,13.0
04/02/2001,28.4,25.9,27.1,12.1
05/02/2001,28.5,25.9,27.2,19.5
06/02/2001,28.3,25.6,27.0,23.7
07/02/2001,27.7,25.5,26.6,16.5
08/02/2001,27.9,25.7,26.8,12.5
09/02/2001,28.3,26.0,27.1,15.5
10/02/2001,28.2,25.9,27.0,19.4
11/02/2001,28.1,25.8,27.0,18.5
12/02/2001,28.0,25.8,26.9,17.2
13/02/2001,28.1,25.7,26.9,19.0
14/02/2001,27.9,25.6,26.7,21.1
15/02/2001,27.9,25.5,26.7,22.8
16/02/2001,27.6,25.6,26.6,15.2
17/02/2001,27.8,25.8,26.8,15.4
18/02/2001,28.0,25.7,26.9,8.4
19/02/2001,28.2,26.0,27.1,7.8
20/02/2001,28.4,26.0,27.2,5.7
21/02/2001,28.5,26.2,27.4,7.5
22/02/2001,28.5,26.1,27.3,7.4
23/02/2001,28.5,26.1,27.3,9.1
24/02/2001,28.6,26.2,27.4,7.1
25/02/2001,28.4,26.1,27.3,7.1
26/02/2001,28.5,26.1,27.3,6.8
27/02/2001,28.5,26.1,27.3,6.4
28/02/2001,28.5,26.1,27.3,9.1
01/03/2001,,,,1.6
02/03/2001,29.1,26.5,27.8,1.0
03/03/2001,29.0,26.5,27.7,2.0
04/03/2001,29.1,26.1,27.6,5.5
05/03/2001,28.8,25.6,27.2,5.5
06/03/2001,28.7,25.7,27.2,6.1
07/03/2001,28.8,25.7,27.3,11.1
08/03/2001,28.4,25.5,26.9,13.2
09/03/2001,28.1,25.4,26.8,14.9
10/03/2001,27.9,25.3,26.6,12.6
11/03/2001,28.0,25.3,26.7,11.3
12/03/2001,28.1,25.3,26.7,11.7
13/03/2001,28.1,25.4,26.7,12.3
14/03/2001,28.0,25.4,26.7,12.7
15/03/2001,28.0,25.4,26.7,14.7
16/03/2001,27.9,25.2,26.6,18.1
17/03/2001,27.8,25.3,26.6,14.2
18/03/2001,27.9,25.5,26.7,11.4
19/03/2001,28.1,25.5,26.8,10.9
20/03/2001,28.1,25.6,26.8,9.0
21/03/2001,28.3,25.6,26.9,12.0
22/03/2001,28.3,25.6,26.9,14.1
23/03/2001,28.2,25.6,26.9,7.8
24/03/2001,28.2,25.7,27.0,6.1
25/03/2001,28.6,25.8,27.2,9.3
26/03/2001,28.6,25.8,27.2,10.2
27/03/2001,28.4,25.7,27.0,9.2
28/03/2001,28.4,25.7,27.0,5.8
29/03/2001,28.5,25.8,27.1,9.4
30/03/2001,28.6,25.6,27.1,10.5
31/03/2001,28.4,25.6,27.0,11.5
01/04/2001,,,,9.6
02/04/2001,28.0,25.5,26.7,5.1
03/04/2001,28.6,25.8,27.2,7.4
04/04/2001,28.6,25.6,27.1,10.3
05/04/2001,28.4,25.4,26.9,6.4
06/04/2001,28.5,25.8,27.2,7.1
07/04/2001,28.8,25.9,27.3,14.4
08/04/2001,28.4,25.4,26.9,9.8
09/04/2001,28.1,25.4,26.8,14.3
10/04/2001,28.3,25.4,26.8,15.3
11/04/2001,28.2,25.3,26.7,18.6
12/04/2001,27.8,25.3,26.6,14.9
13/04/2001,28.0,25.5,26.7,16.6
14/04/2001,28.1,25.6,26.9,16.4
15/04/2001,27.9,25.4,26.6,14.7
16/04/2001,27.8,25.5,26.6,13.1
17/04/2001,28.0,25.6,26.8,11.7
18/04/2001,28.2,25.6,26.9,14.3
19/04/2001,28.0,25.5,26.7,12.2
20/04/2001,28.0,25.6,26.8,11.2
21/04/2001,28.1,25.6,26.9,12.8
22/04/2001,28.2,25.6,26.9,11.6
23/04/2001,28.1,25.6,26.9,14.7
24/04/2001,28.0,25.6,26.8,13.4
25/04/2001,27.9,25.6,26.8,15.4
26/04/2001,28.1,25.7,26.9,11.4
27/04/2001,28.1,25.7,26.9,12.2
28/04/2001,28.1,25.6,26.8,13.8
29/04/2001,27.9,25.6,26.7,10.7
30/04/2001,27.9,25.6,26.8,14.8
01/05/2001,,,,4.5
02/05/2001,29.0,25.9,27.5,6.1
03/05/2001,28.4,25.5,26.9,7.8
04/05/2001,27.9,25.8,26.8,13.4
05/05/2001,27.9,25.6,26.8,11.3
06/05/2001,27.9,25.6,26.8,16.4
07/05/2001,27.8,25.4,26.6,12.9
08/05/2001,27.5,25.3,26.4,10.0
09/05/2001,27.6,25.4,26.5,9.2
10/05/2001,27.8,25.7,26.7,11.2
11/05/2001,27.7,25.6,26.6,12.7
12/05/2001,27.5,25.6,26.5,6.3
13/05/2001,27.6,25.7,26.6,7.7
14/05/2001,27.9,25.9,26.9,5.1
15/05/2001,28.0,25.9,27.0,3.8
16/05/2001,28.0,25.8,26.9,3.8
17/05/2001,28.0,25.9,26.9,3.2
18/05/2001,28.1,25.8,26.9,3.3
19/05/2001,28.0,25.8,26.9,4.1
20/05/2001,27.9,25.8,26.9,6.2
21/05/2001,27.8,25.6,26.7,5.5
22/05/2001,27.9,25.7,26.8,2.8
23/05/2001,27.9,26.0,27.0,3.4
24/05/2001,27.8,25.7,26.7,3.2
25/05/2001,27.7,25.7,26.7,2.7
26/05/2001,27.8,25.9,26.8,3.2
27/05/2001,27.8,25.9,26.8,2.7
28/05/2001,27.8,25.7,26.8,2.3
29/05/2001,27.8,25.7,26.7,3.7
30/05/2001,27.8,25.7,26.8,4.4
31/05/2001,27.7,25.5,26.6,4.8
01/06/2001,,,,3.0
02/06/2001,27.6,25.4,26.5,12.5
03/06/2001,26.9,24.9,25.9,9.1
04/06/2001,27.0,25.0,26.0,8.9
05/06/2001,27.1,25.1,26.1,5.6
06/06/2001,27.3,25.2,26.2,3.2
07/06/2001,27.5,25.7,26.6,6.5
08/06/2001,27.4,25.2,26.3,9.5
09/06/2001,27.1,25.1,26.1,10.0
10/06/2001,27.3,25.0,26.2,9.0
11/06/2001,27.3,25.1,26.2,8.7
12/06/2001,27.4,25.2,26.3,9.3
13/06/2001,27.3,25.0,26.1,11.7
14/06/2001,27.1,25.0,26.0,11.0
15/06/2001,26.9,25.1,26.0,6.0
16/06/2001,26.8,25.0,25.9,6.1
17/06/2001,27.0,25.0,26.0,7.2
18/06/2001,26.7,24.9,25.8,4.0
19/06/2001,26.8,25.0,25.9,6.4
20/06/2001,26.8,24.8,25.8,3.3
21/06/2001,26.8,24.9,25.9,3.6
22/06/2001,26.9,25.0,25.9,2.5
23/06/2001,26.9,25.1,26.0,2.4
24/06/2001,26.9,25.0,25.9,2.6
25/06/2001,26.8,25.0,25.9,2.5
26/06/2001,26.9,25.0,25.9,1.8
27/06/2001,26.9,25.1,26.0,1.1
28/06/2001,27.0,25.1,26.1,1.7
29/06/2001,26.8,25.0,25.9,1.6
30/06/2001,26.8,25.0,25.9,1.9
01/07/2001,,,,0.3
02/07/2001,26.9,22.6,24.8,1.4
03/07/2001,25.6,22.6,24.1,5.0
04/07/2001,25.9,22.9,24.4,3.0
05/07/2001,26.2,24.3,25.3,0.9
06/07/2001,26.9,24.9,25.9,0.8
07/07/2001,27.0,24.9,26.0,0.8
08/07/2001,26.9,24.9,25.9,1.1
09/07/2001,26.8,24.7,25.8,0.5
10/07/2001,26.5,24.7,25.6,0.6
11/07/2001,26.3,24.3,25.3,1.0
12/07/2001,26.0,24.1,25.1,1.5
13/07/2001,26.0,24.0,25.0,1.6
14/07/2001,26.0,24.1,25.1,1.2
15/07/2001,26.3,24.4,25.3,0.8
16/07/2001,26.6,24.5,25.5,0.4
17/07/2001,26.7,24.4,25.5,0.5
18/07/2001,26.6,24.2,25.4,0.5
19/07/2001,26.5,24.1,25.3,0.6
20/07/2001,26.4,24.1,25.2,0.8
21/07/2001,26.5,24.2,25.3,1.1
22/07/2001,26.3,24.2,25.2,1.0
23/07/2001,26.4,24.2,25.3,1.0
24/07/2001,26.5,24.3,25.4,1.3
25/07/2001,26.5,24.3,25.4,0.9
26/07/2001,26.5,24.3,25.4,1.1
27/07/2001,26.5,24.3,25.4,1.2
28/07/2001,26.5,24.4,25.4,1.0
29/07/2001,26.4,24.5,25.4,0.9
30/07/2001,26.6,24.6,25.6,1.1
31/07/2001,26.6,24.5,25.5,1.0
01/08/2001,,,,0.1
02/08/2001,26.7,24.1,25.4,0.1
03/08/2001,26.4,24.5,25.4,0.4
04/08/2001,26.9,24.6,25.7,0.3
05/08/2001,26.9,24.8,25.9,1.5
06/08/2001,26.8,24.6,25.7,1.2
07/08/2001,26.8,24.7,25.7,0.5
08/08/2001,26.9,24.6,25.8,0.5
09/08/2001,26.9,24.7,25.8,2.2
10/08/2001,26.8,24.7,25.8,3.2
11/08/2001,26.5,24.6,25.6,3.2
12/08/2001,26.6,24.6,25.6,1.7
13/08/2001,26.7,24.7,25.7,0.9
14/08/2001,26.7,24.6,25.7,1.6
15/08/2001,26.6,24.5,25.6,0.7
16/08/2001,26.7,24.6,25.6,0.5
17/08/2001,26.8,24.4,25.6,0.2
18/08/2001,26.9,24.3,25.6,0.3
19/08/2001,26.8,24.3,25.6,0.3
20/08/2001,26.7,24.3,25.5,0.4
21/08/2001,26.7,24.3,25.5,0.5
22/08/2001,26.7,24.5,25.6,0.3
23/08/2001,27.0,24.5,25.7,0.4
24/08/2001,27.0,24.4,25.7,0.3
25/08/2001,27.1,24.4,25.8,0.4
26/08/2001,27.2,24.5,25.9,0.3
27/08/2001,27.3,24.4,25.8,0.2
28/08/2001,27.3,24.4,25.9,0.4
29/08/2001,27.3,24.4,25.9,0.4
30/08/2001,27.3,24.4,25.8,0.3
31/08/2001,27.3,24.3,25.8,0.3
01/09/2001,,,,0.0
02/09/2001,27.7,22.8,25.3,0.0
03/09/2001,28.0,23.3,25.6,0.0
04/09/2001,27.9,24.2,26.0,0.1
05/09/2001,28.1,24.7,26.4,0.0
06/09/2001,28.1,25.0,26.5,0.1
07/09/2001,28.0,24.3,26.1,0.2
08/09/2001,28.0,24.4,26.2,0.6
09/09/2001,27.9,24.5,26.2,0.5
10/09/2001,28.1,24.7,26.4,0.5
11/09/2001,28.0,25.0,26.5,1.7
12/09/2001,27.8,25.2,26.5,2.4
13/09/2001,27.6,25.2,26.4,1.2
14/09/2001,27.7,25.2,26.5,0.9
15/09/2001,27.9,25.2,26.5,1.0
16/09/2001,27.8,25.1,26.4,0.4
17/09/2001,28.0,25.1,26.5,0.5
18/09/2001,27.9,25.1,26.5,0.5
19/09/2001,28.0,25.1,26.5,0.4
20/09/2001,27.9,25.0,26.4,0.5
21/09/2001,28.0,24.9,26.4,0.4
22/09/2001,28.1,25.1,26.6,0.6
23/09/2001,28.1,25.2,26.6,0.6
24/09/2001,28.1,25.1,26.6,0.4
25/09/2001,28.2,25.1,26.7,0.8
26/09/2001,28.2,25.1,26.6,0.7
27/09/2001,28.2,25.2,26.7,0.6
28/09/2001,28.3,25.2,26.7,0.9
29/09/2001,28.4,25.1,26.8,1.0
30/09/2001,28.4,25.1,26.7,1.2
01/10/2001,,,,0.1
02/10/2001,29.0,25.0,27.0,0.2
03/10/2001,28.8,25.3,27.0,0.1
04/10/2001,28.8,24.9,26.9,0.0
05/10/2001,28.9,25.0,26.9,0.0
06/10/2001,28.9,25.3,27.1,0.0
07/10/2001,29.1,25.2,27.1,0.0
08/10/2001,29.1,25.3,27.2,0.2
09/10/2001,29.2,25.3,27.2,0.5
10/10/2001,29.2,25.4,27.3,0.8
11/10/2001,29.2,25.5,27.3,1.0
12/10/2001,29.2,25.4,27.3,1.4
13/10/2001,29.2,25.5,27.4,0.3
14/10/2001,29.3,25.5,27.4,0.5
15/10/2001,29.5,25.5,27.5,0.5
16/10/2001,29.5,25.8,27.6,0.6
17/10/2001,29.5,25.8,27.7,0.7
18/10/2001,29.5,25.8,27.7,1.1
19/10/2001,29.6,25.7,27.7,0.4
20/10/2001,29.7,26.0,27.8,0.5
21/10/2001,29.6,25.9,27.8,0.5
22/10/2001,29.8,25.9,27.9,1.1
23/10/2001,29.6,25.9,27.8,1.1
24/10/2001,29.5,25.8,27.7,1.4
25/10/2001,29.5,26.0,27.7,0.9
26/10/2001,29.5,26.1,27.8,1.0
27/10/2001,29.7,26.1,27.9,1.0
28/10/2001,29.6,26.0,27.8,1.0
29/10/2001,29.9,26.0,27.9,1.0
30/10/2001,30.0,26.1,28.0,1.2
31/10/2001,30.0,26.1,28.1,1.1
01/11/2001,,,,1.1
02/11/2001,30.7,27.0,28.8,0.6
03/11/2001,31.1,26.6,28.8,0.8
04/11/2001,30.8,26.6,28.7,3.8
05/11/2001,30.0,26.3,28.2,9.2
06/11/2001,29.4,26.2,27.8,5.3
07/11/2001,29.2,26.5,27.8,3.3
08/11/2001,29.6,26.2,27.9,2.5
09/11/2001,29.8,26.4,28.1,2.9
10/11/2001,29.9,26.5,28.2,4.4
11/11/2001,29.9,26.4,28.1,5.6
12/11/2001,29.6,26.2,27.9,6.4
13/11/2001,29.6,26.3,28.0,5.0
14/11/2001,29.4,26.4,27.9,5.6
15/11/2001,29.7,26.3,28.0,4.8
16/11/2001,29.6,26.5,28.1,4.3
17/11/2001,29.8,26.6,28.2,7.1
18/11/2001,29.7,26.4,28.1,5.6
19/11/2001,29.6,26.5,28.0,5.6
20/11/2001,29.6,26.5,28.0,7.4
21/11/2001,29.7,26.5,28.1,6.5
22/11/2001,29.5,26.4,28.0,5.0
23/11/2001,29.7,26.5,28.1,3.8
24/11/2001,29.8,26.7,28.2,4.1
25/11/2001,29.9,26.8,28.3,7.0
26/11/2001,29.7,26.6,28.1,6.8
27/11/2001,29.6,26.5,28.1,8.2
28/11/2001,29.6,26.5,28.0,5.6
29/11/2001,29.5,26.6,28.0,5.2
30/11/2001,29.7,26.7,28.2,6.3
01/12/2001,,,,26.7
02/12/2001,28.5,25.5,27.0,9.4
03/12/2001,28.8,25.8,27.3,11.6
04/12/2001,28.6,25.9,27.2,3.7
05/12/2001,29.2,26.0,27.6,4.8
06/12/2001,29.1,26.2,27.7,9.1
07/12/2001,28.7,26.0,27.3,11.7
08/12/2001,28.7,25.7,27.2,12.9
09/12/2001,28.6,25.7,27.1,15.2
10/12/2001,28.6,25.5,27.1,13.8
11/12/2001,28.4,25.7,27.0,13.4
12/12/2001,28.5,25.7,27.1,11.2
13/12/2001,28.6,25.8,27.2,12.0
14/12/2001,28.6,25.8,27.2,14.1
15/12/2001,28.5,25.7,27.1,11.9
16/12/2001,28.5,25.8,27.2,10.8
17/12/2001,28.5,25.9,27.2,14.3
18/12/2001,28.6,25.9,27.3,16.7
19/12/2001,28.3,25.7,27.0,15.1
20/12/2001,28.3,25.8,27.0,10.5
21/12/2001,28.5,25.9,27.2,8.5
22/12/2001,28.7,26.2,27.4,7.4
23/12/2001,28.9,26.2,27.5,7.6
24/12/2001,28.9,26.3,27.6,7.0
25/12/2001,28.9,26.2,27.6,6.0
26/12/2001,28.9,26.3,27.6,7.9
27/12/2001,28.9,26.2,27.6,6.2
28/12/2001,28.9,26.3,27.6,5.6
29/12/2001,29.0,26.3,27.7,6.1
30/12/2001,28.9,26.3,27.6,7.2
31/12/2001,28.9,26.2,27.6,5.6
01/01/2002,,,,3.8
02/01/2002,29.5,26.0,27.8,9.3
03/01/2002,28.3,25.5,26.9,9.5
04/01/2002,28.2,25.6,26.9,8.2
05/01/2002,28.1,25.6,26.9,7.6
06/01/2002,28.0,25.7,26.9,5.5
07/01/2002,28.4,25.9,27.2,4.3
08/01/2002,28.5,26.1,27.3,6.6
09/01/2002,28.6,25.9,27.2,7.9
10/01/2002,28.6,25.8,27.2,7.8
11/01/2002,28.6,25.9,27.3,5.2
12/01/2002,28.7,26.1,27.4,4.0
13/01/2002,28.9,26.1,27.5,3.2
14/01/2002,29.1,26.4,27.7,2.9
15/01/2002,29.3,26.5,27.9,7.4
16/01/2002,29.1,26.3,27.7,6.4
17/01/2002,29.0,26.1,27.5,5.6
18/01/2002,29.0,26.1,27.6,6.4
19/01/2002,28.9,26.0,27.5,7.9
20/01/2002,28.9,25.9,27.4,7.2
21/01/2002,28.7,25.9,27.3,7.6
22/01/2002,28.7,25.9,27.3,7.7
23/01/2002,28.6,25.9,27.3,7.3
24/01/2002,28.7,26.0,27.4,8.7
25/01/2002,28.7,26.0,27.3,10.1
26/01/2002,28.8,26.0,27.4,11.1
27/01/2002,28.6,26.0,27.3,12.2
28/01/2002,28.5,25.9,27.2,12.3
29/01/2002,28.6,25.9,27.2,15.2
30/01/2002,28.6,26.0,27.3,13.8
31/01/2002,28.6,25.9,27.3,10.4
01/02/2002,,,,14.2
02/02/2002,28.1,25.7,26.9,5.2
03/02/2002,28.6,26.4,27.5,4.4
04/02/2002,29.0,26.3,27.7,5.8
05/02/2002,29.0,26.2,27.6,18.1
06/02/2002,28.6,25.6,27.1,34.9
07/02/2002,27.6,25.2,26.4,23.2
08/02/2002,27.4,25.5,26.5,11.0
09/02/2002,28.1,25.8,27.0,7.3
10/02/2002,28.4,26.2,27.3,7.2
11/02/2002,28.5,26.2,27.3,8.0
12/02/2002,28.6,26.3,27.4,8.4
13/02/2002,28.5,26.2,27.4,9.6
14/02/2002,28.6,26.1,27.3,10.6
15/02/2002,28.4,26.0,27.2,11.6
16/02/2002,28.2,26.0,27.1,13.8
17/02/2002,28.3,25.9,27.1,16.7
18/02/2002,28.0,25.7,26.9,12.6
19/02/2002,28.0,25.7,26.9,11.0
20/02/2002,28.0,25.8,26.9,12.7
21/02/2002,28.0,25.6,26.8,9.6
22/02/2002,28.0,25.8,26.9,11.3
23/02/2002,28.1,25.8,26.9,8.4
24/02/2002,28.1,25.9,27.0,10.3
25/02/2002,28.1,25.8,26.9,6.5
26/02/2002,28.3,26.0,27.1,8.0
27/02/2002,28.3,25.9,27.1,6.1
28/02/2002,28.4,26.0,27.2,6.0
01/03/2002,,,,5.4
02/03/2002,28.1,25.6,26.9,8.1
03/03/2002,28.2,25.5,26.9,6.4
04/03/2002,28.2,25.5,26.8,4.4
05/03/2002,28.5,25.8,27.2,6.1
06/03/2002,28.4,25.9,27.1,8.6
07/03/2002,28.2,25.8,27.0,14.6
08/03/2002,28.2,25.4,26.8,21.0
09/03/2002,27.7,25.2,26.5,19.5
10/03/2002,27.4,25.2,26.3,20.1
11/03/2002,27.6,25.2,26.4,6.4
12/03/2002,28.1,25.7,26.9,3.3
13/03/2002,28.7,25.9,27.3,5.1
14/03/2002,28.6,25.8,27.2,6.6
15/03/2002,28.5,25.8,27.1,4.4
16/03/2002,28.5,25.7,27.1,4.2
17/03/2002,28.8,25.9,27.4,5.1
18/03/2002,28.8,25.7,27.3,5.6
19/03/2002,28.7,25.7,27.2,6.2
20/03/2002,28.5,25.7,27.1,6.5
21/03/2002,28.6,25.7,27.2,5.4
22/03/2002,28.8,25.7,27.3,5.2
23/03/2002,28.8,25.8,27.3,4.7
24/03/2002,28.7,25.9,27.3,5.3
25/03/2002,28.8,25.9,27.3,3.9
26/03/2002,28.9,26.0,27.5,3.5
27/03/2002,29.0,26.1,27.6,3.9
28/03/2002,29.1,26.1,27.6,4.1
29/03/2002,29.0,26.1,27.5,7.2
30/03/2002,29.0,26.0,27.5,8.3
31/03/2002,28.8,26.0,27.4,7.0
01/04/2002,,,,0.0
02/04/2002,30.1,26.2,28.1,0.4
03/04/2002,29.3,25.9,27.6,0.4
04/04/2002,28.8,25.9,27.3,0.8
05/04/2002,29.3,26.1,27.7,2.7
06/04/2002,29.2,26.2,27.7,6.7
07/04/2002,28.9,25.8,27.4,8.9
08/04/2002,28.8,25.7,27.2,11.7
09/04/2002,28.3,25.5,26.9,11.8
10/04/2002,28.1,25.5,26.8,8.5
11/04/2002,28.3,25.7,27.0,6.2
12/04/2002,28.7,25.9,27.3,8.4
13/04/2002,28.8,26.1,27.4,9.3
14/04/2002,28.6,25.9,27.2,8.0
15/04/2002,28.7,25.9,27.3,8.0
16/04/2002,28.8,25.9,27.3,10.6
17/04/2002,28.7,25.9,27.3,9.1
18/04/2002,28.6,26.0,27.3,8.9
19/04/2002,28.6,25.9,27.2,8.1
20/04/2002,28.6,26.0,27.3,10.4
21/04/2002,28.6,26.0,27.3,6.4
22/04/2002,28.7,26.1,27.4,4.8
23/04/2002,28.8,26.3,27.6,3.6
24/04/2002,29.0,26.3,27.7,6.0
25/04/2002,28.8,26.3,27.5,5.6
26/04/2002,28.9,26.4,27.7,7.1
27/04/2002,29.0,26.2,27.6,11.2
28/04/2002,28.6,26.1,27.4,13.2
29/04/2002,28.5,26.1,27.3,11.0
30/04/2002,28.7,26.0,27.3,8.2
01/05/2002,,,,3.9
02/05/2002,28.8,26.2,27.5,18.5
03/05/2002,28.0,25.4,26.7,23.6
04/05/2002,27.3,25.4,26.4,15.8
05/05/2002,27.5,25.6,26.5,13.5
06/05/2002,27.7,25.6,26.7,16.3
07/05/2002,27.8,25.7,26.7,15.3
08/05/2002,27.7,25.8,26.8,11.1
09/05/2002,28.1,25.9,27.0,5.2
10/05/2002,28.1,26.1,27.1,1.1
11/05/2002,28.4,26.1,27.3,1.4
12/05/2002,28.2,25.8,27.0,0.8
13/05/2002,28.1,25.7,26.9,0.6
14/05/2002,28.0,25.6,26.8,0.8
15/05/2002,28.0,25.6,26.8,1.0
16/05/2002,27.9,25.5,26.7,0.9
17/05/2002,27.8,25.7,26.8,1.2
18/05/2002,27.8,25.5,26.7,1.2
19/05/2002,27.9,25.5,26.7,1.8
20/05/2002,27.9,25.6,26.8,1.9
21/05/2002,28.0,25.9,26.9,2.1
22/05/2002,28.0,25.9,27.0,1.5
23/05/2002,28.1,26.0,27.0,3.4
24/05/2002,28.0,25.8,26.9,3.4
25/05/2002,27.9,25.7,26.8,1.7
26/05/2002,27.9,25.8,26.8,1.0
27/05/2002,27.9,25.9,26.9,1.3
28/05/2002,27.9,25.8,26.8,1.7
29/05/2002,27.9,25.6,26.7,2.5
30/05/2002,27.7,25.4,26.6,2.0
31/05/2002,27.6,25.5,26.6,1.7
01/06/2002,,,,3.0
02/06/2002,27.4,25.5,26.4,4.2
03/06/2002,27.0,25.1,26.0,2.6
04/06/2002,26.9,25.0,25.9,0.7
05/06/2002,27.1,25.2,26.1,0.9
06/06/2002,27.2,25.1,26.2,1.4
07/06/2002,27.3,25.1,26.2,1.9
08/06/2002,27.4,25.4,26.4,1.5
09/06/2002,27.7,25.4,26.5,2.2
10/06/2002,27.5,25.2,26.3,4.4
11/06/2002,27.1,25.0,26.0,5.3
12/06/2002,27.2,25.2,26.2,5.8
13/06/2002,27.1,25.2,26.1,5.3
14/06/2002,27.1,25.1,26.1,5.2
15/06/2002,27.2,25.1,26.2,5.1
16/06/2002,27.2,25.4,26.3,5.0
17/06/2002,27.2,25.3,26.2,4.7
18/06/2002,27.1,25.2,26.2,3.5
19/06/2002,27.2,25.3,26.2,3.1
20/06/2002,27.1,25.2,26.1,2.0
21/06/2002,27.2,25.3,26.2,1.6
22/06/2002,27.2,25.1,26.1,2.0
23/06/2002,27.1,25.0,26.0,1.6
24/06/2002,27.0,25.0,26.0,2.2
25/06/2002,26.9,24.7,25.8,1.3
26/06/2002,26.9,24.9,25.9,1.9
27/06/2002,26.9,24.8,25.8,1.6
28/06/2002,26.9,24.9,25.9,1.1
29/06/2002,27.0,24.7,25.8,1.2
30/06/2002,26.9,24.7,25.8,1.2
01/07/2002,,,,3.6
02/07/2002,26.8,24.3,25.5,1.6
03/07/2002,26.6,24.7,25.6,2.3
04/07/2002,26.7,24.7,25.7,1.5
05/07/2002,26.8,24.7,25.7,1.4
06/07/2002,26.8,24.4,25.6,2.0
07/07/2002,26.6,24.3,25.5,1.7
08/07/2002,26.5,24.6,25.5,0.9
09/07/2002,27.0,24.8,25.9,2.0
10/07/2002,27.3,24.8,26.0,2.9
11/07/2002,27.2,25.0,26.1,2.3
12/07/2002,27.3,25.1,26.2,1.0
13/07/2002,27.5,24.9,26.2,0.6
14/07/2002,27.6,24.8,26.2,0.4
15/07/2002,27.5,24.7,26.1,0.2
16/07/2002,27.3,24.8,26.1,0.4
17/07/2002,27.3,24.8,26.0,0.7
18/07/2002,27.0,24.6,25.8,0.9
19/07/2002,27.0,24.5,25.8,1.0
20/07/2002,26.9,24.5,25.7,1.1
21/07/2002,26.9,24.4,25.6,1.0
22/07/2002,26.9,24.5,25.7,1.2
23/07/2002,26.8,24.4,25.6,1.1
24/07/2002,27.0,24.6,25.8,1.3
25/07/2002,27.1,24.6,25.9,1.3
26/07/2002,27.0,24.5,25.7,1.7
27/07/2002,26.8,24.4,25.6,2.4
28/07/2002,26.8,24.5,25.6,1.6
29/07/2002,27.0,24.5,25.8,1.3
30/07/2002,27.0,24.6,25.8,1.1
31/07/2002,26.9,24.5,25.7,1.8
01/08/2002,,,,0.2
02/08/2002,26.9,24.1,25.5,0.7
03/08/2002,27.0,24.5,25.8,0.2
04/08/2002,27.3,24.9,26.1,0.3
05/08/2002,27.2,24.8,26.0,0.6
06/08/2002,27.2,24.7,26.0,0.3
07/08/2002,27.2,24.7,26.0,0.9
08/08/2002,27.4,24.6,26.0,0.6
09/08/2002,27.4,24.8,26.1,2.4
10/08/2002,26.9,24.7,25.8,1.4
11/08/2002,26.9,24.7,25.8,1.1
12/08/2002,26.9,24.5,25.7,1.1
13/08/2002,26.9,24.4,25.7,0.6
14/08/2002,27.1,24.5,25.8,1.0
15/08/2002,27.0,24.4,25.7,0.7
16/08/2002,26.9,24.5,25.7,0.9
17/08/2002,26.8,24.4,25.6,1.0
18/08/2002,26.7,24.4,25.5,1.1
19/08/2002,26.9,24.3,25.6,0.9
20/08/2002,27.0,24.3,25.6,0.7
21/08/2002,26.9,24.4,25.7,0.6
22/08/2002,27.1,24.3,25.7,0.5
23/08/2002,27.2,24.4,25.8,0.7
24/08/2002,27.3,24.4,25.9,0.5
25/08/2002,27.3,24.4,25.9,0.4
26/08/2002,27.4,24.4,25.9,0.4
27/08/2002,27.6,24.6,26.1,0.4
28/08/2002,27.6,24.5,26.0,0.4
29/08/2002,27.6,24.6,26.1,0.3
30/08/2002,27.7,24.6,26.2,0.5
31/08/2002,27.6,24.6,26.1,0.3
01/09/2002,,,,0.2
02/09/2002,26.8,24.3,25.6,0.1
03/09/2002,27.2,24.1,25.7,0.0
04/09/2002,27.3,23.7,25.5,0.1
05/09/2002,27.3,23.8,25.6,0.1
06/09/2002,27.4,23.8,25.6,0.0
07/09/2002,27.5,23.7,25.6,0.1
08/09/2002,27.5,24.1,25.8,0.1
09/09/2002,27.8,24.3,26.1,0.4
10/09/2002,28.0,24.5,26.2,0.8
11/09/2002,27.9,24.9,26.4,0.8
12/09/2002,27.8,24.9,26.4,0.2
13/09/2002,27.7,24.7,26.2,0.1
14/09/2002,28.0,24.4,26.2,0.1
15/09/2002,27.9,24.4,26.1,0.1
16/09/2002,27.9,24.3,26.1,0.1
17/09/2002,27.9,24.3,26.1,0.2
18/09/2002,27.8,24.4,26.1,0.2
19/09/2002,27.9,24.4,26.2,0.1
20/09/2002,27.9,24.6,26.2,0.1
21/09/2002,27.9,24.4,26.2,0.2
22/09/2002,28.0,24.3,26.2,0.2
23/09/2002,28.1,24.4,26.2,0.1
24/09/2002,28.2,24.6,26.4,0.2
25/09/2002,28.3,24.7,26.5,0.3
26/09/2002,28.6,24.6,26.6,0.4
27/09/2002,28.5,24.6,26.6,0.1
28/09/2002,28.6,24.6,26.6,0.2
29/09/2002,28.6,24.7,26.7,0.3
30/09/2002,28.6,24.8,26.7,0.5
01/10/2002,,,,1.5
02/10/2002,28.9,25.2,27.1,1.6
03/10/2002,28.2,25.5,26.9,1.1
04/10/2002,28.2,25.6,26.9,0.1
05/10/2002,28.8,25.5,27.1,0.0
06/10/2002,29.1,24.9,27.0,0.0
07/10/2002,29.1,24.8,27.0,0.0
08/10/2002,29.1,24.6,26.9,0.0
09/10/2002,28.9,24.7,26.8,0.1
10/10/2002,28.8,24.9,26.8,0.2
11/10/2002,28.9,25.0,26.9,0.3
12/10/2002,28.9,25.3,27.1,0.3
13/10/2002,29.1,25.3,27.2,0.3
14/10/2002,29.1,25.3,27.2,0.5
15/10/2002,29.3,25.1,27.2,0.3
16/10/2002,29.5,25.2,27.4,0.3
17/10/2002,29.5,25.3,27.4,0.2
18/10/2002,29.7,25.3,27.5,0.4
19/10/2002,29.5,25.5,27.5,0.2
20/10/2002,29.6,25.5,27.6,0.3
21/10/2002,29.6,25.5,27.6,0.4
22/10/2002,29.7,25.6,27.7,0.4
23/10/2002,29.7,25.7,27.7,0.5
24/10/2002,29.8,25.7,27.8,0.7
25/10/2002,29.8,25.7,27.7,0.6
26/10/2002,29.9,25.8,27.8,0.6
27/10/2002,29.8,25.8,27.8,0.4
28/10/2002,29.9,25.9,27.9,0.5
29/10/2002,29.9,25.9,27.9,0.5
30/10/2002,29.8,25.9,27.8,0.4
31/10/2002,29.9,25.9,27.9,0.4
01/11/2002,,,,0.1
02/11/2002,31.0,26.4,28.7,0.3
03/11/2002,30.0,26.4,28.2,0.9
04/11/2002,30.2,26.4,28.3,1.5
05/11/2002,29.8,26.9,28.3,1.1
06/11/2002,30.1,26.6,28.4,1.1
07/11/2002,29.8,26.5,28.1,2.5
08/11/2002,29.6,26.3,28.0,3.1
09/11/2002,29.5,26.4,28.0,5.5
10/11/2002,29.3,26.1,27.7,3.6
11/11/2002,29.2,26.2,27.7,2.7
12/11/2002,29.4,26.2,27.8,3.2
13/11/2002,29.7,26.2,27.9,2.6
14/11/2002,29.6,26.2,27.9,2.0
15/11/2002,29.9,26.3,28.1,3.0
16/11/2002,29.9,26.3,28.1,3.2
17/11/2002,29.7,26.3,28.0,2.6
18/11/2002,29.9,26.2,28.1,3.5
19/11/2002,30.0,26.2,28.1,2.9
20/11/2002,29.8,26.3,28.1,2.0
21/11/2002,30.0,26.3,28.2,2.4
22/11/2002,30.0,26.4,28.2,3.1
23/11/2002,29.9,26.6,28.2,3.1
24/11/2002,30.0,26.5,28.3,1.8
25/11/2002,30.1,26.5,28.3,1.6
26/11/2002,30.2,26.4,28.3,2.2
27/11/2002,30.2,26.5,28.3,1.9
28/11/2002,30.1,26.5,28.3,1.9
29/11/2002,30.3,26.5,28.4,3.0
30/11/2002,30.3,26.6,28.5,4.0
01/12/2002,,,,5.5
02/12/2002,29.0,25.7,27.4,5.3
03/12/2002,29.4,26.0,27.7,3.6
04/12/2002,29.5,26.1,27.8,2.9
05/12/2002,29.4,26.4,27.9,2.2
06/12/2002,30.0,26.6,28.3,2.4
07/12/2002,30.4,26.7,28.6,3.4
08/12/2002,30.0,26.6,28.3,2.7
09/12/2002,30.1,26.6,28.3,4.2
10/12/2002,29.6,26.3,28.0,3.7
11/12/2002,29.6,26.4,28.0,4.3
12/12/2002,29.8,26.4,28.1,4.8
13/12/2002,29.9,26.6,28.3,6.8
14/12/2002,29.7,26.4,28.1,7.5
15/12/2002,29.4,26.3,27.9,8.3
16/12/2002,29.4,26.3,27.8,8.4
17/12/2002,29.3,26.2,27.7,10.6
18/12/2002,29.1,26.2,27.7,8.8
19/12/2002,29.2,26.1,27.7,10.5
20/12/2002,29.2,26.1,27.6,12.3
21/12/2002,29.1,26.2,27.6,11.2
22/12/2002,29.1,26.3,27.7,10.2
23/12/2002,29.1,26.3,27.7,9.3
24/12/2002,29.1,26.3,27.7,9.2
25/12/2002,29.3,26.4,27.9,8.4
26/12/2002,29.3,26.4,27.8,9.5
27/12/2002,29.4,26.5,28.0,11.0
28/12/2002,29.4,26.4,27.9,13.4
29/12/2002,29.1,26.3,27.7,14.8
30/12/2002,28.9,26.2,27.5,17.7
31/12/2002,28.8,26.2,27.5,16.5
01/01/2003,,,,13.4
02/01/2003,28.9,25.7,27.3,38.5
03/01/2003,27.8,25.3,26.6,46.5
04/01/2003,27.3,25.2,26.2,27.6
05/01/2003,27.6,25.4,26.5,13.5
06/01/2003,28.4,26.1,27.2,19.1
07/01/2003,28.5,26.0,27.2,18.7
08/01/2003,28.4,26.0,27.2,15.0
09/01/2003,28.5,26.1,27.3,13.2
10/01/2003,28.6,26.1,27.4,11.7
11/01/2003,28.7,26.1,27.4,12.5
12/01/2003,28.7,26.1,27.4,12.3
13/01/2003,28.5,25.9,27.2,11.6
14/01/2003,28.5,25.9,27.2,11.8
15/01/2003,28.5,26.0,27.2,8.9
16/01/2003,28.7,26.1,27.4,8.0
17/01/2003,28.7,26.1,27.4,6.2
18/01/2003,28.9,26.2,27.6,7.4
19/01/2003,28.8,26.1,27.5,7.1
20/01/2003,28.7,26.1,27.4,7.9
21/01/2003,28.9,26.2,27.5,7.6
22/01/2003,28.9,26.2,27.6,8.8
23/01/2003,28.9,26.1,27.5,9.9
24/01/2003,28.9,26.1,27.5,12.3
25/01/2003,28.7,26.0,27.3,13.6
26/01/2003,28.5,25.9,27.2,12.3
27/01/2003,28.4,26.0,27.2,12.1
28/01/2003,28.5,26.0,27.2,10.9
29/01/2003,28.6,26.0,27.3,11.7
30/01/2003,28.6,26.0,27.3,10.8
31/01/2003,28.6,26.0,27.3,14.4
01/02/2003,,,,27.6
02/02/2003,28.0,25.2,26.6,8.4
03/02/2003,28.2,25.7,27.0,5.3
04/02/2003,28.4,25.9,27.2,2.6
05/02/2003,29.0,26.1,27.5,3.8
06/02/2003,29.1,25.8,27.5,6.4
07/02/2003,28.7,25.7,27.2,10.0
08/02/2003,28.3,25.6,26.9,13.9
09/02/2003,28.2,25.6,26.9,11.3
10/02/2003,28.2,25.8,27.0,12.9
11/02/2003,28.6,25.8,27.2,13.9
12/02/2003,28.6,25.8,27.2,11.2
13/02/2003,28.5,25.8,27.2,14.0
14/02/2003,28.4,25.8,27.1,12.8
15/02/2003,28.3,25.9,27.1,11.8
16/02/2003,28.3,26.0,27.1,15.1
17/02/2003,28.3,25.8,27.1,16.3
18/02/2003,28.2,25.8,27.0,17.1
19/02/2003,28.2,25.8,27.0,11.2
20/02/2003,28.3,26.0,27.2,10.1
21/02/2003,28.4,26.1,27.3,13.4
22/02/2003,28.3,25.9,27.1,13.3
23/02/2003,28.4,25.9,27.2,12.3
24/02/2003,28.5,25.8,27.1,11.9
25/02/2003,28.4,25.9,27.2,9.0
26/02/2003,28.3,26.0,27.1,7.2
27/02/2003,28.5,26.2,27.3,7.5
28/02/2003,28.5,26.1,27.3,11.5
01/03/2003,,,,6.5
02/03/2003,29.5,26.0,27.8,11.5
03/03/2003,28.3,25.7,27.0,14.5
04/03/2003,27.8,25.6,26.7,6.3
05/03/2003,28.3,26.0,27.2,9.3
06/03/2003,28.4,25.7,27.0,17.0
07/03/2003,28.1,25.3,26.7,21.4
08/03/2003,27.5,25.2,26.4,23.6
09/03/2003,27.4,25.1,26.3,24.1
10/03/2003,27.3,25.1,26.2,23.7
11/03/2003,27.4,25.1,26.3,16.9
12/03/2003,27.5,25.4,26.5,7.2
13/03/2003,28.0,25.9,27.0,9.5
14/03/2003,28.2,25.6,26.9,7.3
15/03/2003,28.4,25.8,27.1,5.8
16/03/2003,28.5,25.9,27.2,6.0
17/03/2003,28.6,25.9,27.2,5.6
18/03/2003,28.5,25.9,27.2,8.9
19/03/2003,28.3,25.6,26.9,6.3
20/03/2003,28.5,25.7,27.1,6.7
21/03/2003,28.6,25.7,27.2,10.2
22/03/2003,28.4,25.6,27.0,8.0
23/03/2003,28.5,25.7,27.1,6.6
24/03/2003,28.6,25.8,27.2,5.8
25/03/2003,28.6,26.0,27.3,5.6
26/03/2003,28.5,26.1,27.3,5.9
27/03/2003,28.7,25.9,27.3,5.9
28/03/2003,28.6,26.0,27.3,5.2
29/03/2003,28.8,26.0,27.4,4.7
30/03/2003,28.8,26.0,27.4,6.8
31/03/2003,28.7,25.9,27.3,7.2
01/04/2003,,,,5.8
02/04/2003,28.3,25.6,27.0,0.8
03/04/2003,28.6,26.4,27.5,0.7
04/04/2003,29.2,25.9,27.5,0.7
05/04/2003,28.9,26.1,27.5,0.6
06/04/2003,29.0,26.1,27.5,0.7
07/04/2003,29.1,26.4,27.7,0.8
08/04/2003,29.1,26.4,27.7,0.5
09/04/2003,29.3,26.5,27.9,0.4
10/04/2003,29.4,26.4,27.9,0.6
11/04/2003,29.3,26.6,27.9,0.8
12/04/2003,29.3,26.4,27.8,1.3
13/04/2003,29.2,26.4,27.8,1.6
14/04/2003,29.1,26.4,27.7,1.8
15/04/2003,29.2,26.4,27.8,2.3
16/04/2003,29.2,26.4,27.8,3.1
17/04/2003,29.2,26.3,27.7,3.3
18/04/2003,29.0,26.4,27.7,3.6
19/04/2003,29.0,26.2,27.6,5.4
20/04/2003,28.9,26.2,27.5,5.9
21/04/2003,28.9,26.0,27.4,4.4
22/04/2003,29.0,26.2,27.6,4.9
23/04/2003,28.8,26.2,27.5,5.2
24/04/2003,28.9,26.2,27.5,5.6
25/04/2003,28.6,26.2,27.4,4.9
26/04/2003,28.7,26.1,27.4,5.6
27/04/2003,28.8,26.2,27.5,6.3
28/04/2003,28.6,26.1,27.4,6.6
29/04/2003,28.5,26.1,27.3,6.0
30/04/2003,28.7,26.2,27.4,5.9
01/05/2003,,,,9.5
02/05/2003,29.2,25.9,27.6,8.9
03/05/2003,28.1,26.1,27.1,15.9
04/05/2003,28.1,25.8,27.0,20.0
05/05/2003,27.5,25.5,26.5,17.6
06/05/2003,27.5,25.6,26.6,10.4
07/05/2003,28.0,25.9,26.9,3.4
08/05/2003,28.1,26.1,27.1,4.9
09/05/2003,28.0,26.0,27.0,3.8
10/05/2003,28.0,26.1,27.1,3.5
11/05/2003,28.2,26.1,27.2,3.1
12/05/2003,28.2,26.1,27.2,2.4
13/05/2003,28.3,26.1,27.2,3.6
14/05/2003,28.3,26.1,27.2,3.1
15/05/2003,28.2,26.1,27.1,2.6
16/05/2003,28.3,26.1,27.2,3.1
17/05/2003,28.3,26.1,27.2,3.4
18/05/2003,28.1,26.1,27.1,3.4
19/05/2003,28.1,26.1,27.1,5.5
20/05/2003,28.1,25.9,27.0,4.1
21/05/2003,28.0,25.9,27.0,2.9
22/05/2003,28.1,25.9,27.0,3.0
23/05/2003,28.1,25.9,27.0,1.4
24/05/2003,28.1,25.9,27.0,1.1
25/05/2003,28.1,25.9,27.0,1.4
26/05/2003,27.9,25.7,26.8,1.0
27/05/2003,28.1,25.7,26.9,1.3
28/05/2003,28.0,25.6,26.8,1.9
29/05/2003,28.0,25.6,26.8,1.8
30/05/2003,27.9,25.7,26.8,1.8
31/05/2003,28.0,25.8,26.9,1.8
01/06/2003,,,,0.7
02/06/2003,28.2,25.8,27.0,0.3
03/06/2003,28.5,26.3,27.4,0.3
04/06/2003,28.4,26.4,27.4,0.2
05/06/2003,28.6,26.0,27.3,0.0
06/06/2003,28.3,25.8,27.0,0.2
07/06/2003,28.3,26.0,27.1,0.6
08/06/2003,28.3,26.0,27.1,1.8
09/06/2003,28.2,25.8,27.0,3.1
10/06/2003,28.0,25.6,26.8,5.5
11/06/2003,27.8,25.4,26.6,5.9
12/06/2003,27.5,25.5,26.5,7.3
13/06/2003,27.6,25.3,26.4,8.2
14/06/2003,27.3,25.3,26.3,8.5
15/06/2003,27.3,25.2,26.2,6.5
16/06/2003,27.2,25.2,26.2,8.0
17/06/2003,27.2,25.1,26.1,7.3
18/06/2003,27.0,25.2,26.1,7.7
19/06/2003,27.1,25.1,26.1,5.5
20/06/2003,27.2,25.2,26.2,5.4
21/06/2003,27.2,25.2,26.2,3.5
22/06/2003,27.2,25.3,26.3,2.9
23/06/2003,27.2,25.3,26.3,3.4
24/06/2003,27.3,25.3,26.3,3.2
25/06/2003,27.4,25.2,26.3,2.2
26/06/2003,27.3,25.3,26.3,2.5
27/06/2003,27.2,25.3,26.3,2.7
28/06/2003,27.4,25.3,26.4,3.4
29/06/2003,27.2,25.3,26.3,3.0
30/06/2003,27.3,25.3,26.3,1.9
01/07/2003,,,,0.0
02/07/2003,26.9,23.8,25.3,0.0
03/07/2003,27.3,24.7,26.0,0.3
04/07/2003,27.3,25.2,26.2,1.3
05/07/2003,27.2,25.0,26.1,7.6
06/07/2003,26.6,24.4,25.5,4.3
07/07/2003,26.5,24.7,25.6,8.0
08/07/2003,26.8,24.5,25.6,13.1
09/07/2003,26.1,24.3,25.2,4.4
10/07/2003,26.4,24.8,25.6,4.0
11/07/2003,26.5,24.9,25.7,2.3
12/07/2003,26.8,25.0,25.9,2.0
13/07/2003,26.9,24.9,25.9,1.9
14/07/2003,26.9,25.0,25.9,2.2
15/07/2003,26.8,24.9,25.9,1.0
16/07/2003,27.0,25.1,26.0,1.1
17/07/2003,26.9,25.0,25.9,1.1
18/07/2003,26.8,24.8,25.8,1.1
19/07/2003,26.7,24.7,25.7,1.5
20/07/2003,26.8,24.7,25.7,1.6
21/07/2003,26.6,24.7,25.6,2.2
22/07/2003,26.6,24.7,25.6,2.2
23/07/2003,26.7,24.7,25.7,1.4
24/07/2003,26.7,24.8,25.8,1.1
25/07/2003,26.7,24.8,25.8,0.9
26/07/2003,26.7,24.8,25.7,0.8
27/07/2003,26.8,24.7,25.7,1.0
28/07/2003,26.8,24.7,25.8,1.1
29/07/2003,26.8,24.7,25.7,0.9
30/07/2003,26.8,24.6,25.7,0.7
31/07/2003,26.8,24.6,25.7,0.6
01/08/2003,,,,1.5
02/08/2003,27.0,23.7,25.4,1.4
03/08/2003,26.3,24.2,25.2,0.7
04/08/2003,26.6,24.6,25.6,0.5
05/08/2003,27.1,24.8,26.0,0.7
06/08/2003,27.2,24.8,26.0,0.6
07/08/2003,27.2,25.1,26.2,0.7
08/08/2003,27.3,24.8,26.1,0.5
09/08/2003,27.2,24.8,26.0,0.2
10/08/2003,27.2,24.8,26.0,0.3
11/08/2003,27.2,24.8,26.0,0.5
12/08/2003,27.3,24.8,26.0,0.5
13/08/2003,27.2,24.5,25.9,0.2
14/08/2003,27.3,24.4,25.9,0.2
15/08/2003,27.3,24.7,26.0,0.3
16/08/2003,27.4,24.9,26.1,0.2
17/08/2003,27.4,24.9,26.1,0.4
18/08/2003,27.3,24.8,26.1,0.4
19/08/2003,27.4,24.8,26.1,0.5
20/08/2003,27.5,24.7,26.1,0.3
21/08/2003,27.6,24.8,26.2,0.5
22/08/2003,27.5,24.7,26.1,0.3
23/08/2003,27.6,24.7,26.1,0.5
24/08/2003,27.5,24.7,26.1,0.4
25/08/2003,27.5,24.7,26.1,0.5
26/08/2003,27.6,24.7,26.1,0.5
27/08/2003,27.5,24.7,26.1,0.6
28/08/2003,27.6,24.8,26.2,0.5
29/08/2003,27.7,24.7,26.2,0.5
30/08/2003,27.7,24.9,26.3,0.5
31/08/2003,27.8,25.0,26.4,0.3
01/09/2003,,,,0.2
02/09/2003,27.8,25.0,26.4,0.5
03/09/2003,27.8,25.3,26.6,0.5
04/09/2003,27.4,25.1,26.3,1.3
05/09/2003,27.4,24.8,26.1,2.4
06/09/2003,27.7,24.8,26.2,1.3
07/09/2003,27.8,25.2,26.5,0.2
08/09/2003,28.0,25.4,26.7,0.2
09/09/2003,28.1,25.1,26.6,0.1
10/09/2003,28.2,25.1,26.6,0.3
11/09/2003,28.1,25.2,26.7,0.5
12/09/2003,28.0,25.2,26.6,0.4
13/09/2003,28.0,25.1,26.6,0.3
14/09/2003,28.3,25.1,26.7,0.5
15/09/2003,28.3,25.1,26.7,0.8
16/09/2003,28.4,25.0,26.7,0.6
17/09/2003,28.4,25.2,26.8,0.6
18/09/2003,28.4,25.2,26.8,0.9
19/09/2003,28.5,25.2,26.9,0.6
20/09/2003,28.4,25.3,26.8,0.9
21/09/2003,28.4,25.2,26.8,0.4
22/09/2003,28.5,25.2,26.9,0.5
23/09/2003,28.6,25.3,26.9,0.5
24/09/2003,28.5,25.3,26.9,0.6
25/09/2003,28.7,25.3,27.0,0.9
26/09/2003,28.6,25.3,26.9,1.2
27/09/2003,28.7,25.3,27.0,0.6
28/09/2003,28.7,25.4,27.0,0.6
29/09/2003,28.7,25.3,27.0,0.4
30/09/2003,28.8,25.2,27.0,0.3
01/10/2003,,,,0.1
02/10/2003,29.7,25.4,27.6,0.1
03/10/2003,29.8,25.2,27.5,0.0
04/10/2003,30.2,25.5,27.8,0.3
05/10/2003,30.0,26.0,28.0,0.6
06/10/2003,29.8,25.8,27.8,0.5
07/10/2003,30.0,26.1,28.1,0.8
08/10/2003,29.8,26.2,28.0,0.8
09/10/2003,29.9,26.1,28.0,0.9
10/10/2003,29.5,26.0,27.7,0.7
11/10/2003,29.6,26.0,27.8,1.2
12/10/2003,29.6,25.9,27.7,1.5
13/10/2003,29.5,26.1,27.8,1.6
14/10/2003,29.5,26.0,27.8,1.3
15/10/2003,29.5,25.9,27.7,1.7
16/10/2003,29.4,26.1,27.7,1.7
17/10/2003,29.6,26.1,27.9,1.0
18/10/2003,29.7,26.1,27.9,1.5
19/10/2003,29.5,26.1,27.8,2.0
20/10/2003,29.7,26.3,28.0,1.3
21/10/2003,29.8,26.3,28.0,1.1
22/10/2003,29.9,26.3,28.1,0.9
23/10/2003,29.8,26.3,28.0,1.1
24/10/2003,29.8,26.2,28.0,0.8
25/10/2003,29.9,26.4,28.1,1.0
26/10/2003,29.8,26.5,28.1,1.7
27/10/2003,29.9,26.3,28.1,1.4
28/10/2003,29.8,26.3,28.1,1.1
29/10/2003,30.0,26.2,28.1,0.9
30/10/2003,30.0,26.4,28.2,0.9
31/10/2003,29.9,26.3,28.1,1.4
01/11/2003,,,,0.9
02/11/2003,31.1,26.5,28.8,0.8
03/11/2003,30.5,26.6,28.6,0.1
04/11/2003,31.0,27.0,29.0,0.1
05/11/2003,30.7,27.0,28.9,1.2
06/11/2003,30.5,27.1,28.8,2.6
07/11/2003,30.2,26.6,28.4,2.1
08/11/2003,30.1,26.6,28.4,2.8
09/11/2003,30.0,26.3,28.2,4.1
10/11/2003,29.5,26.2,27.9,5.3
11/11/2003,29.4,26.3,27.9,2.7
12/11/2003,29.6,26.5,28.1,1.8
13/11/2003,29.8,26.5,28.2,1.7
14/11/2003,30.1,26.5,28.3,1.6
15/11/2003,30.2,26.5,28.4,1.1
16/11/2003,30.4,26.5,28.5,1.1
17/11/2003,30.6,26.6,28.6,2.0
18/11/2003,30.4,26.6,28.5,1.6
19/11/2003,30.4,26.6,28.5,2.7
20/11/2003,30.4,26.6,28.5,2.6
21/11/2003,30.3,26.8,28.5,3.1
22/11/2003,30.4,26.7,28.5,5.6
23/11/2003,30.1,26.6,28.4,4.4
24/11/2003,29.9,26.6,28.3,3.6
25/11/2003,30.1,26.7,28.4,3.5
26/11/2003,30.2,26.9,28.6,2.6
27/11/2003,30.2,26.7,28.5,3.1
28/11/2003,30.3,26.8,28.5,3.7
29/11/2003,30.1,26.6,28.4,7.0
30/11/2003,30.1,26.4,28.2,7.0
01/12/2003,,,,1.4
02/12/2003,29.8,26.4,28.1,2.0
03/12/2003,29.5,26.0,27.7,2.0
04/12/2003,29.1,26.0,27.5,2.7
05/12/2003,29.5,26.4,28.0,3.3
06/12/2003,29.5,26.3,27.9,3.7
07/12/2003,29.6,26.3,28.0,3.7
08/12/2003,29.6,26.4,28.0,4.0
09/12/2003,29.6,26.4,28.0,4.5
10/12/2003,29.5,26.4,28.0,6.5
11/12/2003,29.4,26.4,27.9,7.0
12/12/2003,29.6,26.4,28.0,10.1
13/12/2003,29.4,26.1,27.7,8.7
14/12/2003,29.2,26.2,27.7,10.0
15/12/2003,29.2,26.1,27.7,9.4
16/12/2003,29.2,26.1,27.7,10.7
17/12/2003,29.2,26.1,27.7,10.2
18/12/2003,29.1,26.2,27.6,8.0
19/12/2003,29.1,26.3,27.7,8.7
20/12/2003,29.2,26.3,27.8,9.4
21/12/2003,29.4,26.2,27.8,10.4
22/12/2003,29.2,26.3,27.7,9.8
23/12/2003,29.2,26.3,27.8,8.6
24/12/2003,29.2,26.4,27.8,7.7
25/12/2003,29.2,26.4,27.8,13.2
26/12/2003,29.1,26.2,27.7,14.5
27/12/2003,28.9,26.2,27.5,17.3
28/12/2003,28.9,26.0,27.4,18.0
29/12/2003,28.7,26.1,27.4,12.6
30/12/2003,28.8,26.1,27.4,11.9
31/12/2003,28.9,26.1,27.5,11.0
01/01/2004,,,,20.5
02/01/2004,28.0,25.7,26.9,12.9
03/01/2004,28.1,25.8,26.9,11.5
04/01/2004,28.2,25.9,27.1,20.1
05/01/2004,28.2,25.1,26.7,18.9
06/01/2004,27.4,25.2,26.3,14.8
07/01/2004,27.8,25.5,26.6,13.8
08/01/2004,27.9,25.8,26.9,9.2
09/01/2004,28.4,25.9,27.2,10.6
10/01/2004,28.4,25.8,27.1,11.0
11/01/2004,28.2,25.7,27.0,7.6
12/01/2004,28.3,25.8,27.0,6.5
13/01/2004,28.4,26.0,27.2,5.5
14/01/2004,28.5,26.0,27.2,4.5
15/01/2004,28.6,26.1,27.3,5.2
16/01/2004,28.6,26.0,27.3,5.1
17/01/2004,28.6,26.0,27.3,5.7
18/01/2004,28.6,26.1,27.3,7.0
19/01/2004,28.6,26.0,27.3,10.5
20/01/2004,28.5,25.8,27.2,9.8
21/01/2004,28.5,25.7,27.1,13.5
22/01/2004,28.3,25.7,27.0,10.9
23/01/2004,28.2,25.8,27.0,11.8
24/01/2004,28.2,25.7,27.0,9.4
25/01/2004,28.4,25.8,27.1,8.5
26/01/2004,28.4,25.9,27.2,8.5
27/01/2004,28.5,25.8,27.1,8.7
28/01/2004,28.5,25.9,27.2,10.1
29/01/2004,28.5,25.8,27.1,8.5
30/01/2004,28.4,25.9,27.1,7.3
31/01/2004,28.5,25.9,27.2,6.0
01/02/2004,,,,16.6
02/02/2004,28.8,25.9,27.3,11.9
03/02/2004,28.7,26.1,27.4,20.6
04/02/2004,28.4,25.7,27.1,24.1
05/02/2004,27.8,25.6,26.7,19.3
06/02/2004,27.8,25.6,26.7,13.6
07/02/2004,28.1,25.8,26.9,19.8
08/02/2004,27.8,25.3,26.6,30.2
09/02/2004,27.4,25.3,26.3,15.1
10/02/2004,27.8,25.6,26.7,7.9
11/02/2004,28.1,26.0,27.1,6.9
12/02/2004,28.4,26.2,27.3,10.8
13/02/2004,28.2,26.0,27.1,11.5
14/02/2004,28.2,25.8,27.0,9.7
15/02/2004,28.2,26.0,27.1,6.8
16/02/2004,28.3,26.2,27.2,4.8
17/02/2004,28.7,26.4,27.6,4.6
18/02/2004,28.9,26.4,27.6,5.5
19/02/2004,28.9,26.4,27.6,5.5
20/02/2004,28.9,26.4,27.6,6.2
21/02/2004,28.9,26.5,27.7,9.8
22/02/2004,28.8,26.3,27.6,8.2
23/02/2004,28.8,26.3,27.6,8.0
24/02/2004,28.7,26.2,27.5,8.9
25/02/2004,28.6,26.1,27.4,9.4
26/02/2004,28.7,26.2,27.5,10.1
27/02/2004,28.6,26.2,27.4,10.3
28/02/2004,28.5,26.0,27.3,9.1
29/02/2004,28.4,26.1,27.3,8.7
01/03/2004,,,,4.4
02/03/2004,28.3,25.7,27.0,2.8
03/03/2004,28.5,26.1,27.3,3.1
04/03/2004,28.6,26.1,27.4,10.2
05/03/2004,28.6,25.6,27.1,12.4
06/03/2004,28.4,25.5,26.9,17.2
07/03/2004,27.9,25.5,26.7,16.8
08/03/2004,27.7,25.4,26.6,9.1
09/03/2004,28.1,25.8,26.9,2.6
10/03/2004,28.7,26.2,27.5,2.6
11/03/2004,29.3,26.2,27.7,3.4
12/03/2004,29.2,26.1,27.6,5.9
13/03/2004,28.8,26.0,27.4,5.0
14/03/2004,28.7,26.1,27.4,9.0
15/03/2004,28.4,25.9,27.2,13.5
16/03/2004,28.2,25.7,26.9,14.3
17/03/2004,28.1,25.7,26.9,10.8
18/03/2004,28.2,25.8,27.0,13.1
19/03/2004,28.2,25.8,27.0,13.9
20/03/2004,28.3,25.9,27.1,10.4
21/03/2004,28.5,26.0,27.3,9.4
22/03/2004,28.5,25.9,27.2,10.9
23/03/2004,28.4,25.8,27.1,6.2
24/03/2004,28.6,26.1,27.4,5.9
25/03/2004,28.8,26.2,27.5,3.3
26/03/2004,28.8,26.4,27.6,3.9
27/03/2004,28.9,26.2,27.6,4.4
28/03/2004,28.9,26.2,27.6,4.9
29/03/2004,28.9,26.1,27.5,3.5
30/03/2004,28.9,26.2,27.6,4.7
31/03/2004,29.1,26.2,27.6,5.2
01/04/2004,,,,0.2
02/04/2004,29.4,26.8,28.1,0.8
03/04/2004,29.3,26.2,27.7,3.4
04/04/2004,29.0,25.7,27.3,4.4
05/04/2004,28.8,25.9,27.4,4.3
06/04/2004,29.2,25.9,27.5,5.4
07/04/2004,29.0,25.8,27.4,9.9
08/04/2004,28.7,25.5,27.1,12.3
09/04/2004,28.3,25.5,26.9,11.3
10/04/2004,28.1,25.6,26.8,10.6
11/04/2004,28.2,25.7,27.0,7.8
12/04/2004,28.4,25.9,27.1,8.3
13/04/2004,28.5,25.9,27.2,9.0
14/04/2004,28.4,25.9,27.2,5.7
15/04/2004,28.6,26.0,27.3,3.7
16/04/2004,28.8,26.2,27.5,4.0
17/04/2004,28.8,26.3,27.5,5.7
18/04/2004,28.8,26.2,27.5,5.0
19/04/2004,28.7,26.1,27.4,5.1
20/04/2004,28.7,26.2,27.5,6.6
21/04/2004,28.7,26.2,27.5,5.8
22/04/2004,28.6,26.0,27.3,3.9
23/04/2004,28.7,26.2,27.4,3.8
24/04/2004,28.9,26.3,27.6,5.9
25/04/2004,28.8,26.1,27.4,6.9
26/04/2004,28.6,26.2,27.4,8.7
27/04/2004,28.4,26.0,27.2,7.8
28/04/2004,28.5,26.0,27.2,7.5
29/04/2004,28.4,25.9,27.1,11.0
30/04/2004,28.3,25.9,27.1,6.5
01/05/2004,,,,2.4
02/05/2004,28.6,26.5,27.6,3.5
03/05/2004,28.9,25.8,27.4,8.8
04/05/2004,28.0,25.7,26.8,5.8
05/05/2004,28.6,26.1,27.3,5.5
06/05/2004,28.7,26.2,27.5,9.3
07/05/2004,28.8,26.0,27.4,11.8
08/05/2004,28.4,25.9,27.2,10.3
09/05/2004,28.2,26.0,27.1,6.6
10/05/2004,28.4,26.1,27.2,5.1
11/05/2004,28.4,26.0,27.2,3.9
12/05/2004,28.3,26.0,27.2,3.1
13/05/2004,28.5,26.2,27.3,4.6
14/05/2004,28.4,26.1,27.3,3.8
15/05/2004,28.4,26.1,27.3,4.2
16/05/2004,28.3,25.9,27.1,3.8
17/05/2004,28.3,26.0,27.1,5.0
18/05/2004,28.2,26.0,27.1,4.8
19/05/2004,28.4,26.0,27.2,6.1
20/05/2004,28.2,26.0,27.1,7.0
21/05/2004,28.2,25.8,27.0,6.5
22/05/2004,28.0,25.8,26.9,7.1
23/05/2004,28.0,25.8,26.9,7.6
24/05/2004,28.0,25.7,26.9,4.5
25/05/2004,28.2,25.7,26.9,5.7
26/05/2004,27.8,25.6,26.7,6.2
27/05/2004,27.8,25.6,26.7,8.7
28/05/2004,27.9,25.5,26.7,5.6
29/05/2004,27.9,25.6,26.7,7.0
30/05/2004,27.8,25.4,26.6,6.9
31/05/2004,27.7,25.6,26.7,6.4
01/06/2004,,,,12.2
02/06/2004,27.8,24.7,26.2,19.2
03/06/2004,27.1,24.5,25.8,12.9
04/06/2004,27.1,25.0,26.0,2.7
05/06/2004,27.7,25.7,26.7,1.2
06/06/2004,28.1,26.1,27.1,2.8
07/06/2004,27.6,25.7,26.6,3.4
08/06/2004,27.8,25.7,26.7,2.9
09/06/2004,27.8,25.8,26.8,2.5
10/06/2004,27.7,25.7,26.7,3.5
11/06/2004,27.5,25.5,26.5,1.6
12/06/2004,27.5,25.7,26.6,2.7
13/06/2004,27.6,25.4,26.5,4.0
14/06/2004,27.3,25.3,26.3,4.0
15/06/2004,27.3,25.2,26.2,7.1
16/06/2004,27.2,25.2,26.2,7.9
17/06/2004,27.1,25.2,26.2,4.0
18/06/2004,27.1,25.3,26.2,4.3
19/06/2004,27.1,25.2,26.1,4.3
20/06/2004,27.0,25.2,26.1,3.4
21/06/2004,27.1,25.2,26.1,2.4
22/06/2004,27.0,25.4,26.2,4.9
23/06/2004,27.1,25.1,26.1,3.9
24/06/2004,27.0,25.0,26.0,2.2
25/06/2004,27.1,24.9,26.0,2.0
26/06/2004,27.0,25.0,26.0,2.4
27/06/2004,26.9,24.8,25.9,2.0
28/06/2004,26.8,24.8,25.8,2.2
29/06/2004,26.7,24.7,25.7,1.6
30/06/2004,26.8,24.8,25.8,2.0
01/07/2004,,,,1.1
02/07/2004,27.0,25.0,26.0,1.2
03/07/2004,27.2,25.0,26.1,1.2
04/07/2004,27.2,24.9,26.1,1.1
05/07/2004,27.0,24.8,25.9,0.6
06/07/2004,27.0,24.8,25.9,1.6
07/07/2004,26.8,24.8,25.8,1.5
08/07/2004,26.8,24.8,25.8,0.7
09/07/2004,26.7,24.7,25.7,0.9
10/07/2004,26.7,24.5,25.6,1.3
11/07/2004,26.6,24.4,25.5,1.3
12/07/2004,26.5,24.4,25.5,1.3
13/07/2004,26.5,24.5,25.5,1.5
14/07/2004,26.7,24.5,25.6,1.6
15/07/2004,26.5,24.4,25.4,1.2
16/07/2004,26.5,24.4,25.5,1.4
17/07/2004,26.5,24.5,25.5,1.1
18/07/2004,26.6,24.5,25.6,1.1
19/07/2004,26.5,24.5,25.5,1.0
20/07/2004,26.6,24.5,25.5,1.3
21/07/2004,26.5,24.3,25.4,1.0
22/07/2004,26.3,24.2,25.2,1.1
23/07/2004,26.3,24.2,25.2,0.9
24/07/2004,26.4,24.2,25.3,1.0
25/07/2004,26.4,24.1,25.2,0.7
26/07/2004,26.4,24.2,25.3,1.2
27/07/2004,26.4,24.2,25.3,1.2
28/07/2004,26.3,24.2,25.2,1.0
29/07/2004,26.3,24.2,25.3,1.1
30/07/2004,26.3,24.1,25.2,0.8
31/07/2004,26.4,24.2,25.3,0.7
01/08/2004,,,,0.0
02/08/2004,26.7,23.5,25.1,0.1
03/08/2004,26.8,23.8,25.3,0.0
04/08/2004,26.7,23.4,25.1,0.0
05/08/2004,26.9,23.5,25.2,0.0
06/08/2004,26.7,24.0,25.4,0.0
07/08/2004,26.6,23.9,25.3,0.2
08/08/2004,26.6,23.9,25.2,0.2
09/08/2004,27.0,24.1,25.6,0.4
10/08/2004,27.1,24.2,25.6,0.2
11/08/2004,27.0,24.0,25.5,0.2
12/08/2004,26.6,23.7,25.1,0.5
13/08/2004,26.3,23.6,25.0,0.5
14/08/2004,26.4,23.6,25.0,0.6
15/08/2004,26.4,23.6,25.0,0.5
16/08/2004,26.5,23.6,25.0,0.3
17/08/2004,26.4,23.7,25.0,0.6
18/08/2004,26.6,23.8,25.2,0.5
19/08/2004,26.7,24.0,25.3,0.4
20/08/2004,26.8,24.0,25.4,0.3
21/08/2004,26.7,24.0,25.4,0.3
22/08/2004,26.7,23.9,25.3,0.3
23/08/2004,26.8,24.1,25.4,0.5
24/08/2004,26.8,24.1,25.5,0.4
25/08/2004,26.9,24.3,25.6,0.5
26/08/2004,27.0,24.3,25.6,0.4
27/08/2004,27.0,24.2,25.6,0.6
28/08/2004,27.1,24.2,25.7,0.5
29/08/2004,27.1,24.3,25.7,0.3
30/08/2004,27.3,24.2,25.8,0.3
31/08/2004,27.3,24.3,25.8,0.3
01/09/2004,,,,0.0
02/09/2004,27.7,24.7,26.2,0.1
03/09/2004,27.3,24.6,25.9,0.3
04/09/2004,27.2,24.5,25.9,0.2
05/09/2004,27.3,24.2,25.8,0.4
06/09/2004,27.6,24.6,26.1,1.4
07/09/2004,27.6,24.6,26.1,1.1
08/09/2004,27.6,24.6,26.1,0.6
09/09/2004,27.8,24.6,26.2,0.5
10/09/2004,27.8,24.6,26.2,0.8
11/09/2004,27.7,24.7,26.2,0.3
12/09/2004,27.7,24.6,26.2,0.3
13/09/2004,27.8,24.7,26.3,0.2
14/09/2004,27.7,24.7,26.2,0.2
15/09/2004,27.8,24.7,26.2,0.5
16/09/2004,27.6,24.6,26.1,0.5
17/09/2004,27.7,24.7,26.2,0.3
18/09/2004,27.8,24.7,26.2,0.5
19/09/2004,27.7,24.7,26.2,0.5
20/09/2004,27.7,24.7,26.2,0.3
21/09/2004,27.8,24.7,26.3,0.2
22/09/2004,28.0,24.7,26.3,0.2
23/09/2004,28.0,24.7,26.3,0.2
24/09/2004,28.0,24.7,26.3,0.2
25/09/2004,28.1,24.7,26.4,0.2
26/09/2004,28.2,24.5,26.4,0.2
27/09/2004,28.1,24.6,26.4,0.2
28/09/2004,28.3,24.7,26.5,0.2
29/09/2004,28.2,24.7,26.4,0.2
30/09/2004,28.3,24.5,26.4,0.2
01/10/2004,,,,0.1
02/10/2004,28.8,24.2,26.5,0.0
03/10/2004,28.5,24.2,26.3,0.0
04/10/2004,29.0,23.9,26.5,0.1
05/10/2004,29.0,24.5,26.7,0.2
06/10/2004,28.5,24.6,26.5,0.5
07/10/2004,28.8,25.1,26.9,0.3
08/10/2004,29.2,25.0,27.1,0.3
09/10/2004,29.2,25.2,27.2,0.2
10/10/2004,28.9,25.0,27.0,0.0
11/10/2004,28.8,24.6,26.7,0.1
12/10/2004,28.7,24.9,26.8,0.2
13/10/2004,28.4,24.9,26.7,0.3
14/10/2004,28.4,24.9,26.7,0.5
15/10/2004,28.5,24.9,26.7,0.3
16/10/2004,28.7,24.9,26.8,0.3
17/10/2004,28.8,24.9,26.8,0.2
18/10/2004,29.0,25.1,27.0,0.3
19/10/2004,29.2,25.2,27.2,0.3
20/10/2004,29.3,25.2,27.2,0.2
21/10/2004,29.3,25.2,27.3,0.3
22/10/2004,29.4,25.4,27.4,0.4
23/10/2004,29.4,25.4,27.4,0.4
24/10/2004,29.4,25.6,27.5,0.5
25/10/2004,29.5,25.6,27.5,0.6
26/10/2004,29.4,25.6,27.5,0.5
27/10/2004,29.5,25.6,27.6,1.0
28/10/2004,29.6,25.6,27.6,1.0
29/10/2004,29.7,25.8,27.7,0.8
30/10/2004,29.7,25.8,27.8,0.5
31/10/2004,29.8,25.9,27.8,0.7
01/11/2004,,,,0.0
02/11/2004,29.0,25.8,27.4,0.0
03/11/2004,29.2,25.5,27.4,0.1
04/11/2004,29.8,25.3,27.5,0.0
05/11/2004,29.8,25.1,27.4,0.1
06/11/2004,29.9,25.4,27.7,0.1
07/11/2004,30.1,25.5,27.8,0.1
08/11/2004,30.3,25.7,28.0,0.2
09/11/2004,30.3,26.0,28.1,0.7
10/11/2004,30.5,26.4,28.4,0.7
11/11/2004,30.3,26.4,28.4,0.6
12/11/2004,30.4,26.4,28.4,0.6
13/11/2004,30.3,26.4,28.4,0.5
14/11/2004,30.4,26.3,28.4,0.7
15/11/2004,30.6,26.4,28.5,0.7
16/11/2004,30.7,26.5,28.6,1.5
17/11/2004,30.5,26.5,28.5,1.2
18/11/2004,30.6,26.6,28.6,2.3
19/11/2004,30.4,26.6,28.5,2.0
20/11/2004,30.4,26.7,28.6,2.0
21/11/2004,30.3,26.6,28.4,1.1
22/11/2004,30.4,26.7,28.5,1.5
23/11/2004,30.3,26.7,28.5,2.4
24/11/2004,30.4,26.5,28.4,2.5
25/11/2004,30.4,26.6,28.5,2.5
26/11/2004,30.2,26.6,28.4,3.1
27/11/2004,30.2,26.6,28.4,2.5
28/11/2004,30.3,26.7,28.5,2.5
29/11/2004,30.3,26.7,28.5,3.6
30/11/2004,30.4,26.7,28.5,5.1
01/12/2004,,,,0.0
02/12/2004,29.7,26.4,28.1,0.7
03/12/2004,29.7,26.5,28.1,2.8
04/12/2004,29.4,26.0,27.7,4.9
05/12/2004,29.3,25.7,27.5,2.0
06/12/2004,29.6,26.1,27.9,1.2
07/12/2004,29.9,26.8,28.3,1.1
08/12/2004,30.1,27.1,28.6,1.3
09/12/2004,30.3,27.1,28.7,2.7
10/12/2004,30.2,26.7,28.4,3.8
11/12/2004,29.8,26.4,28.1,4.4
12/12/2004,29.6,26.4,28.0,2.4
13/12/2004,29.7,26.7,28.2,2.7
14/12/2004,30.1,26.7,28.4,3.1
15/12/2004,29.9,26.8,28.4,3.3
16/12/2004,30.1,26.8,28.4,2.4
17/12/2004,30.1,26.8,28.4,3.0
18/12/2004,30.2,26.8,28.5,4.1
19/12/2004,30.0,26.7,28.3,6.7
20/12/2004,29.9,26.5,28.2,7.4
21/12/2004,29.5,26.2,27.9,9.0
22/12/2004,29.4,26.3,27.8,7.5
23/12/2004,29.3,26.3,27.8,10.2
24/12/2004,29.4,26.2,27.8,12.5
25/12/2004,29.2,26.1,27.6,11.4
26/12/2004,29.1,26.2,27.7,9.7
27/12/2004,29.2,26.2,27.7,11.1
28/12/2004,29.3,26.2,27.8,12.4
29/12/2004,29.2,26.3,27.8,10.2
30/12/2004,29.2,26.2,27.7,12.8
31/12/2004,29.1,26.3,27.7,10.1
01/01/2005,,,,6.4
02/01/2005,28.7,25.8,27.3,2.7
03/01/2005,28.8,26.6,27.7,3.9
04/01/2005,29.5,26.5,28.0,7.9
05/01/2005,29.1,26.4,27.7,12.9
06/01/2005,28.9,26.0,27.4,13.1
07/01/2005,28.3,25.8,27.0,10.5
08/01/2005,28.3,25.9,27.1,8.4
09/01/2005,28.6,26.0,27.3,4.9
10/01/2005,28.7,26.3,27.5,4.6
11/01/2005,29.0,26.5,27.7,4.9
12/01/2005,29.0,26.4,27.7,5.9
13/01/2005,28.9,26.2,27.5,13.3
14/01/2005,28.7,25.8,27.2,16.0
15/01/2005,28.3,25.9,27.1,9.8
16/01/2005,28.4,26.0,27.2,12.9
17/01/2005,28.3,26.0,27.2,9.9
18/01/2005,28.5,26.1,27.3,12.4
19/01/2005,28.5,26.1,27.3,9.5
20/01/2005,28.5,26.3,27.4,10.6
21/01/2005,28.6,26.2,27.4,11.1
22/01/2005,28.6,26.1,27.3,13.9
23/01/2005,28.5,26.0,27.2,15.4
24/01/2005,28.3,25.9,27.1,13.4
25/01/2005,28.2,26.0,27.1,12.4
26/01/2005,28.3,25.9,27.1,10.2
27/01/2005,28.3,26.0,27.2,9.3
28/01/2005,28.5,26.0,27.3,8.7
29/01/2005,28.5,26.1,27.3,9.8
30/01/2005,28.5,26.0,27.3,7.9
31/01/2005,28.4,26.0,27.2,9.0
01/02/2005,,,,16.0
02/02/2005,28.8,25.4,27.1,18.1
03/02/2005,27.6,25.4,26.5,16.5
04/02/2005,27.7,25.5,26.6,13.5
05/02/2005,28.2,25.6,26.9,11.5
06/02/2005,28.1,25.8,26.9,10.5
07/02/2005,28.1,25.9,27.0,9.2
08/02/2005,28.3,26.0,27.1,7.6
09/02/2005,28.4,26.0,27.2,5.7
10/02/2005,28.5,26.2,27.3,4.5
11/02/2005,28.6,26.5,27.6,4.8
12/02/2005,28.8,26.3,27.6,6.4
13/02/2005,28.7,26.1,27.4,8.2
14/02/2005,28.5,26.0,27.3,7.7
15/02/2005,28.5,26.1,27.3,6.4
16/02/2005,28.6,26.2,27.4,2.7
17/02/2005,28.9,26.5,27.7,3.2
18/02/2005,29.0,26.4,27.7,3.5
19/02/2005,29.0,26.4,27.7,3.1
20/02/2005,29.1,26.4,27.7,3.8
21/02/2005,29.1,26.4,27.7,5.6
22/02/2005,29.1,26.2,27.7,6.4
23/02/2005,29.1,26.2,27.6,8.5
24/02/2005,29.0,26.0,27.5,7.2
25/02/2005,28.8,26.1,27.4,5.5
26/02/2005,29.1,26.2,27.6,5.1
27/02/2005,29.0,26.3,27.6,6.6
28/02/2005,29.0,26.2,27.6,8.3
01/03/2005,,,,8.2
02/03/2005,29.4,25.4,27.4,17.9
03/03/2005,28.4,25.4,26.9,13.8
04/03/2005,28.3,25.7,27.0,20.1
05/03/2005,28.2,25.7,26.9,21.4
06/03/2005,28.0,25.6,26.8,24.5
07/03/2005,27.8,25.4,26.6,18.2
08/03/2005,28.0,25.6,26.8,8.7
09/03/2005,28.5,26.1,27.3,5.2
10/03/2005,28.8,26.4,27.6,7.3
11/03/2005,28.9,26.4,27.7,7.4
12/03/2005,28.9,26.4,27.6,7.6
13/03/2005,28.9,26.4,27.6,8.6
14/03/2005,28.8,26.2,27.5,8.8
15/03/2005,28.6,26.1,27.4,6.4
16/03/2005,28.9,26.4,27.6,5.4
17/03/2005,28.9,26.4,27.7,5.0
18/03/2005,29.1,26.4,27.7,4.0
19/03/2005,29.2,26.5,27.8,3.9
20/03/2005,29.4,26.5,27.9,4.3
21/03/2005,29.4,26.4,27.9,5.9
22/03/2005,29.2,26.2,27.7,4.9
23/03/2005,29.1,26.4,27.7,6.1
24/03/2005,29.2,26.3,27.8,6.1
25/03/2005,29.3,26.4,27.9,4.6
26/03/2005,29.4,26.6,28.0,6.5
27/03/2005,29.5,26.5,28.0,7.0
28/03/2005,29.1,26.4,27.8,8.0
29/03/2005,29.1,26.2,27.7,7.2
30/03/2005,29.2,26.3,27.7,5.9
31/03/2005,29.2,26.4,27.8,6.1
01/04/2005,,,,19.4
02/04/2005,28.5,25.7,27.1,15.7
03/04/2005,28.1,25.8,26.9,19.3
04/04/2005,28.0,25.7,26.8,12.3
05/04/2005,28.4,25.6,27.0,11.0
06/04/2005,28.2,25.9,27.1,8.7
07/04/2005,28.5,25.9,27.2,7.6
08/04/2005,28.4,25.8,27.1,9.0
09/04/2005,28.3,25.7,27.0,16.5
10/04/2005,28.0,25.5,26.7,17.4
11/04/2005,28.0,25.5,26.8,10.4
12/04/2005,28.2,25.8,27.0,5.6
13/04/2005,28.5,26.0,27.2,7.1
14/04/2005,28.5,25.9,27.2,7.8
15/04/2005,28.3,25.7,27.0,5.0
16/04/2005,28.4,26.0,27.2,4.4
17/04/2005,28.8,26.0,27.4,5.0
18/04/2005,28.6,26.0,27.3,4.9
19/04/2005,28.7,25.9,27.3,3.7
20/04/2005,28.7,26.0,27.3,4.4
21/04/2005,28.5,26.0,27.3,6.6
22/04/2005,28.5,25.8,27.2,8.9
23/04/2005,28.5,25.9,27.2,6.2
24/04/2005,28.6,26.2,27.4,4.5
25/04/2005,28.8,26.0,27.4,4.4
26/04/2005,28.6,26.0,27.3,4.7
27/04/2005,28.5,26.1,27.3,5.3
28/04/2005,28.6,26.1,27.3,5.1
29/04/2005,28.5,26.1,27.3,4.0
30/04/2005,28.6,26.1,27.3,3.4
01/05/2005,,,,0.3
02/05/2005,28.8,26.7,27.8,0.2
03/05/2005,29.0,26.8,27.9,0.1
04/05/2005,28.6,26.5,27.6,0.7
05/05/2005,28.7,26.2,27.5,1.5
06/05/2005,28.4,26.4,27.4,0.6
07/05/2005,28.7,26.5,27.6,0.3
08/05/2005,28.8,26.5,27.7,0.7
09/05/2005,28.8,26.5,27.6,1.1
10/05/2005,28.9,26.5,27.7,1.8
11/05/2005,28.8,26.3,27.5,1.8
12/05/2005,28.8,26.3,27.5,1.4
13/05/2005,28.8,26.3,27.5,1.4
14/05/2005,28.7,26.3,27.5,1.4
15/05/2005,28.8,26.0,27.4,1.7
16/05/2005,28.7,26.0,27.4,1.4
17/05/2005,28.6,26.1,27.3,0.9
18/05/2005,28.6,26.1,27.3,0.8
19/05/2005,28.6,26.1,27.3,0.8
20/05/2005,28.5,25.9,27.2,1.6
21/05/2005,28.6,25.7,27.1,1.1
22/05/2005,28.5,25.8,27.2,1.6
23/05/2005,28.4,25.7,27.1,1.1
24/05/2005,28.5,25.9,27.2,1.9
25/05/2005,28.4,25.8,27.1,2.3
26/05/2005,28.4,25.9,27.2,2.7
27/05/2005,28.3,25.9,27.1,2.8
28/05/2005,28.2,25.8,27.0,3.6
29/05/2005,27.9,25.7,26.8,3.4
30/05/2005,28.0,25.6,26.8,3.6
31/05/2005,27.9,25.7,26.8,3.3
01/06/2005,,,,0.6
02/06/2005,27.8,25.8,26.8,1.7
03/06/2005,27.7,25.6,26.7,1.2
04/06/2005,28.1,25.5,26.8,1.6
05/06/2005,27.8,25.5,26.7,1.8
06/06/2005,28.0,25.7,26.8,2.7
07/06/2005,28.0,25.7,26.8,3.0
08/06/2005,27.8,25.8,26.8,1.9
09/06/2005,27.8,25.8,26.8,1.6
10/06/2005,27.8,25.7,26.7,1.1
11/06/2005,27.8,25.6,26.7,0.6
12/06/2005,27.9,25.5,26.7,0.6
13/06/2005,27.9,25.5,26.7,0.8
14/06/2005,27.8,25.4,26.6,1.3
15/06/2005,27.8,25.3,26.6,1.7
16/06/2005,27.7,25.3,26.5,1.8
17/06/2005,27.5,25.3,26.4,1.4
18/06/2005,27.6,25.5,26.5,1.3
19/06/2005,27.6,25.5,26.5,1.4
20/06/2005,27.5,25.2,26.4,1.3
21/06/2005,27.5,25.3,26.4,1.2
22/06/2005,27.7,25.4,26.5,1.0
23/06/2005,27.7,25.3,26.5,1.7
24/06/2005,27.7,25.2,26.4,2.8
25/06/2005,27.4,25.1,26.2,2.0
26/06/2005,27.3,25.2,26.2,3.3
27/06/2005,27.2,25.0,26.1,1.9
28/06/2005,27.3,25.0,26.2,2.2
29/06/2005,27.2,24.9,26.1,1.8
30/06/2005,27.2,24.9,26.1,2.8
01/07/2005,,,,0.8
02/07/2005,27.5,25.2,26.3,6.1
03/07/2005,27.1,24.8,25.9,8.1
04/07/2005,26.4,24.6,25.5,9.0
05/07/2005,26.7,24.6,25.6,8.6
06/07/2005,26.6,24.7,25.6,7.8
07/07/2005,26.7,24.7,25.7,3.7
08/07/2005,27.0,25.2,26.1,3.6
09/07/2005,27.0,25.1,26.0,3.6
10/07/2005,26.9,25.0,26.0,2.1
11/07/2005,26.9,25.1,26.0,1.4
12/07/2005,27.2,25.2,26.2,1.2
13/07/2005,27.3,25.2,26.2,1.8
14/07/2005,27.3,25.2,26.3,1.8
15/07/2005,27.1,25.1,26.1,1.6
16/07/2005,27.1,24.9,26.0,1.5
17/07/2005,26.9,24.9,25.9,2.4
18/07/2005,26.9,24.8,25.9,2.3
19/07/2005,26.9,24.9,25.9,2.1
20/07/2005,26.8,24.9,25.8,2.0
21/07/2005,27.0,25.0,26.0,2.5
22/07/2005,26.9,24.9,25.9,2.0
23/07/2005,26.9,24.9,25.9,1.3
24/07/2005,26.9,25.0,26.0,1.5
25/07/2005,27.0,24.9,26.0,1.3
26/07/2005,27.0,25.0,26.0,1.9
27/07/2005,26.9,24.8,25.9,1.8
28/07/2005,26.9,24.9,25.9,1.2
29/07/2005,27.1,24.9,26.0,1.4
30/07/2005,27.1,24.9,26.0,1.9
31/07/2005,27.2,24.8,26.0,1.3
01/08/2005,,,,0.4
02/08/2005,27.6,24.7,26.1,0.7
03/08/2005,27.0,24.7,25.9,1.1
04/08/2005,27.2,24.4,25.8,0.9
05/08/2005,27.4,24.8,26.1,1.6
06/08/2005,27.4,24.7,26.1,1.3
07/08/2005,27.2,24.7,26.0,1.2
08/08/2005,27.1,24.7,25.9,0.5
09/08/2005,26.8,24.4,25.6,0.3
10/08/2005,26.6,24.1,25.3,0.3
11/08/2005,26.8,24.2,25.5,0.5
12/08/2005,27.0,24.4,25.7,0.4
13/08/2005,27.0,24.4,25.7,0.5
14/08/2005,27.2,24.4,25.8,0.7
15/08/2005,27.2,24.6,25.9,0.8
16/08/2005,27.2,24.7,26.0,1.1
17/08/2005,27.1,24.8,26.0,1.4
18/08/2005,27.2,24.8,26.0,1.4
19/08/2005,27.4,24.9,26.1,1.3
20/08/2005,27.3,24.9,26.1,0.7
21/08/2005,27.3,25.0,26.2,0.8
22/08/2005,27.2,24.9,26.1,1.0
23/08/2005,27.2,24.9,26.1,0.9
24/08/2005,27.3,24.9,26.1,1.0
25/08/2005,27.4,24.9,26.1,1.2
26/08/2005,27.4,24.9,26.2,0.8
27/08/2005,27.5,25.0,26.2,0.7
28/08/2005,27.5,24.9,26.2,0.5
29/08/2005,27.6,24.9,26.2,0.5
30/08/2005,27.5,24.9,26.2,0.8
31/08/2005,27.7,25.0,26.3,1.0
01/09/2005,,,,0.1
02/09/2005,27.1,24.4,25.8,0.6
03/09/2005,27.1,24.9,26.0,0.7
04/09/2005,27.4,24.7,26.1,0.3
05/09/2005,27.6,24.8,26.2,0.3
06/09/2005,27.7,24.7,26.2,0.1
07/09/2005,27.8,24.4,26.1,0.1
08/09/2005,27.9,24.1,26.0,0.0
09/09/2005,28.2,24.2,26.2,0.2
10/09/2005,28.0,24.3,26.2,0.3
11/09/2005,27.9,24.4,26.2,0.1
12/09/2005,28.1,24.6,26.3,0.2
13/09/2005,28.2,24.7,26.4,0.6
14/09/2005,28.3,24.9,26.6,0.8
15/09/2005,28.3,24.9,26.6,0.4
16/09/2005,28.3,24.8,26.5,0.3
17/09/2005,28.3,24.7,26.5,0.4
18/09/2005,28.3,24.7,26.5,0.1
19/09/2005,28.2,24.6,26.4,0.2
20/09/2005,28.2,24.7,26.5,0.3
21/09/2005,28.2,24.7,26.4,0.4
22/09/2005,28.3,24.7,26.5,0.3
23/09/2005,28.3,24.8,26.6,0.3
24/09/2005,28.4,24.8,26.6,0.2
25/09/2005,28.6,24.8,26.7,0.4
26/09/2005,28.7,24.9,26.8,0.2
27/09/2005,28.6,25.1,26.8,0.3
28/09/2005,28.9,25.2,27.0,0.6
29/09/2005,28.8,25.1,26.9,0.3
30/09/2005,28.8,25.1,27.0,0.5
01/10/2005,,,,0.0
02/10/2005,28.7,24.8,26.7,1.0
03/10/2005,28.8,25.5,27.2,0.5
04/10/2005,28.9,25.5,27.2,1.1
05/10/2005,28.5,25.5,27.0,0.5
06/10/2005,28.4,25.0,26.7,0.6
07/10/2005,28.6,25.3,26.9,1.6
08/10/2005,28.5,25.6,27.0,1.3
09/10/2005,28.9,25.9,27.4,0.7
10/10/2005,29.3,25.9,27.6,0.4
11/10/2005,29.5,25.8,27.6,0.3
12/10/2005,29.3,25.8,27.5,1.0
13/10/2005,29.3,25.9,27.6,2.1
14/10/2005,29.2,25.8,27.5,1.9
15/10/2005,29.1,26.0,27.6,1.6
16/10/2005,29.1,26.0,27.6,1.7
17/10/2005,29.2,26.0,27.6,1.5
18/10/2005,29.2,25.9,27.6,1.8
19/10/2005,29.2,26.0,27.6,1.6
20/10/2005,29.2,26.0,27.6,1.3
21/10/2005,29.3,25.9,27.6,1.2
22/10/2005,29.5,26.0,27.7,1.2
23/10/2005,29.4,26.0,27.7,0.8
24/10/2005,29.7,26.0,27.9,1.0
25/10/2005,29.7,26.0,27.8,1.9
26/10/2005,29.7,26.1,27.9,1.9
27/10/2005,29.7,26.1,27.9,1.5
28/10/2005,29.7,26.1,27.9,0.9
29/10/2005,29.8,26.3,28.0,1.3
30/10/2005,29.9,26.2,28.1,1.2
31/10/2005,29.8,26.3,28.0,1.5
01/11/2005,,,,0.3
02/11/2005,30.6,26.7,28.6,0.1
03/11/2005,30.4,26.7,28.5,0.2
04/11/2005,30.4,26.7,28.6,0.4
05/11/2005,30.2,26.8,28.5,0.8
06/11/2005,30.1,26.7,28.4,2.2
07/11/2005,30.1,26.5,28.3,4.6
08/11/2005,29.7,26.1,27.9,6.7
09/11/2005,28.9,25.9,27.4,4.0
10/11/2005,29.1,26.1,27.6,2.5
11/11/2005,29.5,26.3,27.9,2.6
12/11/2005,29.9,26.4,28.1,2.3
13/11/2005,29.8,26.4,28.1,3.8
14/11/2005,29.9,26.4,28.2,3.0
15/11/2005,29.9,26.6,28.2,3.4
16/11/2005,30.0,26.7,28.3,3.7
17/11/2005,29.9,26.7,28.3,4.0
18/11/2005,30.0,26.6,28.3,4.4
19/11/2005,29.9,26.4,28.1,6.5
20/11/2005,29.7,26.2,28.0,4.4
21/11/2005,29.8,26.4,28.1,5.2
22/11/2005,29.8,26.4,28.1,4.8
23/11/2005,29.7,26.5,28.1,6.1
24/11/2005,29.8,26.3,28.0,5.3
25/11/2005,29.5,26.4,28.0,6.6
26/11/2005,29.6,26.4,28.0,7.8
27/11/2005,29.5,26.3,27.9,8.7
28/11/2005,29.3,26.2,27.8,8.6
29/11/2005,29.3,26.2,27.8,6.8
30/11/2005,29.4,26.3,27.9,6.2
01/12/2005,,,,0.7
02/12/2005,30.7,27.0,28.9,1.8
03/12/2005,30.1,26.7,28.4,6.7
04/12/2005,29.5,26.2,27.9,7.8
05/12/2005,28.9,26.0,27.4,7.1
06/12/2005,29.0,26.0,27.5,5.0
07/12/2005,29.3,26.3,27.8,7.5
08/12/2005,29.1,26.0,27.5,8.9
09/12/2005,29.1,25.6,27.4,8.9
10/12/2005,28.6,25.9,27.2,6.0
11/12/2005,29.2,26.2,27.7,9.7
12/12/2005,29.0,26.2,27.6,10.5
13/12/2005,29.0,26.2,27.6,10.7
14/12/2005,29.0,26.1,27.5,12.4
15/12/2005,29.0,26.1,27.5,15.6
16/12/2005,28.9,25.9,27.4,14.0
17/12/2005,28.6,26.0,27.3,13.5
18/12/2005,28.7,26.1,27.4,11.4
19/12/2005,28.9,26.2,27.5,11.5
20/12/2005,29.0,26.2,27.6,12.3
21/12/2005,28.7,26.1,27.4,15.3
22/12/2005,28.7,26.0,27.4,12.2
23/12/2005,28.6,26.1,27.4,11.8
24/12/2005,28.8,26.0,27.4,16.0
25/12/2005,28.7,25.9,27.3,11.3
26/12/2005,28.7,26.1,27.4,15.0
27/12/2005,28.7,26.0,27.3,15.6
28/12/2005,28.4,25.8,27.1,14.2
29/12/2005,28.6,25.8,27.2,12.5
30/12/2005,28.5,25.8,27.1,12.1
31/12/2005,28.5,26.1,27.3,10.8
01/01/2006,,,,16.4
02/01/2006,28.6,25.1,26.9,18.3
03/01/2006,28.1,25.1,26.6,10.8
04/01/2006,27.8,25.4,26.6,13.0
05/01/2006,28.2,25.6,26.9,14.9
06/01/2006,28.1,25.4,26.8,18.8
07/01/2006,28.0,25.4,26.7,10.0
08/01/2006,28.3,25.7,27.0,6.1
09/01/2006,28.9,26.0,27.5,7.4
10/01/2006,29.1,26.2,27.7,5.4
11/01/2006,29.1,26.4,27.7,9.4
12/01/2006,29.2,26.0,27.6,12.1
13/01/2006,28.7,26.0,27.3,20.1
14/01/2006,28.4,25.7,27.1,25.7
15/01/2006,28.2,25.7,26.9,17.5
16/01/2006,28.1,25.8,27.0,15.5
17/01/2006,28.3,26.0,27.1,14.8
18/01/2006,28.4,25.9,27.2,12.3
19/01/2006,28.3,26.0,27.2,12.1
20/01/2006,28.4,26.0,27.2,11.8
21/01/2006,28.4,26.0,27.2,10.7
22/01/2006,28.5,26.1,27.3,12.3
23/01/2006,28.4,26.1,27.2,14.4
24/01/2006,28.2,25.8,27.0,17.8
25/01/2006,28.2,25.7,26.9,18.6
26/01/2006,28.0,25.6,26.8,10.4
27/01/2006,28.2,25.8,27.0,8.4
28/01/2006,28.2,26.1,27.2,7.3
29/01/2006,28.4,26.1,27.3,8.5
30/01/2006,28.4,26.0,27.2,8.2
31/01/2006,28.4,26.1,27.3,8.7
01/02/2006,,,,12.1
02/02/2006,28.0,25.6,26.8,11.6
03/02/2006,27.9,25.5,26.7,10.0
04/02/2006,27.9,25.4,26.6,11.2
05/02/2006,27.9,25.4,26.7,3.7
06/02/2006,28.3,25.5,26.9,2.0
07/02/2006,28.4,25.7,27.1,1.5
08/02/2006,28.6,25.8,27.2,1.8
09/02/2006,28.7,26.0,27.4,2.3
10/02/2006,28.8,26.0,27.4,2.3
11/02/2006,28.9,26.1,27.5,2.8
12/02/2006,28.8,26.1,27.5,3.9
13/02/2006,28.9,26.1,27.5,4.4
14/02/2006,28.8,26.0,27.4,3.7
15/02/2006,28.7,26.1,27.4,5.1
16/02/2006,28.7,26.0,27.4,5.4
17/02/2006,28.8,26.0,27.4,8.1
18/02/2006,28.7,25.7,27.2,5.6
19/02/2006,28.7,26.1,27.4,8.5
20/02/2006,28.7,25.8,27.3,7.6
21/02/2006,28.6,26.1,27.4,7.2
22/02/2006,28.9,26.0,27.4,8.8
23/02/2006,28.6,25.9,27.3,8.7
24/02/2006,28.6,26.1,27.4,10.3
25/02/2006,28.7,26.0,27.3,8.0
26/02/2006,28.7,25.9,27.3,8.9
27/02/2006,28.6,26.0,27.3,10.3
28/02/2006,28.6,25.9,27.3,10.5
01/03/2006,,,,4.8
02/03/2006,28.3,26.0,27.1,6.6
03/03/2006,28.2,25.8,27.0,5.1
04/03/2006,28.3,26.2,27.3,2.2
05/03/2006,29.1,26.4,27.8,6.8
06/03/2006,29.0,25.9,27.4,9.4
07/03/2006,28.3,26.0,27.2,5.9
08/03/2006,28.8,26.2,27.5,6.8
09/03/2006,29.0,26.1,27.5,14.1
10/03/2006,28.3,25.5,26.9,7.6
11/03/2006,28.2,25.7,27.0,5.4
12/03/2006,28.6,25.8,27.2,5.4
13/03/2006,28.8,26.0,27.4,9.1
14/03/2006,28.7,25.7,27.2,9.4
15/03/2006,28.3,25.6,27.0,13.0
16/03/2006,28.2,25.6,26.9,12.9
17/03/2006,28.0,25.6,26.8,13.8
18/03/2006,28.0,25.6,26.8,10.9
19/03/2006,28.2,25.8,27.0,10.1
20/03/2006,28.3,25.8,27.0,7.3
21/03/2006,28.3,25.8,27.1,7.8
22/03/2006,28.2,25.8,27.0,6.7
23/03/2006,28.4,25.9,27.1,7.8
24/03/2006,28.6,26.0,27.3,6.4
25/03/2006,28.5,26.0,27.2,8.1
26/03/2006,28.5,25.8,27.2,8.5
27/03/2006,28.3,25.8,27.1,7.8
28/03/2006,28.3,25.8,27.0,9.5
29/03/2006,28.4,25.9,27.2,9.1
30/03/2006,28.5,25.8,27.1,8.4
31/03/2006,28.4,25.8,27.1,8.9
01/04/2006,,,,16.0
02/04/2006,27.4,25.2,26.3,15.4
03/04/2006,27.6,25.5,26.6,15.1
04/04/2006,27.8,25.5,26.7,10.4
05/04/2006,28.0,25.9,27.0,4.1
06/04/2006,28.6,26.4,27.5,2.4
07/04/2006,29.1,26.5,27.8,4.8
08/04/2006,28.9,26.1,27.5,5.8
09/04/2006,28.8,25.9,27.3,4.9
10/04/2006,28.8,25.9,27.4,5.1
11/04/2006,28.9,25.7,27.3,9.3
12/04/2006,28.3,25.4,26.8,8.1
13/04/2006,28.2,25.3,26.8,8.8
14/04/2006,28.4,25.4,26.9,9.5
15/04/2006,28.2,25.3,26.7,11.0
16/04/2006,28.1,25.2,26.6,10.2
17/04/2006,28.0,25.3,26.6,10.7
18/04/2006,28.0,25.4,26.7,6.9
19/04/2006,28.2,25.5,26.9,8.6
20/04/2006,28.4,25.6,27.0,8.3
21/04/2006,28.4,25.6,27.0,12.7
22/04/2006,28.3,25.6,26.9,10.8
23/04/2006,28.1,25.7,26.9,8.3
24/04/2006,28.2,25.8,27.0,8.1
25/04/2006,28.2,25.7,26.9,8.7
26/04/2006,28.3,25.8,27.1,10.6
27/04/2006,28.4,25.8,27.1,8.6
28/04/2006,28.2,25.8,27.0,9.3
29/04/2006,28.2,25.7,26.9,9.3
30/04/2006,28.1,25.8,27.0,8.6
01/05/2006,,,,1.8
02/05/2006,28.3,25.9,27.1,0.9
03/05/2006,28.8,26.3,27.5,0.3
04/05/2006,28.7,26.2,27.5,0.8
05/05/2006,28.8,26.1,27.4,1.9
06/05/2006,28.4,25.7,27.0,2.5
07/05/2006,28.3,25.9,27.1,4.7
08/05/2006,28.4,25.7,27.0,5.3
09/05/2006,28.4,25.7,27.1,6.5
10/05/2006,28.3,25.5,26.9,9.0
11/05/2006,28.1,25.5,26.8,11.2
12/05/2006,28.0,25.3,26.7,17.2
13/05/2006,27.7,25.3,26.5,17.8
14/05/2006,27.5,25.2,26.4,13.8
15/05/2006,27.7,25.4,26.5,13.5
16/05/2006,27.6,25.3,26.5,11.2
17/05/2006,27.7,25.4,26.6,9.9
18/05/2006,27.8,25.6,26.7,7.4
19/05/2006,27.8,25.6,26.7,7.5
20/05/2006,27.8,25.6,26.7,8.2
21/05/2006,27.7,25.6,26.7,8.7
22/05/2006,27.7,25.7,26.7,6.8
23/05/2006,27.8,25.8,26.8,8.6
24/05/2006,27.7,25.7,26.7,10.6
25/05/2006,27.6,25.7,26.6,8.6
26/05/2006,27.7,25.6,26.7,12.3
27/05/2006,27.6,25.6,26.6,9.2
28/05/2006,27.6,25.6,26.6,10.4
29/05/2006,27.7,25.6,26.7,9.0
30/05/2006,27.5,25.4,26.5,6.1
31/05/2006,27.7,25.6,26.6,6.0
01/06/2006,,,,2.5
02/06/2006,27.7,25.4,26.5,6.8
03/06/2006,27.2,25.0,26.1,3.9
04/06/2006,26.9,25.5,26.2,2.7
05/06/2006,27.2,25.6,26.4,6.3
06/06/2006,27.0,25.1,26.0,2.2
07/06/2006,27.0,25.4,26.2,1.8
08/06/2006,27.1,25.2,26.1,3.6
09/06/2006,27.0,25.0,26.0,6.8
10/06/2006,26.9,24.9,25.9,8.2
11/06/2006,27.0,25.0,26.0,7.9
12/06/2006,26.9,25.0,25.9,5.2
13/06/2006,26.9,25.0,26.0,5.2
14/06/2006,26.8,25.0,25.9,6.7
15/06/2006,26.9,25.1,26.0,7.3
16/06/2006,26.9,25.0,26.0,5.4
17/06/2006,26.8,25.1,26.0,5.6
18/06/2006,26.9,25.1,26.0,6.0
19/06/2006,26.8,25.1,26.0,4.4
20/06/2006,26.9,25.2,26.1,3.5
21/06/2006,27.0,25.2,26.1,2.0
22/06/2006,26.9,25.2,26.0,2.1
23/06/2006,26.9,25.1,26.0,2.3
24/06/2006,27.0,25.1,26.1,2.9
25/06/2006,26.9,25.1,26.0,2.1
26/06/2006,26.9,25.3,26.1,2.0
27/06/2006,26.9,25.1,26.0,2.2
28/06/2006,26.9,25.1,26.0,1.5
29/06/2006,26.9,25.1,26.0,1.8
30/06/2006,26.9,24.9,25.9,2.2
01/07/2006,,,,0.6
02/07/2006,26.6,24.5,25.6,1.2
03/07/2006,26.5,24.5,25.5,1.8
04/07/2006,26.2,24.6,25.4,1.4
05/07/2006,26.3,24.7,25.5,1.8
06/07/2006,26.2,24.3,25.3,1.4
07/07/2006,26.3,24.2,25.2,1.4
08/07/2006,26.2,24.2,25.2,1.8
09/07/2006,26.1,24.2,25.2,1.9
10/07/2006,26.0,24.2,25.1,1.6
11/07/2006,26.2,24.5,25.4,1.5
12/07/2006,26.5,24.6,25.5,1.3
13/07/2006,26.7,24.8,25.7,1.5
14/07/2006,26.8,24.7,25.7,0.9
15/07/2006,26.7,24.7,25.7,0.9
16/07/2006,26.6,24.5,25.5,1.0
17/07/2006,26.6,24.3,25.4,1.1
18/07/2006,26.4,24.4,25.4,1.7
19/07/2006,26.4,24.3,25.3,1.2
20/07/2006,26.4,24.4,25.4,1.4
21/07/2006,26.3,24.3,25.3,1.2
22/07/2006,26.3,24.3,25.3,1.3
23/07/2006,26.2,24.1,25.2,0.8
24/07/2006,26.2,24.3,25.3,0.9
25/07/2006,26.4,24.3,25.3,0.8
26/07/2006,26.3,24.3,25.3,0.9
27/07/2006,26.3,24.2,25.2,1.0
28/07/2006,26.2,24.2,25.2,1.0
29/07/2006,26.3,24.1,25.2,0.8
30/07/2006,26.2,24.1,25.1,0.7
31/07/2006,26.3,24.1,25.2,0.8
01/08/2006,,,,0.1
02/08/2006,26.9,24.3,25.6,0.1
03/08/2006,26.9,24.2,25.6,0.5
04/08/2006,26.9,24.2,25.5,0.9
05/08/2006,26.5,24.0,25.2,1.6
06/08/2006,25.8,23.6,24.7,1.3
07/08/2006,25.5,23.3,24.4,1.5
08/08/2006,25.5,23.2,24.3,1.4
09/08/2006,25.6,23.2,24.4,1.4
10/08/2006,26.0,23.4,24.7,1.4
11/08/2006,26.0,23.5,24.8,0.9
12/08/2006,26.0,23.7,24.8,0.6
13/08/2006,26.1,23.8,25.0,0.5
14/08/2006,26.5,24.0,25.2,0.6
15/08/2006,26.4,24.1,25.2,0.6
16/08/2006,26.4,24.0,25.2,0.4
17/08/2006,26.5,24.1,25.3,0.4
18/08/2006,26.5,24.0,25.2,0.8
19/08/2006,26.4,24.0,25.2,0.7
20/08/2006,26.5,24.1,25.3,0.7
21/08/2006,26.6,24.1,25.4,0.5
22/08/2006,26.6,24.2,25.4,0.5
23/08/2006,26.6,24.2,25.4,0.3
24/08/2006,26.7,24.2,25.4,0.4
25/08/2006,26.7,24.2,25.4,0.3
26/08/2006,26.7,24.2,25.4,0.4
27/08/2006,26.9,24.1,25.5,0.5
28/08/2006,26.9,24.2,25.6,0.3
29/08/2006,26.9,24.3,25.6,0.4
30/08/2006,26.9,24.4,25.6,0.5
31/08/2006,26.9,24.2,25.6,0.3
01/09/2006,,,,0.0
02/09/2006,26.5,23.0,24.7,0.0
03/09/2006,26.9,23.1,25.0,0.2
04/09/2006,27.1,23.4,25.3,0.3
05/09/2006,27.3,24.0,25.7,0.7
06/09/2006,27.6,24.7,26.2,0.8
07/09/2006,27.4,24.7,26.0,0.4
08/09/2006,27.2,24.7,26.0,0.6
09/09/2006,26.9,24.6,25.8,0.9
10/09/2006,26.9,24.6,25.8,0.8
11/09/2006,26.9,24.7,25.8,0.7
12/09/2006,26.9,24.6,25.8,0.7
13/09/2006,26.9,24.6,25.7,0.4
14/09/2006,27.0,24.4,25.7,0.4
15/09/2006,27.0,24.4,25.7,0.5
16/09/2006,27.0,24.4,25.7,0.4
17/09/2006,27.0,24.3,25.7,0.2
18/09/2006,27.0,24.2,25.6,0.2
19/09/2006,27.1,24.2,25.7,0.1
20/09/2006,27.4,24.2,25.8,0.1
21/09/2006,27.5,24.2,25.8,0.3
22/09/2006,27.5,24.2,25.8,0.2
23/09/2006,27.5,24.2,25.8,0.2
24/09/2006,27.6,24.3,26.0,0.3
25/09/2006,27.6,24.3,25.9,0.6
26/09/2006,27.7,24.3,26.0,0.3
27/09/2006,27.7,24.5,26.1,0.2
28/09/2006,27.8,24.4,26.1,0.1
29/09/2006,27.8,24.5,26.2,0.3
30/09/2006,28.0,24.4,26.2,0.3
01/10/2006,,,,0.0
02/10/2006,28.1,24.5,26.3,0.0
03/10/2006,27.7,24.4,26.1,0.2
04/10/2006,27.5,24.3,25.9,1.1
05/10/2006,27.4,24.4,25.9,1.1
06/10/2006,27.5,24.9,26.2,0.4
07/10/2006,27.6,24.7,26.1,0.1
08/10/2006,27.7,24.3,26.0,0.1
09/10/2006,27.7,24.3,26.0,0.1
10/10/2006,27.8,24.3,26.1,0.2
11/10/2006,27.9,24.5,26.2,0.3
12/10/2006,28.2,24.8,26.5,0.3
13/10/2006,28.4,24.9,26.7,0.2
14/10/2006,28.5,24.8,26.7,0.1
15/10/2006,28.6,24.8,26.7,0.1
16/10/2006,28.7,24.7,26.7,0.1
17/10/2006,28.7,24.8,26.8,0.2
18/10/2006,28.7,24.8,26.8,0.2
19/10/2006,28.8,24.8,26.8,0.2
20/10/2006,28.9,24.9,26.9,0.2
21/10/2006,29.0,25.1,27.0,0.2
22/10/2006,28.9,25.0,26.9,0.2
23/10/2006,28.8,24.9,26.9,0.2
24/10/2006,29.0,25.0,27.0,0.2
25/10/2006,29.0,25.1,27.0,0.3
26/10/2006,29.1,25.2,27.1,0.7
27/10/2006,29.1,25.1,27.1,0.9
28/10/2006,29.0,25.3,27.1,0.5
29/10/2006,29.0,25.5,27.2,0.8
30/10/2006,29.1,25.3,27.2,0.7
31/10/2006,29.2,25.3,27.3,0.4
01/11/2006,,,,0.0
02/11/2006,28.6,23.9,26.2,0.0
03/11/2006,28.8,24.6,26.7,0.0
04/11/2006,29.2,24.8,27.0,0.2
05/11/2006,29.4,25.1,27.3,0.1
06/11/2006,29.5,25.0,27.2,0.1
07/11/2006,29.6,25.2,27.4,0.4
08/11/2006,29.7,25.3,27.5,0.5
09/11/2006,29.7,25.6,27.6,0.8
10/11/2006,30.0,25.8,27.9,0.7
11/11/2006,30.2,26.0,28.1,0.8
12/11/2006,30.4,26.0,28.2,0.8
13/11/2006,30.4,26.1,28.2,1.2
14/11/2006,30.1,26.2,28.2,1.7
15/11/2006,29.7,26.2,28.0,1.7
16/11/2006,29.9,26.2,28.0,2.0
17/11/2006,29.8,26.2,28.0,1.4
18/11/2006,29.9,26.3,28.1,1.2
19/11/2006,30.0,26.4,28.2,1.4
20/11/2006,30.0,26.4,28.2,1.6
21/11/2006,30.1,26.3,28.2,2.1
22/11/2006,30.0,26.4,28.2,2.0
23/11/2006,30.0,26.4,28.2,1.8
24/11/2006,30.0,26.4,28.2,1.7
25/11/2006,29.9,26.5,28.2,2.1
26/11/2006,30.0,26.6,28.3,3.1
27/11/2006,30.0,26.4,28.2,2.3
28/11/2006,30.1,26.6,28.3,2.3
29/11/2006,30.2,26.5,28.3,2.8
30/11/2006,30.1,26.6,28.3,3.7
01/12/2006,,,,0.4
02/12/2006,30.8,26.5,28.6,0.5
03/12/2006,31.0,26.4,28.7,0.4
04/12/2006,31.1,26.8,28.9,0.4
05/12/2006,31.3,26.9,29.1,0.6
06/12/2006,31.1,27.1,29.1,2.6
07/12/2006,30.7,26.5,28.6,4.5
08/12/2006,30.0,26.2,28.1,3.3
09/12/2006,29.8,26.4,28.1,2.7
10/12/2006,29.8,26.5,28.2,3.9
11/12/2006,29.8,26.5,28.1,3.4
12/12/2006,29.9,26.6,28.2,3.5
13/12/2006,30.1,26.6,28.4,5.1
14/12/2006,30.0,26.5,28.3,5.0
15/12/2006,29.7,26.6,28.1,5.4
16/12/2006,29.8,26.5,28.1,5.8
17/12/2006,29.6,26.4,28.0,5.5
18/12/2006,29.7,26.6,28.1,7.0
19/12/2006,29.7,26.3,28.0,5.4
20/12/2006,29.6,26.5,28.0,6.1
21/12/2006,29.6,26.4,28.0,5.8
22/12/2006,29.5,26.5,28.0,7.5
23/12/2006,29.5,26.5,28.0,7.2
24/12/2006,29.6,26.6,28.1,6.8
25/12/2006,29.6,26.5,28.0,9.1
26/12/2006,29.4,26.4,27.9,7.2
27/12/2006,29.3,26.5,27.9,9.2
28/12/2006,29.3,26.3,27.8,9.5
29/12/2006,29.4,26.3,27.9,12.4
30/12/2006,29.2,26.2,27.7,10.3
31/12/2006,29.0,26.2,27.6,9.9
01/01/2007,,,,12.3
02/01/2007,28.6,25.7,27.2,8.5
03/01/2007,29.1,25.8,27.5,14.9
04/01/2007,28.7,25.9,27.3,14.0
05/01/2007,28.7,25.8,27.3,16.5
06/01/2007,28.4,25.7,27.1,12.2
07/01/2007,28.2,25.8,27.0,10.8
08/01/2007,28.5,25.8,27.2,13.5
09/01/2007,28.6,25.8,27.2,17.0
10/01/2007,28.3,25.8,27.0,15.2
11/01/2007,28.3,25.8,27.0,12.7
12/01/2007,28.3,25.9,27.1,9.5
13/01/2007,28.5,26.0,27.3,10.3
14/01/2007,28.7,26.1,27.4,10.7
15/01/2007,28.7,26.0,27.3,13.3
16/01/2007,28.6,25.9,27.2,10.1
17/01/2007,28.6,26.1,27.4,14.2
18/01/2007,28.5,26.1,27.3,12.9
19/01/2007,28.6,26.1,27.3,7.4
20/01/2007,28.7,26.3,27.5,8.6
21/01/2007,28.7,26.2,27.4,8.6
22/01/2007,28.7,26.2,27.5,10.1
23/01/2007,28.7,26.2,27.4,10.0
24/01/2007,28.6,26.1,27.4,6.9
25/01/2007,28.7,26.2,27.5,11.1
26/01/2007,28.7,26.1,27.4,10.9
27/01/2007,28.5,26.1,27.3,11.0
28/01/2007,28.6,26.0,27.3,11.0
29/01/2007,28.8,26.0,27.4,9.7
30/01/2007,28.6,26.2,27.4,7.6
31/01/2007,28.8,26.3,27.5,10.6
01/02/2007,28.6,,,2.3
02/02/2007,28.5,26.7,27.6,4.7
03/02/2007,28.6,26.3,27.5,4.0
04/02/2007,28.7,26.3,27.5,5.4
05/02/2007,28.7,26.3,27.5,4.3
06/02/2007,28.9,26.7,27.8,5.9
07/02/2007,28.8,26.5,27.7,8.6
08/02/2007,28.6,26.3,27.5,6.4
09/02/2007,28.8,26.1,27.4,7.2
10/02/2007,28.8,25.9,27.4,9.2
11/02/2007,28.8,25.8,27.3,7.6
12/02/2007,29.0,25.8,27.4,7.4
13/02/2007,28.9,25.7,27.3,6.8
14/02/2007,28.9,25.9,27.4,6.3
15/02/2007,28.9,25.9,27.4,7.0
16/02/2007,28.9,25.9,27.4,8.2
17/02/2007,28.8,25.9,27.4,7.0
18/02/2007,28.9,25.9,27.4,8.1
19/02/2007,28.6,25.9,27.3,9.5
20/02/2007,28.8,25.8,27.3,10.8
21/02/2007,28.7,25.8,27.2,9.0
22/02/2007,28.7,25.7,27.2,11.5
23/02/2007,28.7,25.7,27.2,11.3
24/02/2007,28.7,25.7,27.2,13.1
25/02/2007,28.7,25.6,27.1,12.3
26/02/2007,28.8,25.7,27.3,12.0
27/02/2007,28.5,25.8,27.2,14.9
28/02/2007,28.5,25.8,27.2,14.8
01/03/2007,28.6,,,1.2
02/03/2007,28.7,26.9,27.8,13.5
03/03/2007,28.5,25.7,27.1,13.0
04/03/2007,28.6,25.8,27.2,17.2
05/03/2007,28.7,25.6,27.1,20.4
06/03/2007,28.6,25.5,27.1,14.6
07/03/2007,28.6,25.8,27.2,5.6
08/03/2007,28.7,26.0,27.4,2.1
09/03/2007,28.7,26.5,27.6,3.5
10/03/2007,28.9,26.3,27.6,5.2
11/03/2007,28.6,26.1,27.4,5.1
12/03/2007,28.6,26.2,27.4,5.0
13/03/2007,28.7,26.1,27.4,10.2
14/03/2007,28.6,25.7,27.1,7.0
15/03/2007,28.5,25.7,27.1,9.1
16/03/2007,28.9,25.8,27.3,10.9
17/03/2007,29.0,25.6,27.3,8.2
18/03/2007,28.9,25.7,27.3,8.4
19/03/2007,28.9,25.7,27.3,11.3
20/03/2007,29.0,25.6,27.3,8.7
21/03/2007,28.9,25.7,27.3,10.0
22/03/2007,28.7,25.6,27.1,9.7
23/03/2007,28.8,25.7,27.2,9.1
24/03/2007,28.7,25.8,27.3,11.0
25/03/2007,28.9,25.7,27.3,12.8
26/03/2007,29.1,25.5,27.3,11.9
27/03/2007,29.0,25.5,27.3,7.1
28/03/2007,28.8,25.8,27.3,7.7
29/03/2007,29.0,25.8,27.4,7.3
30/03/2007,29.0,25.9,27.5,7.6
31/03/2007,29.1,25.9,27.5,6.5
01/04/2007,29.2,,,15.1
02/04/2007,29.2,24.6,26.9,2.3
03/04/2007,29.2,25.5,27.4,2.8
04/04/2007,29.1,25.8,27.5,2.8
05/04/2007,29.1,26.0,27.5,6.5
06/04/2007,29.2,25.7,27.4,8.4
07/04/2007,29.0,25.5,27.3,7.8
08/04/2007,29.0,25.5,27.3,15.1
09/04/2007,29.0,25.2,27.1,11.6
10/04/2007,29.1,25.5,27.3,14.1
11/04/2007,28.8,25.4,27.1,12.2
12/04/2007,28.9,25.7,27.3,12.8
13/04/2007,28.8,25.6,27.2,8.1
14/04/2007,28.9,25.8,27.3,8.1
15/04/2007,28.9,25.7,27.3,7.0
16/04/2007,28.9,25.8,27.4,9.9
17/04/2007,28.9,25.8,27.4,8.6
18/04/2007,28.9,25.7,27.3,8.8
19/04/2007,28.7,25.8,27.2,11.3
20/04/2007,28.8,25.8,27.3,12.0
21/04/2007,28.8,25.8,27.3,12.4
22/04/2007,28.9,25.7,27.3,6.6
23/04/2007,28.9,25.9,27.4,7.4
24/04/2007,28.8,25.7,27.3,6.8
25/04/2007,28.8,25.8,27.3,3.1
26/04/2007,28.7,26.0,27.3,4.5
27/04/2007,28.8,25.9,27.3,3.2
28/04/2007,28.7,26.0,27.4,3.5
29/04/2007,28.7,26.0,27.4,3.4
30/04/2007,28.6,26.1,27.3,3.7
01/05/2007,28.6,,,1.4
02/05/2007,28.6,26.6,27.6,1.5
03/05/2007,28.4,26.7,27.5,11.0
04/05/2007,28.7,26.0,27.3,3.5
05/05/2007,28.6,26.6,27.6,12.9
06/05/2007,28.6,25.9,27.2,10.8
07/05/2007,28.5,25.7,27.1,7.4
08/05/2007,28.4,26.0,27.2,1.5
09/05/2007,28.5,26.3,27.4,1.4
10/05/2007,28.5,26.1,27.3,1.1
11/05/2007,28.5,26.0,27.3,1.4
12/05/2007,28.4,26.0,27.2,2.4
13/05/2007,28.4,25.9,27.1,2.8
14/05/2007,28.3,25.9,27.1,4.3
15/05/2007,28.3,25.9,27.1,6.0
16/05/2007,28.3,26.0,27.2,5.8
17/05/2007,28.4,25.9,27.2,6.7
18/05/2007,28.4,25.9,27.1,6.2
19/05/2007,28.4,26.0,27.2,5.5
20/05/2007,28.2,26.0,27.1,6.5
21/05/2007,28.0,25.8,26.9,4.1
22/05/2007,28.2,26.0,27.1,5.1
23/05/2007,28.1,25.9,27.0,4.2
24/05/2007,28.2,26.0,27.1,4.7
25/05/2007,28.2,26.0,27.1,2.7
26/05/2007,28.3,25.9,27.1,2.9
27/05/2007,28.2,25.8,27.0,2.7
28/05/2007,28.2,26.0,27.1,3.6
29/05/2007,28.3,25.9,27.1,3.1
30/05/2007,28.4,25.7,27.1,2.6
31/05/2007,28.3,25.9,27.1,3.4
01/06/2007,28.3,,,2.9
01/06/2007,28.3,,,2.9
02/06/2007,28.1,25.9,27.0,2.3
02/06/2007,28.1,25.9,27.0,2.3
03/06/2007,28.0,25.9,27.0,4.6
03/06/2007,28.0,25.9,27.0,4.6
04/06/2007,27.9,25.6,26.7,4.2
04/06/2007,27.9,25.6,26.7,4.2
05/06/2007,27.8,25.9,26.9,6.1
05/06/2007,27.8,25.9,26.9,6.1
06/06/2007,27.8,25.7,26.7,6.7
06/06/2007,27.8,25.7,26.7,6.7
07/06/2007,27.9,25.7,26.8,10.7
07/06/2007,27.9,25.7,26.8,10.7
08/06/2007,28.0,25.4,26.7,7.3
08/06/2007,28.0,25.4,26.7,7.3
09/06/2007,27.9,25.5,26.7,5.3
09/06/2007,27.9,25.5,26.7,5.3
10/06/2007,27.9,25.6,26.8,4.3
10/06/2007,27.9,25.6,26.8,4.3
11/06/2007,27.8,25.5,26.7,6.7
11/06/2007,27.8,25.5,26.7,6.7
12/06/2007,27.9,25.5,26.7,6.2
12/06/2007,27.9,25.5,26.7,6.2
13/06/2007,27.8,25.5,26.6,5.4
13/06/2007,27.8,25.5,26.6,5.4
14/06/2007,27.8,25.6,26.7,4.7
14/06/2007,27.8,25.6,26.7,4.7
15/06/2007,27.7,25.6,26.6,5.5
15/06/2007,27.7,25.6,26.6,5.5
16/06/2007,27.5,25.6,26.5,8.0
16/06/2007,27.5,25.6,26.5,8.0
17/06/2007,27.4,25.6,26.5,4.8
17/06/2007,27.4,25.6,26.5,4.8
18/06/2007,27.5,25.7,26.6,3.1
18/06/2007,27.5,25.7,26.6,3.1
19/06/2007,27.4,25.8,26.6,3.0
19/06/2007,27.4,25.8,26.6,3.0
20/06/2007,27.4,25.6,26.5,2.8
20/06/2007,27.4,25.6,26.5,2.8
21/06/2007,27.5,25.7,26.6,2.9
21/06/2007,27.5,25.7,26.6,2.9
22/06/2007,27.5,25.5,26.5,2.7
22/06/2007,27.5,25.5,26.5,2.7
23/06/2007,27.4,25.6,26.5,2.6
23/06/2007,27.4,25.6,26.5,2.6
24/06/2007,27.4,25.6,26.5,2.3
24/06/2007,27.4,25.6,26.5,2.3
25/06/2007,27.3,25.5,26.4,2.0
25/06/2007,27.3,25.5,26.4,2.0
26/06/2007,27.3,25.5,26.4,1.9
26/06/2007,27.3,25.5,26.4,1.9
27/06/2007,27.3,25.5,26.4,1.4
27/06/2007,27.3,25.5,26.4,1.4
28/06/2007,27.2,25.5,26.3,1.4
28/06/2007,27.2,25.5,26.3,1.4
29/06/2007,27.2,25.5,26.4,1.5
29/06/2007,27.2,25.5,26.4,1.5
30/06/2007,27.1,25.4,26.3,1.5
30/06/2007,27.1,25.4,26.3,1.5
01/07/2007,27.3,,,0.4
02/07/2007,27.3,24.0,25.6,0.4
03/07/2007,27.1,24.6,25.9,0.4
04/07/2007,27.0,24.8,25.9,0.8
05/07/2007,27.1,24.4,25.7,0.6
06/07/2007,27.0,24.3,25.6,0.6
07/07/2007,27.0,24.3,25.6,1.0
08/07/2007,27.0,24.4,25.7,1.4
09/07/2007,27.0,24.4,25.7,1.9
10/07/2007,27.0,24.3,25.7,1.7
11/07/2007,27.1,24.2,25.6,1.9
12/07/2007,27.1,24.2,25.7,2.3
13/07/2007,27.3,24.2,25.7,2.5
14/07/2007,27.1,24.3,25.7,2.6
15/07/2007,27.1,24.4,25.7,1.9
16/07/2007,26.9,24.4,25.7,0.9
17/07/2007,26.9,24.5,25.7,0.8
18/07/2007,26.9,24.4,25.7,0.8
19/07/2007,26.9,24.3,25.6,0.9
20/07/2007,27.0,24.2,25.6,1.1
21/07/2007,26.9,24.3,25.6,0.8
22/07/2007,26.8,24.4,25.6,1.0
23/07/2007,27.0,24.4,25.7,0.9
24/07/2007,26.9,24.4,25.7,1.0
25/07/2007,26.8,24.4,25.6,0.8
26/07/2007,27.0,24.3,25.7,0.8
27/07/2007,27.0,24.3,25.6,0.8
28/07/2007,26.9,24.3,25.6,0.8
29/07/2007,27.0,24.4,25.7,0.7
30/07/2007,27.0,24.4,25.7,1.1
31/07/2007,27.0,24.4,25.7,0.9
01/08/2007,26.8,,,0.1
02/08/2007,26.8,23.9,25.4,0.3
03/08/2007,26.9,23.5,25.2,0.1
04/08/2007,27.0,23.4,25.2,0.1
05/08/2007,,24.0,,0.4
06/08/2007,,24.1,,0.5
07/08/2007,,24.1,,1.1
08/08/2007,,24.1,,1.2
09/08/2007,,24.4,,0.8
10/08/2007,,24.5,,0.6
11/08/2007,,24.5,,0.7
12/08/2007,,24.4,,0.7
13/08/2007,,24.3,,1.0
14/08/2007,,24.4,,1.0
15/08/2007,,24.5,,0.9
16/08/2007,,24.4,,1.0
17/08/2007,,24.4,,0.7
18/08/2007,,24.4,,0.7
19/08/2007,,24.4,,1.1
20/08/2007,,24.3,,0.5
21/08/2007,,24.3,,0.5
22/08/2007,,24.3,,0.4
23/08/2007,,24.4,,0.4
24/08/2007,,24.4,,0.5
25/08/2007,,24.3,,0.6
26/08/2007,,24.4,,0.5
27/08/2007,,24.4,,0.4
28/08/2007,,24.4,,0.4
29/08/2007,,24.5,,0.7
30/08/2007,,24.5,,0.8
31/08/2007,,24.6,,0.5
01/09/2007,,,,1.3
02/09/2007,26.8,24.9,25.9,1.6
03/09/2007,26.7,24.9,25.8,1.7
04/09/2007,26.9,25.0,25.9,0.9
05/09/2007,27.2,24.9,26.1,0.9
06/09/2007,27.1,24.8,26.0,0.6
07/09/2007,27.2,24.7,25.9,0.1
08/09/2007,27.3,24.4,25.9,0.1
09/09/2007,27.3,24.4,25.8,0.1
10/09/2007,27.3,24.4,25.9,0.1
11/09/2007,27.4,24.6,26.0,0.3
12/09/2007,27.3,24.6,26.0,0.1
13/09/2007,27.5,24.4,25.9,0.2
14/09/2007,27.5,24.6,26.0,0.3
15/09/2007,27.6,24.7,26.1,0.7
16/09/2007,27.6,24.6,26.1,0.6
17/09/2007,27.7,24.7,26.2,0.9
18/09/2007,27.7,24.7,26.2,0.6
19/09/2007,27.8,24.8,26.3,0.5
20/09/2007,27.8,24.6,26.2,0.4
21/09/2007,27.8,24.7,26.3,0.3
22/09/2007,28.0,24.6,26.3,0.2
23/09/2007,28.1,24.7,26.4,0.3
24/09/2007,28.2,24.7,26.4,0.6
25/09/2007,28.1,24.8,26.4,0.6
26/09/2007,28.2,24.8,26.5,0.6
27/09/2007,28.2,24.9,26.5,0.4
28/09/2007,28.3,25.0,26.7,0.5
29/09/2007,28.5,25.1,26.8,0.5
30/09/2007,28.5,24.9,26.7,0.4
01/10/2007,,,,0.0
02/10/2007,28.6,25.5,27.1,0.4
03/10/2007,29.0,26.0,27.5,0.8
04/10/2007,29.0,25.9,27.4,1.7
05/10/2007,29.1,25.6,27.4,2.0
06/10/2007,28.8,25.7,27.3,1.6
07/10/2007,29.3,25.7,27.5,1.1
08/10/2007,29.5,25.7,27.6,1.0
09/10/2007,29.6,25.8,27.7,0.6
10/10/2007,29.7,25.8,27.7,1.1
11/10/2007,29.7,25.7,27.7,2.5
12/10/2007,29.4,25.8,27.6,2.7
13/10/2007,29.4,25.9,27.6,1.9
14/10/2007,29.3,26.0,27.6,2.5
15/10/2007,29.3,25.9,27.6,3.3
16/10/2007,29.1,25.8,27.5,2.4
17/10/2007,29.0,25.8,27.4,1.7
18/10/2007,29.1,26.1,27.6,2.2
19/10/2007,29.3,25.8,27.6,1.4
20/10/2007,29.2,26.1,27.6,1.3
21/10/2007,29.3,26.1,27.7,1.5
22/10/2007,29.4,26.2,27.8,1.6
23/10/2007,29.6,26.1,27.9,1.4
24/10/2007,29.7,26.1,27.9,1.1
25/10/2007,29.6,26.3,27.9,1.4
26/10/2007,29.7,26.1,27.9,1.6
27/10/2007,29.7,26.2,28.0,1.4
28/10/2007,29.8,26.3,28.0,1.2
29/10/2007,29.7,26.3,28.0,1.6
30/10/2007,30.0,26.2,28.1,1.8
31/10/2007,29.8,26.3,28.1,1.8
01/11/2007,,,,0.1
02/11/2007,30.1,26.4,28.2,2.1
03/11/2007,29.6,26.2,27.9,4.0
04/11/2007,29.4,26.2,27.8,2.2
05/11/2007,29.5,26.5,28.0,0.4
06/11/2007,29.9,26.3,28.1,0.6
07/11/2007,30.0,26.4,28.2,0.8
08/11/2007,30.0,26.4,28.2,0.9
09/11/2007,30.2,26.6,28.4,1.1
10/11/2007,30.2,26.7,28.4,1.5
11/11/2007,30.3,26.4,28.3,3.1
12/11/2007,29.9,26.1,28.0,4.4
13/11/2007,29.6,26.1,27.9,5.7
14/11/2007,29.5,26.1,27.8,5.6
15/11/2007,29.5,26.0,27.7,7.3
16/11/2007,29.3,26.0,27.7,5.6
17/11/2007,29.1,26.0,27.6,5.4
18/11/2007,29.2,26.1,27.6,6.1
19/11/2007,29.2,26.0,27.6,5.4
20/11/2007,29.3,26.1,27.7,4.9
21/11/2007,29.4,26.2,27.8,3.6
22/11/2007,29.3,26.1,27.7,4.1
23/11/2007,29.5,26.2,27.8,3.1
24/11/2007,29.6,26.4,28.0,4.0
25/11/2007,29.5,26.3,27.9,4.3
26/11/2007,29.5,26.3,27.9,4.2
27/11/2007,29.5,26.2,27.8,4.3
28/11/2007,29.5,26.3,27.9,6.0
29/11/2007,29.6,26.4,28.0,6.6
30/11/2007,29.5,26.2,27.8,7.7
01/12/2007,,,,1.6
02/12/2007,30.7,27.2,28.9,1.5
03/12/2007,30.3,27.5,28.9,3.8
04/12/2007,30.6,26.8,28.7,3.9
05/12/2007,30.4,26.6,28.5,3.3
06/12/2007,30.0,26.6,28.3,5.3
07/12/2007,29.9,26.5,28.2,3.8
08/12/2007,29.8,26.6,28.2,3.0
09/12/2007,30.1,26.6,28.3,4.5
10/12/2007,30.0,26.5,28.2,5.8
11/12/2007,29.7,26.4,28.1,6.5
12/12/2007,29.7,26.2,27.9,8.3
13/12/2007,29.4,26.1,27.7,9.4
14/12/2007,29.4,26.1,27.8,9.3
15/12/2007,29.1,26.1,27.6,10.7
16/12/2007,29.3,26.1,27.7,11.6
17/12/2007,29.2,26.2,27.7,10.5
18/12/2007,29.2,26.1,27.6,12.9
19/12/2007,29.1,26.0,27.6,12.9
20/12/2007,29.0,26.2,27.6,11.3
21/12/2007,29.0,26.2,27.6,14.1
22/12/2007,28.9,26.1,27.5,10.2
23/12/2007,28.9,26.0,27.5,11.4
24/12/2007,28.8,26.1,27.5,13.2
25/12/2007,28.8,26.1,27.4,11.7
26/12/2007,28.7,26.3,27.5,13.2
27/12/2007,28.9,26.1,27.5,12.5
28/12/2007,28.8,26.0,27.4,13.2
29/12/2007,28.9,26.0,27.5,13.5
30/12/2007,28.8,26.0,27.4,15.6
31/12/2007,28.8,26.0,27.4,15.1
01/01/2008,,,,17.2
02/01/2008,28.6,25.7,27.1,19.2
03/01/2008,28.1,25.6,26.8,27.7
04/01/2008,28.0,25.9,26.9,14.3
05/01/2008,28.2,26.0,27.1,11.9
06/01/2008,28.5,25.9,27.2,7.5
07/01/2008,28.3,25.9,27.1,5.2
08/01/2008,28.5,26.3,27.4,6.5
09/01/2008,28.7,25.9,27.3,6.2
10/01/2008,28.5,26.1,27.3,8.1
11/01/2008,28.4,25.9,27.1,9.1
12/01/2008,28.3,25.9,27.1,9.7
13/01/2008,28.3,25.9,27.1,11.2
14/01/2008,28.3,25.8,27.1,9.8
15/01/2008,28.4,25.9,27.2,9.3
16/01/2008,28.3,25.9,27.1,10.3
17/01/2008,28.3,25.8,27.1,9.8
18/01/2008,28.2,25.8,27.0,9.8
19/01/2008,28.2,25.8,27.0,9.7
20/01/2008,28.3,25.8,27.0,10.0
21/01/2008,28.3,25.8,27.0,7.0
22/01/2008,28.4,26.0,27.2,8.9
23/01/2008,28.3,25.9,27.1,8.4
24/01/2008,28.5,26.0,27.2,8.1
25/01/2008,28.3,25.9,27.1,6.8
26/01/2008,28.5,26.0,27.2,5.7
27/01/2008,28.5,26.1,27.3,7.1
28/01/2008,28.5,26.0,27.3,8.6
29/01/2008,28.5,25.9,27.2,5.3
30/01/2008,28.4,26.1,27.3,6.0
31/01/2008,28.7,26.1,27.4,5.5
01/02/2008,,,,4.5
02/02/2008,29.1,26.1,27.6,9.7
03/02/2008,29.0,25.7,27.4,12.0
04/02/2008,28.6,25.8,27.2,12.8
05/02/2008,28.4,25.9,27.2,13.2
06/02/2008,28.4,25.9,27.2,13.8
07/02/2008,28.5,25.9,27.2,12.6
08/02/2008,28.5,26.1,27.3,12.1
09/02/2008,28.5,26.2,27.4,16.7
10/02/2008,28.7,26.0,27.3,16.9
11/02/2008,28.2,26.1,27.2,22.1
12/02/2008,28.0,25.9,27.0,18.9
13/02/2008,28.1,25.8,26.9,12.9
14/02/2008,28.3,26.0,27.1,14.4
15/02/2008,28.3,25.9,27.1,18.1
16/02/2008,28.0,25.7,26.8,19.6
17/02/2008,27.9,25.7,26.8,18.4
18/02/2008,27.9,25.7,26.8,14.4
19/02/2008,28.1,25.7,26.9,13.7
20/02/2008,28.1,25.8,27.0,10.9
21/02/2008,28.3,25.9,27.1,11.1
22/02/2008,28.3,25.8,27.0,12.5
23/02/2008,28.2,25.7,26.9,8.5
24/02/2008,28.4,26.0,27.2,8.9
25/02/2008,28.4,25.9,27.2,9.6
26/02/2008,28.3,26.0,27.1,9.0
27/02/2008,28.4,25.9,27.2,10.5
28/02/2008,28.5,25.9,27.2,9.3
29/02/2008,28.5,25.8,27.2,9.6
01/03/2008,,,,2.6
02/03/2008,28.5,25.8,27.1,5.3
03/03/2008,28.7,25.5,27.1,7.7
04/03/2008,28.3,25.4,26.8,7.9
05/03/2008,28.4,25.3,26.9,9.3
06/03/2008,28.1,25.3,26.7,10.7
07/03/2008,28.0,25.3,26.6,10.3
08/03/2008,28.2,25.3,26.7,9.4
09/03/2008,28.1,25.4,26.7,6.3
10/03/2008,28.4,25.5,26.9,8.3
11/03/2008,28.5,25.3,26.9,8.0
12/03/2008,28.3,25.3,26.8,9.0
13/03/2008,28.4,25.3,26.8,8.5
14/03/2008,28.4,25.4,26.9,10.9
15/03/2008,28.2,25.3,26.8,11.6
16/03/2008,28.1,25.2,26.6,10.3
17/03/2008,28.1,25.4,26.7,8.4
18/03/2008,28.3,25.5,26.9,7.5
19/03/2008,28.4,25.5,26.9,7.2
20/03/2008,28.5,25.5,27.0,8.7
21/03/2008,28.3,25.5,26.9,9.9
22/03/2008,28.3,25.4,26.9,13.1
23/03/2008,28.4,25.3,26.8,11.4
24/03/2008,28.2,25.3,26.8,8.8
25/03/2008,28.1,25.5,26.8,9.2
26/03/2008,28.2,25.5,26.8,11.3
27/03/2008,28.2,25.3,26.8,8.4
28/03/2008,28.3,25.4,26.8,6.6
29/03/2008,28.5,25.6,27.0,7.4
30/03/2008,28.5,25.4,27.0,6.1
31/03/2008,28.5,25.7,27.1,7.1
01/04/2008,,,,6.2
02/04/2008,28.8,25.4,27.1,12.4
03/04/2008,28.0,25.0,26.5,7.3
04/04/2008,28.1,25.6,26.8,11.2
05/04/2008,28.5,25.5,27.0,12.5
06/04/2008,28.5,25.4,27.0,10.8
07/04/2008,28.3,25.3,26.8,11.4
08/04/2008,27.9,25.4,26.7,7.5
09/04/2008,28.0,25.4,26.7,6.1
10/04/2008,28.3,25.4,26.8,5.6
11/04/2008,28.4,25.6,27.0,4.4
12/04/2008,28.5,25.8,27.1,6.7
13/04/2008,28.4,25.5,26.9,9.8
14/04/2008,28.1,25.4,26.8,11.2
15/04/2008,28.1,25.4,26.8,9.1
16/04/2008,28.1,25.5,26.8,9.8
17/04/2008,28.2,25.5,26.8,10.1
18/04/2008,28.2,25.6,26.9,11.9
19/04/2008,28.2,25.5,26.8,16.1
20/04/2008,28.1,25.3,26.7,11.4
21/04/2008,28.1,25.5,26.8,10.5
22/04/2008,28.1,25.7,26.9,13.1
23/04/2008,28.2,25.5,26.8,13.3
24/04/2008,27.9,25.5,26.7,11.7
25/04/2008,28.1,25.7,26.9,9.0
26/04/2008,28.2,25.7,27.0,8.5
27/04/2008,28.2,25.7,27.0,9.9
28/04/2008,28.1,25.6,26.9,9.6
29/04/2008,28.0,25.6,26.8,9.1
30/04/2008,28.0,25.5,26.7,9.2
01/05/2008,,,,17.0
02/05/2008,28.2,25.1,26.6,9.1
03/05/2008,27.5,25.3,26.4,4.3
04/05/2008,27.9,25.7,26.8,3.6
05/05/2008,27.9,25.6,26.7,5.1
06/05/2008,27.6,25.5,26.6,2.8
07/05/2008,27.9,25.8,26.9,6.4
08/05/2008,28.0,25.4,26.7,8.9
09/05/2008,27.5,25.1,26.3,10.3
10/05/2008,27.3,25.0,26.2,8.2
11/05/2008,27.5,25.1,26.3,10.2
12/05/2008,27.2,25.0,26.1,10.4
13/05/2008,27.3,25.1,26.2,13.2
14/05/2008,27.3,25.0,26.2,5.5
15/05/2008,27.5,25.3,26.4,5.1
16/05/2008,27.7,25.4,26.6,3.2
17/05/2008,27.8,25.8,26.8,2.6
18/05/2008,27.8,25.7,26.7,2.5
19/05/2008,27.7,25.6,26.6,3.8
20/05/2008,27.6,25.4,26.5,5.4
21/05/2008,27.7,25.2,26.4,6.6
22/05/2008,27.6,25.2,26.4,5.3
23/05/2008,27.4,25.3,26.3,4.6
24/05/2008,27.6,25.3,26.5,6.9
25/05/2008,27.5,25.2,26.4,4.6
26/05/2008,27.4,25.3,26.4,3.4
27/05/2008,27.5,25.4,26.4,5.0
28/05/2008,27.4,25.2,26.3,4.7
29/05/2008,27.4,25.2,26.3,5.7
30/05/2008,27.3,25.2,26.3,4.6
31/05/2008,27.3,25.2,26.3,5.7
01/06/2008,,,,1.2
02/06/2008,27.0,25.3,26.2,1.2
03/06/2008,27.3,25.5,26.4,2.8
04/06/2008,27.2,25.2,26.2,7.1
05/06/2008,27.1,24.8,25.9,3.8
06/06/2008,27.1,25.3,26.2,4.6
07/06/2008,27.4,25.1,26.3,6.8
08/06/2008,27.0,24.8,25.9,8.4
09/06/2008,27.0,24.9,25.9,7.2
10/06/2008,27.0,25.0,26.0,7.4
11/06/2008,27.2,25.1,26.1,6.3
12/06/2008,27.1,25.3,26.2,5.0
13/06/2008,27.2,25.1,26.1,3.1
14/06/2008,27.2,25.3,26.2,3.1
15/06/2008,27.4,25.1,26.2,1.4
16/06/2008,27.3,25.2,26.3,1.8
17/06/2008,27.2,25.0,26.1,2.8
18/06/2008,27.0,24.8,25.9,3.0
19/06/2008,26.8,25.0,25.9,2.2
20/06/2008,27.0,25.1,26.1,2.5
21/06/2008,27.0,25.1,26.1,2.6
22/06/2008,27.0,25.1,26.1,3.4
23/06/2008,26.8,25.0,25.9,2.1
24/06/2008,26.8,25.0,25.9,3.1
25/06/2008,26.9,24.9,25.9,4.6
26/06/2008,26.6,24.7,25.7,4.3
27/06/2008,26.7,24.6,25.7,3.0
28/06/2008,26.5,24.8,25.7,3.1
29/06/2008,26.8,24.8,25.8,2.9
30/06/2008,26.7,24.8,25.8,1.9
01/07/2008,,,,0.4
02/07/2008,26.7,25.0,25.8,0.8
03/07/2008,26.7,24.9,25.8,1.7
04/07/2008,26.6,24.7,25.6,0.8
05/07/2008,26.5,24.8,25.6,1.7
06/07/2008,26.4,24.6,25.5,1.6
07/07/2008,26.5,24.6,25.5,2.0
08/07/2008,26.5,24.6,25.5,1.7
09/07/2008,26.6,24.8,25.7,2.0
10/07/2008,26.4,24.6,25.5,1.7
11/07/2008,26.3,24.7,25.5,1.6
12/07/2008,26.5,24.8,25.6,1.8
13/07/2008,26.5,24.8,25.6,2.1
14/07/2008,26.6,24.7,25.6,2.5
15/07/2008,26.5,24.7,25.6,1.5
16/07/2008,26.5,24.6,25.6,1.9
17/07/2008,26.5,24.6,25.5,1.7
18/07/2008,26.5,24.6,25.5,2.1
19/07/2008,26.4,24.7,25.5,1.6
20/07/2008,26.5,24.7,25.6,1.6
21/07/2008,26.4,24.6,25.5,1.7
22/07/2008,26.4,24.6,25.5,1.6
23/07/2008,26.4,24.6,25.5,1.4
24/07/2008,26.4,24.6,25.5,3.6
25/07/2008,26.3,24.5,25.4,1.6
26/07/2008,26.4,24.5,25.4,1.8
27/07/2008,26.4,24.4,25.4,1.8
28/07/2008,26.4,24.5,25.5,1.7
29/07/2008,26.4,24.6,25.5,0.9
30/07/2008,26.6,24.6,25.6,0.8
31/07/2008,26.6,24.6,25.6,1.0
01/08/2008,,,,0.4
02/08/2008,26.1,24.2,25.2,0.2
03/08/2008,26.3,24.5,25.4,1.1
04/08/2008,26.6,24.6,25.6,0.4
05/08/2008,26.8,24.3,25.6,0.3
06/08/2008,26.4,24.3,25.4,0.6
07/08/2008,26.4,24.3,25.3,1.1
08/08/2008,26.2,24.4,25.3,2.0
09/08/2008,26.2,24.5,25.4,1.7
10/08/2008,26.3,24.5,25.4,2.0
11/08/2008,26.3,24.4,25.4,2.2
12/08/2008,26.5,24.6,25.5,1.7
13/08/2008,26.4,24.6,25.5,2.1
14/08/2008,26.5,24.6,25.5,2.1
15/08/2008,26.4,24.5,25.5,1.8
16/08/2008,26.4,24.5,25.4,1.3
17/08/2008,26.4,24.5,25.4,1.4
18/08/2008,26.5,24.5,25.5,1.2
19/08/2008,26.7,24.6,25.6,1.5
20/08/2008,26.7,24.6,25.6,1.2
21/08/2008,26.8,24.6,25.7,1.0
22/08/2008,26.7,24.6,25.7,0.8
23/08/2008,26.7,24.6,25.7,0.7
24/08/2008,27.0,24.7,25.8,0.8
25/08/2008,26.9,24.7,25.8,0.8
26/08/2008,27.1,24.8,25.9,1.2
27/08/2008,27.0,24.8,25.9,1.1
28/08/2008,26.9,24.7,25.8,0.9
29/08/2008,27.0,24.7,25.8,0.7
30/08/2008,27.0,24.7,25.9,0.5
31/08/2008,27.1,24.7,25.9,0.5
01/09/2008,,,,1.7
02/09/2008,27.1,24.7,25.9,2.9
03/09/2008,26.6,24.6,25.6,0.8
04/09/2008,26.7,24.6,25.7,0.5
05/09/2008,26.9,24.6,25.8,0.4
06/09/2008,27.1,24.7,25.9,1.0
07/09/2008,27.4,24.9,26.1,1.5
08/09/2008,27.4,24.9,26.2,1.6
09/09/2008,27.4,24.8,26.1,1.8
10/09/2008,27.4,25.0,26.2,1.6
11/09/2008,27.4,25.1,26.2,1.5
12/09/2008,27.3,25.0,26.2,1.0
13/09/2008,27.3,24.7,26.0,0.9
14/09/2008,27.5,24.8,26.1,0.9
15/09/2008,27.6,24.8,26.2,0.4
16/09/2008,27.8,25.0,26.4,0.7
17/09/2008,27.8,25.0,26.4,0.8
18/09/2008,27.8,25.0,26.4,1.3
19/09/2008,27.8,25.1,26.4,1.1
20/09/2008,28.0,25.1,26.5,1.8
21/09/2008,27.9,25.0,26.4,1.0
22/09/2008,27.8,25.1,26.5,0.8
23/09/2008,27.9,25.1,26.5,1.3
24/09/2008,28.0,25.1,26.6,1.7
25/09/2008,28.0,25.1,26.5,1.3
26/09/2008,27.9,25.1,26.5,1.3
27/09/2008,28.2,25.2,26.7,0.5
28/09/2008,28.3,25.1,26.7,0.5
29/09/2008,28.5,25.2,26.8,0.8
30/09/2008,28.4,25.1,26.8,1.4
01/10/2008,,,,0.4
02/10/2008,29.3,26.2,27.8,0.2
03/10/2008,29.3,25.8,27.6,0.6
04/10/2008,29.2,25.7,27.4,2.0
05/10/2008,28.8,25.6,27.2,3.6
06/10/2008,28.8,25.9,27.4,4.0
07/10/2008,28.7,25.8,27.2,1.7
08/10/2008,28.7,25.9,27.3,0.8
09/10/2008,28.7,25.9,27.3,1.3
10/10/2008,28.7,25.9,27.3,2.5
11/10/2008,28.6,25.8,27.2,4.2
12/10/2008,28.5,25.7,27.1,4.3
13/10/2008,28.6,25.8,27.2,2.9
14/10/2008,28.7,25.9,27.3,3.7
15/10/2008,28.7,25.9,27.3,3.0
16/10/2008,28.8,25.9,27.3,2.4
17/10/2008,28.9,26.0,27.4,2.3
18/10/2008,28.9,26.1,27.5,2.7
19/10/2008,29.0,26.1,27.6,2.3
20/10/2008,29.1,26.1,27.6,2.4
21/10/2008,29.2,26.1,27.7,2.5
22/10/2008,29.3,26.0,27.7,2.2
23/10/2008,29.2,26.1,27.6,2.2
24/10/2008,29.3,26.2,27.8,2.2
25/10/2008,29.5,26.2,27.8,2.5
26/10/2008,29.4,26.1,27.8,3.0
27/10/2008,29.4,26.2,27.8,2.5
28/10/2008,29.6,26.2,27.9,2.9
29/10/2008,29.5,26.2,27.8,2.8
30/10/2008,29.5,26.2,27.8,2.5
31/10/2008,29.7,26.2,28.0,3.5
01/11/2008,,,,2.6
02/11/2008,29.2,25.7,27.4,1.4
03/11/2008,29.2,26.2,27.7,1.2
04/11/2008,29.6,26.4,28.0,2.8
05/11/2008,29.5,25.9,27.7,3.3
06/11/2008,29.1,26.1,27.6,3.5
07/11/2008,29.5,26.2,27.8,3.0
08/11/2008,29.6,26.4,28.0,3.3
09/11/2008,29.5,26.3,27.9,5.2
10/11/2008,29.2,26.1,27.7,6.8
11/11/2008,28.9,26.1,27.5,5.9
12/11/2008,28.8,26.0,27.4,6.8
13/11/2008,29.2,26.0,27.6,6.5
14/11/2008,28.9,25.9,27.4,4.3
15/11/2008,29.1,26.1,27.6,4.1
16/11/2008,29.2,26.2,27.7,3.0
17/11/2008,29.5,26.4,28.0,3.0
18/11/2008,29.5,26.4,27.9,3.3
19/11/2008,29.6,26.4,28.0,3.2
20/11/2008,29.7,26.4,28.1,3.0
21/11/2008,29.8,26.6,28.2,4.3
22/11/2008,29.7,26.6,28.1,4.6
23/11/2008,29.8,26.5,28.1,4.4
24/11/2008,29.8,26.5,28.2,5.7
25/11/2008,29.6,26.5,28.1,5.6
26/11/2008,29.7,26.3,28.0,4.8
27/11/2008,29.7,26.5,28.1,5.9
28/11/2008,29.5,26.5,28.0,6.2
29/11/2008,29.6,26.5,28.0,5.9
30/11/2008,29.6,26.5,28.1,6.9
01/12/2008,,,,15.1
02/12/2008,28.7,26.0,27.3,4.3
03/12/2008,29.3,26.0,27.7,4.6
04/12/2008,29.4,26.4,27.9,6.2
05/12/2008,29.4,26.5,27.9,11.6
06/12/2008,29.2,26.1,27.6,12.4
07/12/2008,28.9,26.0,27.4,10.9
08/12/2008,29.0,26.2,27.6,11.9
09/12/2008,29.0,26.2,27.6,11.9
10/12/2008,28.7,26.1,27.4,8.6
11/12/2008,28.8,26.2,27.5,9.5
12/12/2008,28.9,25.9,27.4,11.3
13/12/2008,28.6,25.9,27.3,10.9
14/12/2008,28.6,25.9,27.2,11.1
15/12/2008,28.7,25.9,27.3,12.6
16/12/2008,28.5,25.9,27.2,15.6
17/12/2008,28.5,25.9,27.2,16.7
18/12/2008,28.4,25.8,27.1,11.7
19/12/2008,28.6,26.0,27.3,12.2
20/12/2008,28.6,26.1,27.4,13.7
21/12/2008,28.7,26.0,27.3,13.2
22/12/2008,28.6,26.0,27.3,14.9
23/12/2008,28.3,25.9,27.1,13.7
24/12/2008,28.3,26.0,27.2,8.6
25/12/2008,28.6,26.0,27.3,11.5
26/12/2008,28.7,25.9,27.3,13.3
27/12/2008,28.5,25.8,27.1,10.8
28/12/2008,28.4,25.9,27.2,8.3
29/12/2008,28.6,26.1,27.3,8.4
30/12/2008,28.5,26.1,27.3,8.4
31/12/2008,28.6,25.9,27.3,9.1
01/01/2009,,,,14.9
02/01/2009,28.3,25.8,27.1,12.3
03/01/2009,28.3,26.0,27.2,8.9
04/01/2009,28.6,26.1,27.4,8.0
05/01/2009,28.8,26.0,27.4,4.7
06/01/2009,28.8,26.3,27.5,6.5
07/01/2009,29.0,26.2,27.6,6.0
08/01/2009,28.9,26.4,27.6,8.5
09/01/2009,28.9,26.1,27.5,14.0
10/01/2009,28.5,25.8,27.2,14.8
11/01/2009,28.2,25.8,27.0,11.9
12/01/2009,28.1,25.9,27.0,9.5
13/01/2009,28.3,26.0,27.1,12.7
14/01/2009,28.2,25.8,27.0,14.0
15/01/2009,28.1,25.6,26.9,12.7
16/01/2009,28.2,25.7,26.9,12.0
17/01/2009,28.3,25.7,27.0,9.2
18/01/2009,28.3,25.9,27.1,8.3
19/01/2009,28.6,26.1,27.3,8.3
20/01/2009,28.6,25.9,27.2,9.9
21/01/2009,28.5,25.8,27.2,13.3
22/01/2009,28.4,25.7,27.0,9.5
23/01/2009,28.4,25.8,27.1,8.7
24/01/2009,28.5,25.8,27.2,7.1
25/01/2009,28.6,26.0,27.3,10.7
26/01/2009,28.6,25.9,27.2,11.3
27/01/2009,28.6,25.9,27.2,10.1
28/01/2009,28.5,25.8,27.2,9.5
29/01/2009,28.6,26.0,27.3,9.1
30/01/2009,28.6,25.9,27.2,9.8
31/01/2009,28.6,25.9,27.2,12.2
01/02/2009,,,,12.8
02/02/2009,28.0,26.0,27.0,19.3
03/02/2009,28.1,25.5,26.8,11.8
04/02/2009,28.1,26.0,27.0,10.0
05/02/2009,28.5,26.2,27.4,13.7
06/02/2009,28.4,26.0,27.2,15.3
07/02/2009,28.1,26.0,27.0,13.1
08/02/2009,28.3,25.9,27.1,11.9
09/02/2009,28.3,25.8,27.1,8.8
10/02/2009,28.1,26.0,27.1,8.1
11/02/2009,28.3,25.9,27.1,5.1
12/02/2009,28.5,26.1,27.3,5.0
13/02/2009,28.8,26.0,27.4,9.0
14/02/2009,28.6,25.8,27.2,13.2
15/02/2009,28.5,25.5,27.0,11.7
16/02/2009,28.1,25.6,26.8,13.9
17/02/2009,28.2,25.7,26.9,13.5
18/02/2009,28.1,25.8,27.0,11.5
19/02/2009,28.2,25.7,27.0,10.9
20/02/2009,28.2,25.8,27.0,11.5
21/02/2009,28.1,25.7,26.9,9.5
22/02/2009,28.3,25.9,27.1,11.9
23/02/2009,28.3,25.9,27.1,10.8
24/02/2009,28.2,25.9,27.0,9.8
25/02/2009,28.3,25.9,27.1,11.4
26/02/2009,28.4,25.8,27.1,10.2
27/02/2009,28.1,25.8,26.9,10.9
28/02/2009,28.2,25.7,27.0,11.9
01/03/2009,,,,10.3
02/03/2009,28.0,25.1,26.6,7.7
03/03/2009,28.5,25.5,27.0,17.9
04/03/2009,28.1,25.2,26.6,7.4
05/03/2009,28.3,25.4,26.8,2.7
06/03/2009,28.8,26.0,27.4,4.2
07/03/2009,29.1,26.1,27.6,6.2
08/03/2009,29.0,25.9,27.5,4.4
09/03/2009,28.7,25.9,27.3,4.4
10/03/2009,28.9,26.0,27.4,4.1
11/03/2009,29.2,26.1,27.6,4.5
12/03/2009,29.1,25.9,27.5,7.4
13/03/2009,28.9,25.8,27.3,11.5
14/03/2009,28.2,25.6,26.9,14.7
15/03/2009,28.0,25.4,26.7,14.8
16/03/2009,28.0,25.6,26.8,14.8
17/03/2009,28.1,25.6,26.8,13.8
18/03/2009,28.0,25.6,26.8,12.7
19/03/2009,28.1,25.6,26.9,8.3
20/03/2009,28.3,25.8,27.1,9.6
21/03/2009,28.4,25.9,27.2,9.8
22/03/2009,28.5,25.9,27.2,7.3
23/03/2009,28.5,25.9,27.2,8.6
24/03/2009,28.4,25.9,27.1,8.5
25/03/2009,28.5,25.8,27.2,6.7
26/03/2009,28.6,26.0,27.3,6.7
27/03/2009,28.6,25.9,27.2,5.8
28/03/2009,28.6,26.0,27.3,6.4
29/03/2009,28.8,26.0,27.4,9.9
30/03/2009,28.7,25.8,27.2,10.4
31/03/2009,28.6,25.7,27.2,6.7
01/04/2009,,,,14.7
02/04/2009,27.8,25.1,26.5,6.7
03/04/2009,28.2,25.8,27.0,1.0
04/04/2009,29.2,26.8,28.0,0.0
05/04/2009,29.5,26.4,27.9,0.1
06/04/2009,29.3,26.3,27.8,0.2
07/04/2009,29.2,26.5,27.9,0.3
08/04/2009,29.3,26.9,28.1,0.8
09/04/2009,29.4,26.7,28.1,3.1
10/04/2009,29.4,26.3,27.9,6.5
11/04/2009,28.9,26.0,27.4,7.0
12/04/2009,28.7,25.9,27.3,6.9
13/04/2009,28.8,25.9,27.4,7.7
14/04/2009,28.7,25.9,27.3,11.8
15/04/2009,28.5,25.7,27.1,11.8
16/04/2009,28.5,25.8,27.1,12.2
17/04/2009,28.5,25.8,27.2,14.2
18/04/2009,28.3,25.7,27.0,14.2
19/04/2009,28.2,25.6,26.9,12.8
20/04/2009,28.2,25.7,26.9,12.9
21/04/2009,28.2,25.7,27.0,11.6
22/04/2009,28.4,25.8,27.1,12.2
23/04/2009,28.3,25.8,27.1,9.6
24/04/2009,28.3,25.9,27.1,12.6
25/04/2009,28.5,25.8,27.1,13.9
26/04/2009,28.4,25.8,27.1,12.5
27/04/2009,28.3,25.8,27.0,8.8
28/04/2009,28.3,25.8,27.1,12.2
29/04/2009,28.3,25.8,27.1,13.4
30/04/2009,28.1,25.6,26.8,10.0
01/05/2009,,,,7.1
02/05/2009,28.1,25.5,26.8,9.5
03/05/2009,28.2,25.8,27.0,13.1
04/05/2009,28.2,25.5,26.8,12.7
05/05/2009,28.2,25.5,26.9,16.7
06/05/2009,27.9,25.2,26.6,14.1
07/05/2009,27.7,25.2,26.4,12.8
08/05/2009,27.6,25.2,26.4,9.2
09/05/2009,27.8,25.5,26.6,7.3
10/05/2009,27.9,25.5,26.7,8.2
11/05/2009,27.8,25.3,26.6,7.8
12/05/2009,27.8,25.4,26.6,8.3
13/05/2009,27.7,25.6,26.6,5.5
14/05/2009,27.7,25.5,26.6,9.9
15/05/2009,27.8,25.5,26.6,8.6
16/05/2009,27.6,25.4,26.5,9.2
17/05/2009,27.6,25.4,26.5,10.6
18/05/2009,27.6,25.4,26.5,7.2
19/05/2009,27.7,25.6,26.7,8.3
20/05/2009,27.8,25.7,26.7,6.8
21/05/2009,27.7,25.7,26.7,6.6
22/05/2009,27.7,25.7,26.7,5.7
23/05/2009,27.9,25.7,26.8,6.7
24/05/2009,27.8,25.7,26.8,5.6
25/05/2009,27.7,25.9,26.8,5.3
26/05/2009,27.8,25.8,26.8,2.8
27/05/2009,27.9,25.8,26.9,5.1
28/05/2009,27.9,25.8,26.8,5.4
29/05/2009,27.7,25.7,26.7,4.8
30/05/2009,27.6,25.8,26.7,5.6
31/05/2009,27.8,25.6,26.7,5.8
01/06/2009,,,,2.7
02/06/2009,28.5,25.7,27.1,4.7
03/06/2009,27.6,25.7,26.7,11.2
04/06/2009,27.4,25.4,26.4,21.6
05/06/2009,27.1,25.1,26.1,10.1
06/06/2009,27.1,25.1,26.1,4.8
07/06/2009,27.5,25.4,26.4,5.2
08/06/2009,27.7,25.3,26.5,6.8
09/06/2009,27.5,25.2,26.3,5.1
10/06/2009,27.2,25.3,26.2,2.7
11/06/2009,27.2,25.3,26.3,2.4
12/06/2009,27.1,25.2,26.2,3.4
13/06/2009,27.4,25.3,26.3,3.4
14/06/2009,27.4,25.4,26.4,3.2
15/06/2009,27.3,25.4,26.4,4.1
16/06/2009,27.4,25.3,26.4,3.2
17/06/2009,27.3,25.4,26.4,1.7
18/06/2009,27.4,25.5,26.5,1.8
19/06/2009,27.3,25.4,26.3,1.8
20/06/2009,27.2,25.2,26.2,1.9
21/06/2009,27.2,25.1,26.2,2.3
22/06/2009,27.1,25.1,26.1,1.7
23/06/2009,27.1,25.3,26.2,2.3
24/06/2009,27.1,25.1,26.1,3.8
25/06/2009,26.9,25.1,26.0,3.5
26/06/2009,26.9,25.0,26.0,2.4
27/06/2009,27.0,25.0,26.0,1.8
28/06/2009,26.9,25.1,26.0,1.3
29/06/2009,27.0,25.0,26.0,1.4
30/06/2009,26.9,25.0,26.0,1.6
01/07/2009,,,,0.1
02/07/2009,27.9,25.6,26.7,0.6
03/07/2009,27.9,25.2,26.6,1.2
04/07/2009,27.6,25.1,26.3,1.9
05/07/2009,27.1,24.9,26.0,1.6
06/07/2009,27.1,24.9,26.0,1.5
07/07/2009,27.1,24.8,26.0,0.9
08/07/2009,27.2,24.8,26.0,1.1
09/07/2009,27.3,25.0,26.1,1.1
10/07/2009,27.3,25.0,26.1,0.8
11/07/2009,27.4,25.0,26.2,0.5
12/07/2009,27.5,25.0,26.3,0.5
13/07/2009,27.5,25.2,26.3,0.6
14/07/2009,27.4,25.1,26.2,1.3
15/07/2009,27.1,24.9,26.0,1.4
16/07/2009,26.9,24.8,25.8,1.7
17/07/2009,27.0,24.8,25.9,3.6
18/07/2009,26.9,24.8,25.9,1.6
19/07/2009,27.0,24.9,26.0,2.0
20/07/2009,27.2,25.0,26.1,1.4
21/07/2009,27.2,25.2,26.2,1.3
22/07/2009,27.4,25.2,26.3,1.1
23/07/2009,27.2,25.0,26.1,1.6
24/07/2009,27.2,24.7,25.9,1.1
25/07/2009,27.3,24.7,26.0,0.5
26/07/2009,27.3,24.8,26.1,0.8
27/07/2009,27.2,24.8,26.0,0.8
28/07/2009,27.4,24.9,26.2,1.0
29/07/2009,27.4,24.9,26.2,0.7
30/07/2009,27.3,25.1,26.2,0.8
31/07/2009,27.4,24.9,26.2,0.7
01/08/2009,,,,0.6
02/08/2009,27.0,24.7,25.8,1.7
03/08/2009,27.1,24.5,25.8,4.6
04/08/2009,26.6,24.8,25.7,1.1
05/08/2009,27.1,25.0,26.0,1.1
06/08/2009,27.2,24.7,25.9,1.2
07/08/2009,27.2,24.8,26.0,1.9
08/08/2009,27.1,24.8,26.0,0.6
09/08/2009,27.4,24.8,26.1,0.4
10/08/2009,27.6,24.8,26.2,0.5
11/08/2009,27.6,24.8,26.2,0.3
12/08/2009,27.6,24.9,26.2,0.1
13/08/2009,27.6,24.7,26.1,0.2
14/08/2009,27.4,24.7,26.0,0.3
15/08/2009,27.4,24.6,26.0,0.3
16/08/2009,27.3,24.7,26.0,0.5
17/08/2009,27.4,24.6,26.0,0.8
18/08/2009,27.2,24.7,25.9,0.8
19/08/2009,27.3,24.8,26.1,0.6
20/08/2009,27.4,24.9,26.1,0.5
21/08/2009,27.5,24.8,26.1,0.7
22/08/2009,27.5,24.8,26.2,0.9
23/08/2009,27.4,24.8,26.1,0.7
24/08/2009,27.5,24.9,26.2,0.5
25/08/2009,27.5,24.9,26.2,0.5
26/08/2009,27.5,24.9,26.2,0.6
27/08/2009,27.6,24.8,26.2,1.1
28/08/2009,27.5,24.7,26.1,0.6
29/08/2009,27.7,24.8,26.2,0.4
30/08/2009,27.6,24.9,26.3,0.4
31/08/2009,27.7,24.9,26.3,0.5
01/09/2009,,,,0.1
02/09/2009,27.9,24.5,26.2,0.2
03/09/2009,27.5,24.9,26.2,0.2
04/09/2009,27.8,24.9,26.3,0.4
05/09/2009,27.9,24.9,26.4,0.3
06/09/2009,27.9,25.1,26.5,0.1
07/09/2009,28.0,25.1,26.5,0.1
08/09/2009,28.5,24.8,26.7,0.1
09/09/2009,28.8,24.6,26.7,0.1
10/09/2009,28.9,24.6,26.8,0.1
11/09/2009,29.0,24.8,26.9,0.1
12/09/2009,28.9,25.1,27.0,0.1
13/09/2009,28.8,25.3,27.1,0.3
14/09/2009,28.8,25.3,27.0,0.6
15/09/2009,28.7,25.2,26.9,0.4
16/09/2009,28.7,25.2,27.0,0.5
17/09/2009,28.7,25.2,26.9,0.6
18/09/2009,28.6,25.3,27.0,0.6
19/09/2009,28.7,25.4,27.0,0.4
20/09/2009,28.7,25.4,27.1,0.7
21/09/2009,28.8,25.4,27.1,0.9
22/09/2009,28.8,25.6,27.2,0.7
23/09/2009,28.8,25.6,27.2,1.7
24/09/2009,28.8,25.4,27.1,0.7
25/09/2009,28.8,25.5,27.1,0.4
26/09/2009,29.0,25.4,27.2,0.3
27/09/2009,29.0,25.4,27.2,0.7
28/09/2009,28.9,25.4,27.2,0.6
29/09/2009,28.9,25.4,27.2,0.7
30/09/2009,29.0,25.3,27.2,1.0
01/10/2009,,,,0.9
02/10/2009,30.0,26.2,28.1,0.5
03/10/2009,29.5,26.2,27.9,0.3
04/10/2009,29.5,26.2,27.9,2.6
05/10/2009,29.4,26.1,27.8,3.6
06/10/2009,29.2,26.2,27.7,3.1
07/10/2009,29.3,26.2,27.7,2.2
08/10/2009,29.1,26.0,27.6,4.1
09/10/2009,28.9,25.8,27.4,8.0
10/10/2009,28.5,25.7,27.1,6.1
11/10/2009,28.3,25.6,26.9,2.2
12/10/2009,28.7,25.8,27.3,2.8
13/10/2009,29.1,25.8,27.4,2.9
14/10/2009,29.0,25.7,27.4,3.1
15/10/2009,29.0,25.9,27.5,3.5
16/10/2009,29.1,26.0,27.6,3.0
17/10/2009,29.0,25.9,27.5,2.5
18/10/2009,28.9,25.9,27.4,1.8
19/10/2009,29.3,26.2,27.7,1.8
20/10/2009,29.4,26.1,27.8,0.8
21/10/2009,29.5,26.2,27.8,1.1
22/10/2009,29.7,26.1,27.9,1.4
23/10/2009,29.6,26.1,27.9,2.4
24/10/2009,29.6,26.3,28.0,2.6
25/10/2009,29.5,26.2,27.8,1.6
26/10/2009,29.5,26.4,27.9,1.4
27/10/2009,29.6,26.4,28.0,1.4
28/10/2009,29.7,26.3,28.0,2.2
29/10/2009,29.8,26.4,28.1,1.8
30/10/2009,29.6,26.4,28.0,1.6
31/10/2009,29.8,26.5,28.2,1.5
01/11/2009,,,,0.2
02/11/2009,30.0,26.5,28.2,0.6
03/11/2009,29.7,26.5,28.1,0.8
04/11/2009,29.6,26.4,28.0,0.4
05/11/2009,29.9,26.3,28.1,0.4
06/11/2009,30.0,26.3,28.2,0.9
07/11/2009,30.0,26.5,28.2,0.6
08/11/2009,29.9,26.7,28.3,1.4
09/11/2009,29.8,26.6,28.2,1.8
10/11/2009,29.6,26.4,28.0,1.5
11/11/2009,29.6,26.3,28.0,1.4
12/11/2009,29.4,26.4,27.9,0.8
13/11/2009,29.7,26.5,28.1,0.7
14/11/2009,29.9,26.4,28.2,1.3
15/11/2009,29.9,26.4,28.1,1.1
16/11/2009,30.1,26.4,28.3,0.9
17/11/2009,30.1,26.5,28.3,0.8
18/11/2009,30.2,26.3,28.2,1.2
19/11/2009,30.0,26.3,28.2,1.3
20/11/2009,30.2,26.3,28.2,2.2
21/11/2009,30.0,26.4,28.2,2.1
22/11/2009,30.1,26.4,28.3,2.3
23/11/2009,30.1,26.5,28.3,2.5
24/11/2009,30.1,26.4,28.3,2.4
25/11/2009,30.1,26.4,28.3,2.7
26/11/2009,30.1,26.5,28.3,2.6
27/11/2009,29.9,26.6,28.3,2.7
28/11/2009,30.1,26.6,28.3,4.4
29/11/2009,30.0,26.5,28.2,4.7
30/11/2009,29.7,26.5,28.1,4.8
01/12/2009,,,,0.8
02/12/2009,31.2,27.0,29.1,0.8
03/12/2009,30.9,26.7,28.8,0.2
04/12/2009,31.2,26.7,29.0,0.4
05/12/2009,30.9,27.1,29.0,2.1
06/12/2009,30.4,26.8,28.6,1.8
07/12/2009,30.4,26.8,28.6,2.4
08/12/2009,30.5,26.6,28.6,2.5
09/12/2009,30.4,27.0,28.7,3.5
10/12/2009,30.5,26.9,28.7,7.2
11/12/2009,30.0,26.9,28.4,9.2
12/12/2009,29.7,26.3,28.0,8.1
13/12/2009,29.5,26.3,27.9,9.9
14/12/2009,29.5,26.2,27.9,10.5
15/12/2009,29.3,26.2,27.8,7.7
16/12/2009,29.5,26.3,27.9,6.4
17/12/2009,29.7,26.4,28.1,7.4
18/12/2009,29.6,26.4,28.0,7.9
19/12/2009,29.3,26.3,27.8,7.4
20/12/2009,29.5,26.4,28.0,9.7
21/12/2009,29.4,26.1,27.8,7.2
22/12/2009,29.2,26.3,27.7,10.5
23/12/2009,29.1,26.1,27.6,11.9
24/12/2009,29.0,26.2,27.6,10.5
25/12/2009,29.1,26.2,27.6,13.4
26/12/2009,29.1,26.1,27.6,12.8
27/12/2009,29.1,26.2,27.6,17.7
28/12/2009,28.9,26.0,27.5,16.8
29/12/2009,28.8,26.0,27.4,10.8
30/12/2009,28.9,26.2,27.5,13.3
31/12/2009,28.8,26.2,27.5,12.3
01/01/2010,,,,14.0
02/01/2010,28.4,25.9,27.2,15.3
03/01/2010,28.4,26.0,27.2,17.4
04/01/2010,28.2,26.0,27.1,18.4
05/01/2010,28.3,26.0,27.1,14.4
06/01/2010,28.5,26.0,27.2,10.3
07/01/2010,28.8,26.0,27.4,13.4
08/01/2010,28.6,26.0,27.3,23.3
09/01/2010,28.2,25.8,27.0,21.2
10/01/2010,28.0,25.7,26.8,18.4
11/01/2010,28.1,25.7,26.9,16.6
12/01/2010,27.9,25.9,26.9,16.6
13/01/2010,28.2,25.8,27.0,19.4
14/01/2010,28.1,25.8,27.0,12.7
15/01/2010,28.4,25.9,27.1,13.6
16/01/2010,28.1,25.9,27.0,17.7
17/01/2010,28.3,25.8,27.1,18.3
18/01/2010,28.2,25.9,27.0,11.0
19/01/2010,28.3,26.2,27.2,9.2
20/01/2010,28.6,26.3,27.5,9.0
21/01/2010,28.7,26.2,27.5,9.5
22/01/2010,28.5,26.4,27.4,10.7
23/01/2010,28.5,26.2,27.3,10.5
24/01/2010,28.5,26.1,27.3,11.3
25/01/2010,28.6,26.2,27.4,10.1
26/01/2010,28.5,26.1,27.3,14.0
27/01/2010,28.4,26.0,27.2,14.0
28/01/2010,28.3,25.9,27.1,10.8
29/01/2010,28.4,26.1,27.2,11.9
30/01/2010,28.5,26.0,27.3,11.3
31/01/2010,28.4,26.0,27.2,7.4
01/02/2010,,,,17.1
02/02/2010,27.8,25.5,26.7,11.5
03/02/2010,27.9,25.9,26.9,9.9
04/02/2010,28.1,25.9,27.0,6.7
05/02/2010,28.2,25.9,27.1,7.9
06/02/2010,28.2,25.6,26.9,11.8
07/02/2010,27.9,25.5,26.7,9.8
08/02/2010,27.9,25.6,26.8,6.6
09/02/2010,28.1,26.0,27.1,3.1
10/02/2010,28.8,26.4,27.6,3.4
11/02/2010,29.0,26.5,27.7,4.3
12/02/2010,28.9,26.3,27.6,4.7
13/02/2010,28.9,26.5,27.7,2.6
14/02/2010,29.1,26.7,27.9,4.9
15/02/2010,29.1,26.5,27.8,7.0
16/02/2010,28.8,26.3,27.6,6.9
17/02/2010,28.6,26.2,27.4,7.7
18/02/2010,28.7,26.1,27.4,7.7
19/02/2010,28.8,26.2,27.5,8.4
20/02/2010,28.7,26.1,27.4,6.4
21/02/2010,28.7,26.2,27.4,7.3
22/02/2010,29.0,26.2,27.6,9.7
23/02/2010,28.9,26.3,27.6,9.8
24/02/2010,28.8,26.0,27.4,11.1
25/02/2010,28.5,26.0,27.3,10.1
26/02/2010,28.4,26.0,27.2,10.5
27/02/2010,28.6,26.0,27.3,10.7
28/02/2010,28.6,25.9,27.2,9.5
01/03/2010,,,,2.9
02/03/2010,29.6,26.9,28.2,3.3
03/03/2010,29.3,26.6,28.0,7.1
04/03/2010,29.0,26.2,27.6,7.5
05/03/2010,28.5,26.3,27.4,4.0
06/03/2010,29.2,26.5,27.8,7.0
07/03/2010,29.0,26.1,27.6,5.3
08/03/2010,29.0,26.0,27.5,2.7
09/03/2010,29.2,26.0,27.6,2.5
10/03/2010,29.0,25.8,27.4,2.5
11/03/2010,29.0,25.9,27.4,5.1
12/03/2010,28.9,25.8,27.3,4.9
13/03/2010,28.8,26.0,27.4,5.3
14/03/2010,28.9,26.1,27.5,4.5
15/03/2010,29.1,26.2,27.6,5.1
16/03/2010,29.1,26.2,27.7,4.8
17/03/2010,28.9,26.3,27.6,6.5
18/03/2010,29.2,26.0,27.6,4.8
19/03/2010,29.0,26.3,27.6,5.0
20/03/2010,29.2,26.3,27.8,7.0
21/03/2010,29.3,26.1,27.7,7.0
22/03/2010,29.2,26.2,27.7,5.4
23/03/2010,29.2,26.4,27.8,6.5
24/03/2010,29.4,26.5,27.9,6.7
25/03/2010,29.4,26.5,27.9,7.3
26/03/2010,29.4,26.5,27.9,9.4
27/03/2010,29.3,26.4,27.8,6.3
28/03/2010,29.2,26.6,27.9,8.4
29/03/2010,29.3,26.4,27.8,10.6
30/03/2010,29.1,26.2,27.7,11.4
31/03/2010,29.0,26.2,27.6,10.8
01/04/2010,,,,3.6
02/04/2010,28.7,26.4,27.6,2.1
03/04/2010,29.6,27.1,28.3,2.1
04/04/2010,29.7,27.0,28.3,3.2
05/04/2010,29.6,26.4,28.0,2.9
06/04/2010,29.4,26.4,27.9,2.7
07/04/2010,29.2,26.5,27.8,5.7
08/04/2010,29.2,26.4,27.8,7.4
09/04/2010,29.3,26.2,27.8,8.8
10/04/2010,29.0,26.2,27.6,12.0
11/04/2010,28.6,26.0,27.3,11.6
12/04/2010,28.7,26.0,27.3,17.6
13/04/2010,28.5,25.8,27.2,18.7
14/04/2010,28.3,25.9,27.1,19.3
15/04/2010,28.3,25.9,27.1,16.1
16/04/2010,28.4,25.9,27.2,10.7
17/04/2010,28.5,26.2,27.4,7.7
18/04/2010,28.6,26.2,27.4,8.6
19/04/2010,28.7,26.1,27.4,11.9
20/04/2010,28.4,25.9,27.1,11.9
21/04/2010,28.5,25.9,27.2,12.1
22/04/2010,28.6,26.1,27.4,9.4
23/04/2010,28.5,26.1,27.3,9.8
24/04/2010,28.7,26.3,27.5,6.0
25/04/2010,28.8,26.5,27.7,6.5
26/04/2010,28.8,26.2,27.5,7.6
27/04/2010,28.6,26.2,27.4,8.9
28/04/2010,28.7,26.1,27.4,7.5
29/04/2010,28.6,26.3,27.5,6.4
30/04/2010,28.8,26.6,27.7,11.5
01/05/2010,,,,5.7
02/05/2010,28.9,26.3,27.6,8.6
03/05/2010,28.9,26.2,27.5,8.1
04/05/2010,28.9,26.3,27.6,9.6
05/05/2010,28.7,26.5,27.6,10.1
06/05/2010,28.9,26.1,27.5,15.4
07/05/2010,28.5,26.1,27.3,15.7
08/05/2010,28.3,26.1,27.2,19.3
09/05/2010,28.0,26.0,27.0,13.6
10/05/2010,28.1,26.1,27.1,13.4
11/05/2010,28.1,26.0,27.0,14.0
12/05/2010,28.1,25.9,27.0,15.5
13/05/2010,28.1,26.1,27.1,10.4
14/05/2010,28.3,26.3,27.3,9.3
15/05/2010,28.4,26.3,27.3,8.5
16/05/2010,28.3,26.5,27.4,7.2
17/05/2010,28.4,26.5,27.4,7.1
18/05/2010,28.5,26.4,27.4,11.9
19/05/2010,28.5,26.4,27.4,9.0
20/05/2010,28.4,26.3,27.4,9.1
21/05/2010,28.3,26.2,27.2,7.7
22/05/2010,28.3,26.2,27.2,7.7
23/05/2010,28.3,26.1,27.2,6.6
24/05/2010,28.2,26.0,27.1,6.9
25/05/2010,28.2,26.1,27.2,6.2
26/05/2010,28.3,26.2,27.2,6.3
27/05/2010,28.2,26.2,27.2,6.9
28/05/2010,28.3,26.1,27.2,7.7
29/05/2010,28.2,26.0,27.1,4.9
30/05/2010,28.2,26.1,27.2,4.6
31/05/2010,28.3,26.1,27.2,5.7
01/06/2010,,,,0.9
02/06/2010,28.9,26.5,27.7,0.5
03/06/2010,28.7,26.5,27.6,2.0
04/06/2010,28.5,26.4,27.4,2.2
05/06/2010,28.1,26.2,27.1,0.8
06/06/2010,27.8,26.1,26.9,2.3
07/06/2010,28.1,26.0,27.0,5.0
08/06/2010,28.0,25.8,26.9,7.9
09/06/2010,27.9,25.7,26.8,5.3
10/06/2010,27.9,26.0,27.0,5.0
11/06/2010,27.9,25.9,26.9,6.0
12/06/2010,27.9,25.8,26.9,8.7
13/06/2010,27.6,25.6,26.6,8.4
14/06/2010,27.6,25.6,26.6,8.0
15/06/2010,27.7,25.7,26.7,10.1
16/06/2010,27.5,25.6,26.5,9.5
17/06/2010,27.5,25.6,26.5,7.1
18/06/2010,27.5,25.7,26.6,8.6
19/06/2010,27.6,25.5,26.6,6.0
20/06/2010,27.6,25.5,26.6,5.9
21/06/2010,27.5,25.6,26.5,6.2
22/06/2010,27.5,25.5,26.5,3.9
23/06/2010,27.5,25.5,26.5,4.5
24/06/2010,27.4,25.5,26.4,4.7
25/06/2010,27.5,25.5,26.5,3.5
26/06/2010,27.6,25.7,26.7,2.8
27/06/2010,27.6,25.7,26.7,3.3
28/06/2010,27.6,25.6,26.6,2.8
29/06/2010,27.6,25.6,26.6,3.0
30/06/2010,27.4,25.6,26.5,1.9
01/07/2010,,,,3.6
02/07/2010,26.9,25.1,26.0,3.1
03/07/2010,26.9,25.5,26.2,6.5
04/07/2010,27.1,25.2,26.2,4.2
05/07/2010,27.1,25.6,26.3,3.9
06/07/2010,27.6,25.2,26.4,5.0
07/07/2010,27.5,25.2,26.3,5.7
08/07/2010,27.4,25.2,26.3,10.0
09/07/2010,27.2,24.9,26.0,5.6
10/07/2010,27.1,25.2,26.1,3.8
11/07/2010,27.3,25.3,26.3,3.3
12/07/2010,27.3,25.3,26.3,1.9
13/07/2010,27.3,25.4,26.4,2.2
14/07/2010,27.3,25.4,26.4,3.0
15/07/2010,27.4,25.5,26.5,2.6
16/07/2010,27.4,25.5,26.4,2.7
17/07/2010,27.4,25.6,26.5,3.1
18/07/2010,27.3,25.5,26.4,4.5
19/07/2010,27.2,25.5,26.4,3.7
20/07/2010,27.3,25.4,26.3,3.3
21/07/2010,27.1,25.5,26.3,3.5
22/07/2010,27.1,25.4,26.3,3.9
23/07/2010,27.1,25.4,26.2,2.2
24/07/2010,27.1,25.4,26.3,2.7
25/07/2010,27.2,25.4,26.3,3.2
26/07/2010,27.2,25.5,26.3,2.6
27/07/2010,27.2,25.5,26.3,2.8
28/07/2010,27.2,25.5,26.4,4.1
29/07/2010,27.2,25.3,26.3,6.2
30/07/2010,27.1,25.4,26.2,9.0
31/07/2010,27.1,25.3,26.2,5.9
01/08/2010,,,,11.8
02/08/2010,26.8,24.4,25.6,10.6
03/08/2010,26.3,24.6,25.4,5.4
04/08/2010,26.2,24.9,25.6,3.9
05/08/2010,26.4,25.2,25.8,2.3
06/08/2010,26.7,25.2,25.9,1.2
07/08/2010,26.6,25.1,25.8,1.5
08/08/2010,26.7,25.1,25.9,3.0
09/08/2010,26.9,25.1,26.0,2.5
10/08/2010,27.0,25.2,26.1,2.5
11/08/2010,27.1,25.2,26.1,3.2
12/08/2010,27.2,25.3,26.2,3.0
13/08/2010,27.3,25.5,26.4,2.5
14/08/2010,27.3,25.5,26.4,3.1
15/08/2010,27.3,25.4,26.4,3.9
16/08/2010,27.1,25.3,26.2,3.3
17/08/2010,27.0,25.4,26.2,2.6
18/08/2010,27.1,25.5,26.3,2.3
19/08/2010,27.3,25.5,26.4,2.2
20/08/2010,27.3,25.5,26.4,2.0
21/08/2010,27.4,25.5,26.4,2.5
22/08/2010,27.5,25.5,26.5,1.9
23/08/2010,27.5,25.7,26.6,3.3
24/08/2010,27.4,25.6,26.5,2.5
25/08/2010,27.5,25.6,26.6,2.9
26/08/2010,27.6,25.5,26.6,3.4
27/08/2010,27.6,25.3,26.4,3.5
28/08/2010,27.5,25.4,26.5,4.6
29/08/2010,27.5,25.5,26.5,2.0
30/08/2010,27.7,25.6,26.6,2.0
31/08/2010,27.7,25.6,26.6,3.5
01/09/2010,,,,3.4
02/09/2010,27.7,25.8,26.7,2.3
03/09/2010,28.2,25.8,27.0,1.4
04/09/2010,28.8,25.8,27.3,2.1
05/09/2010,28.7,26.1,27.4,4.5
06/09/2010,28.5,25.7,27.1,7.4
07/09/2010,28.3,25.5,26.9,8.4
08/09/2010,27.9,25.4,26.7,11.5
09/09/2010,28.1,25.3,26.7,12.3
10/09/2010,27.7,25.2,26.4,15.0
11/09/2010,27.4,25.2,26.3,12.8
12/09/2010,27.6,25.2,26.4,12.5
13/09/2010,27.4,25.4,26.4,11.2
14/09/2010,27.5,25.4,26.5,7.8
15/09/2010,27.6,25.6,26.6,8.1
16/09/2010,27.7,25.6,26.7,9.8
17/09/2010,27.8,25.5,26.7,8.3
18/09/2010,27.8,25.5,26.6,9.3
19/09/2010,27.6,25.6,26.6,7.7
20/09/2010,27.7,25.6,26.6,7.9
21/09/2010,27.8,25.5,26.7,6.8
22/09/2010,28.0,25.7,26.8,6.3
23/09/2010,28.0,25.7,26.9,8.5
24/09/2010,27.9,25.5,26.7,7.9
25/09/2010,27.8,25.5,26.7,5.9
26/09/2010,28.1,25.7,26.9,5.6
27/09/2010,28.1,25.7,26.9,4.9
28/09/2010,28.0,25.7,26.9,4.5
29/09/2010,28.1,25.9,27.0,6.3
30/09/2010,28.2,25.8,27.0,4.7
01/10/2010,,,,2.0
02/10/2010,28.9,26.5,27.7,6.1
03/10/2010,28.6,25.9,27.2,7.3
04/10/2010,28.4,25.9,27.1,10.2
05/10/2010,28.2,25.6,26.9,7.7
06/10/2010,28.4,25.8,27.1,6.7
07/10/2010,28.4,25.8,27.1,9.5
08/10/2010,28.3,25.4,26.9,8.3
09/10/2010,28.3,25.5,26.9,7.6
10/10/2010,28.1,25.5,26.8,7.8
11/10/2010,28.3,25.5,26.9,9.0
12/10/2010,28.4,25.5,26.9,9.3
13/10/2010,28.4,25.5,26.9,9.9
14/10/2010,28.3,25.5,26.9,10.6
15/10/2010,28.4,25.5,26.9,7.9
16/10/2010,28.4,25.7,27.0,6.1
17/10/2010,28.7,25.8,27.3,6.5
18/10/2010,28.7,25.9,27.3,7.4
19/10/2010,28.7,25.8,27.2,6.4
20/10/2010,28.6,25.8,27.2,6.0
21/10/2010,28.7,26.0,27.3,7.2
22/10/2010,28.8,26.0,27.4,5.4
23/10/2010,28.8,26.0,27.4,6.3
24/10/2010,29.0,26.1,27.5,6.0
25/10/2010,29.0,26.0,27.5,9.5
26/10/2010,28.9,25.9,27.4,6.7
27/10/2010,28.9,26.1,27.5,6.5
28/10/2010,29.0,26.2,27.6,5.4
29/10/2010,29.0,26.3,27.7,8.1
30/10/2010,29.0,26.0,27.5,7.6
31/10/2010,28.9,26.1,27.5,9.7
01/11/2010,,,,17.5
02/11/2010,27.7,25.1,26.4,17.6
03/11/2010,27.8,25.4,26.6,13.7
04/11/2010,27.9,25.5,26.7,11.1
05/11/2010,28.1,25.5,26.8,4.9
06/11/2010,28.8,26.1,27.5,4.1
07/11/2010,29.1,26.3,27.7,1.1
08/11/2010,29.6,26.5,28.1,0.8
09/11/2010,29.7,26.5,28.1,0.9
10/11/2010,29.6,26.4,28.0,1.5
11/11/2010,29.6,26.4,28.0,2.3
12/11/2010,29.6,26.3,27.9,2.9
13/11/2010,29.4,26.2,27.8,2.8
14/11/2010,29.5,26.4,27.9,3.8
15/11/2010,29.6,26.3,27.9,3.6
16/11/2010,29.3,26.2,27.8,4.8
17/11/2010,29.5,26.1,27.8,5.6
18/11/2010,29.3,26.0,27.7,7.0
19/11/2010,29.1,26.1,27.6,6.3
20/11/2010,29.1,26.0,27.6,6.1
21/11/2010,29.2,26.2,27.7,7.5
22/11/2010,29.2,26.2,27.7,7.2
23/11/2010,29.2,26.1,27.7,8.0
24/11/2010,29.3,26.3,27.8,8.9
25/11/2010,29.2,26.1,27.7,8.5
26/11/2010,29.1,26.1,27.6,6.4
27/11/2010,29.3,26.3,27.8,7.2
28/11/2010,29.3,26.2,27.8,7.4
29/11/2010,29.3,26.2,27.7,11.2
30/11/2010,29.1,26.1,27.6,12.4
01/12/2010,,,,20.2
02/12/2010,28.7,25.5,27.1,13.0
03/12/2010,29.2,25.9,27.5,7.2
04/12/2010,29.2,26.4,27.8,5.3
05/12/2010,30.1,26.5,28.3,3.6
06/12/2010,29.9,26.9,28.4,4.9
07/12/2010,29.8,26.4,28.1,8.3
08/12/2010,29.2,26.1,27.7,16.1
09/12/2010,28.9,25.8,27.3,13.5
10/12/2010,28.9,25.9,27.4,11.2
11/12/2010,28.8,26.2,27.5,12.6
12/12/2010,28.8,26.0,27.4,21.6
13/12/2010,28.7,25.8,27.3,21.1
14/12/2010,28.4,25.7,27.0,17.9
15/12/2010,28.6,25.8,27.2,16.6
16/12/2010,28.3,25.8,27.1,16.1
17/12/2010,28.4,26.0,27.2,13.5
18/12/2010,28.8,26.0,27.4,10.5
19/12/2010,28.8,26.1,27.5,10.3
20/12/2010,28.8,26.1,27.5,10.1
21/12/2010,28.7,26.1,27.4,13.3
22/12/2010,28.8,25.8,27.3,9.9
23/12/2010,28.7,26.0,27.3,8.0
24/12/2010,28.7,26.2,27.4,9.5
25/12/2010,28.8,26.0,27.4,11.5
26/12/2010,28.6,26.0,27.3,10.5
27/12/2010,28.7,25.9,27.3,11.0
28/12/2010,28.7,26.0,27.3,10.9
29/12/2010,28.6,26.1,27.3,9.0
30/12/2010,28.8,26.2,27.5,11.0
31/12/2010,28.7,26.0,27.4,6.5
01/01/2011,,,,12.4
02/01/2011,28.1,25.2,26.7,5.2
03/01/2011,28.6,26.0,27.3,3.5
04/01/2011,28.9,26.3,27.6,4.6
05/01/2011,28.9,26.4,27.7,5.4
06/01/2011,28.9,26.3,27.6,7.8
07/01/2011,28.8,26.1,27.5,15.8
08/01/2011,28.4,25.5,26.9,10.3
09/01/2011,28.5,25.8,27.2,8.2
10/01/2011,28.7,25.9,27.3,9.3
11/01/2011,28.6,25.9,27.3,11.1
12/01/2011,28.5,25.9,27.2,8.7
13/01/2011,28.7,26.0,27.3,9.6
14/01/2011,28.7,26.0,27.3,9.6
15/01/2011,28.7,25.9,27.3,9.3
16/01/2011,28.6,25.9,27.2,9.3
17/01/2011,28.7,25.9,27.3,9.1
18/01/2011,28.3,25.8,27.1,7.8
19/01/2011,28.6,26.0,27.3,8.0
20/01/2011,28.9,26.0,27.4,5.9
21/01/2011,29.0,26.0,27.5,5.9
22/01/2011,29.0,26.2,27.6,6.8
23/01/2011,28.9,26.1,27.5,7.6
24/01/2011,28.9,26.2,27.5,11.9
25/01/2011,28.8,26.0,27.4,8.5
26/01/2011,28.9,26.1,27.5,10.8
27/01/2011,28.6,25.9,27.3,8.9
28/01/2011,28.8,26.1,27.4,8.2
29/01/2011,29.0,26.1,27.6,7.8
30/01/2011,28.7,26.2,27.5,11.6
31/01/2011,28.9,26.0,27.4,11.0
01/02/2011,,,,22.0
02/02/2011,27.7,25.2,26.4,8.4
03/02/2011,28.3,25.9,27.1,6.0
04/02/2011,28.8,26.2,27.5,6.3
05/02/2011,28.8,26.3,27.5,7.2
06/02/2011,28.6,26.1,27.4,9.7
07/02/2011,28.5,25.7,27.1,8.4
08/02/2011,28.4,25.6,27.0,13.9
09/02/2011,28.2,25.3,26.7,8.8
10/02/2011,28.0,25.5,26.8,5.7
11/02/2011,28.6,25.9,27.3,5.8
12/02/2011,28.6,25.9,27.3,10.2
13/02/2011,28.5,25.7,27.1,9.4
14/02/2011,28.4,25.8,27.1,5.6
15/02/2011,28.8,26.1,27.5,8.5
16/02/2011,28.7,25.9,27.3,10.8
17/02/2011,28.6,25.9,27.3,12.5
18/02/2011,28.5,25.8,27.1,8.8
19/02/2011,28.4,25.9,27.1,9.1
20/02/2011,28.6,25.9,27.3,10.0
21/02/2011,28.6,25.9,27.3,11.6
22/02/2011,28.7,25.8,27.3,12.5
23/02/2011,28.3,25.7,27.0,12.1
24/02/2011,28.4,25.8,27.1,11.4
25/02/2011,28.6,26.1,27.3,12.2
26/02/2011,28.5,25.9,27.2,13.1
27/02/2011,28.3,25.9,27.1,13.2
28/02/2011,28.4,25.8,27.1,13.4
01/03/2011,,,,4.0
02/03/2011,29.1,26.1,27.6,14.9
03/03/2011,28.7,25.4,27.1,15.3
04/03/2011,27.7,25.6,26.6,5.7
05/03/2011,28.2,25.9,27.1,5.8
06/03/2011,28.2,25.7,26.9,4.4
07/03/2011,28.7,25.9,27.3,4.3
08/03/2011,28.7,26.1,27.4,6.3
09/03/2011,28.8,26.0,27.4,6.8
10/03/2011,28.6,26.0,27.3,7.4
11/03/2011,28.5,26.0,27.3,7.9
12/03/2011,28.7,26.1,27.4,6.3
13/03/2011,28.9,26.0,27.5,7.6
14/03/2011,28.8,25.9,27.3,10.3
15/03/2011,28.6,25.8,27.2,10.1
16/03/2011,28.5,25.9,27.2,9.3
17/03/2011,28.5,25.8,27.1,15.1
18/03/2011,28.3,25.5,26.9,9.3
19/03/2011,28.3,25.7,27.0,8.3
20/03/2011,28.5,25.8,27.1,7.5
21/03/2011,28.7,25.8,27.2,9.1
22/03/2011,28.6,25.7,27.2,10.3
23/03/2011,28.5,25.7,27.1,10.5
24/03/2011,28.5,25.7,27.1,11.8
25/03/2011,28.4,25.8,27.1,12.2
26/03/2011,28.4,25.8,27.1,8.9
27/03/2011,28.6,25.8,27.2,6.8
28/03/2011,28.8,26.0,27.4,9.5
29/03/2011,28.6,25.9,27.2,8.7
30/03/2011,28.5,25.9,27.2,10.7
31/03/2011,28.8,25.9,27.4,9.2
01/04/2011,,,,23.1
02/04/2011,27.6,25.7,26.6,11.5
03/04/2011,27.9,25.9,26.9,7.2
04/04/2011,28.5,25.8,27.2,9.0
05/04/2011,28.9,25.4,27.1,11.0
06/04/2011,28.2,25.4,26.8,8.4
07/04/2011,28.2,25.5,26.8,10.1
08/04/2011,28.2,25.6,26.9,9.4
09/04/2011,28.1,25.6,26.8,10.0
10/04/2011,28.2,25.4,26.8,9.9
11/04/2011,28.1,25.3,26.7,9.4
12/04/2011,28.1,25.4,26.7,8.9
13/04/2011,28.2,25.4,26.8,7.5
14/04/2011,28.3,25.4,26.9,10.3
15/04/2011,28.3,25.4,26.8,12.6
16/04/2011,28.2,25.3,26.8,13.1
17/04/2011,28.0,25.3,26.6,7.9
18/04/2011,28.0,25.5,26.8,11.5
19/04/2011,28.2,25.5,26.9,12.6
20/04/2011,28.0,25.3,26.7,10.7
21/04/2011,28.0,25.4,26.7,8.4
22/04/2011,28.0,25.4,26.7,6.9
23/04/2011,28.1,25.7,26.9,9.7
24/04/2011,28.1,25.6,26.8,9.3
25/04/2011,27.9,25.6,26.8,8.9
26/04/2011,28.2,25.7,27.0,8.7
27/04/2011,28.2,25.7,26.9,11.0
28/04/2011,28.1,25.6,26.8,10.3
29/04/2011,28.1,25.5,26.8,12.4
30/04/2011,27.8,25.6,26.7,10.9
01/05/2011,,,,1.1
02/05/2011,28.3,26.6,27.5,0.2
03/05/2011,28.7,26.4,27.5,1.5
04/05/2011,28.6,25.8,27.2,3.6
05/05/2011,28.1,25.9,27.0,2.5
06/05/2011,28.1,26.1,27.1,4.5
07/05/2011,28.0,25.8,26.9,4.1
08/05/2011,28.0,25.7,26.9,3.4
09/05/2011,28.2,25.7,27.0,4.0
10/05/2011,28.1,25.8,26.9,4.8
11/05/2011,28.0,25.8,26.9,4.9
12/05/2011,28.1,25.6,26.8,4.6
13/05/2011,28.0,25.7,26.9,3.6
14/05/2011,28.1,25.9,27.0,5.2
15/05/2011,28.1,25.8,26.9,5.1
16/05/2011,27.9,25.8,26.9,6.0
17/05/2011,28.1,25.8,26.9,5.4
18/05/2011,28.0,25.8,26.9,4.5
19/05/2011,28.2,25.8,27.0,6.5
20/05/2011,28.1,25.6,26.9,6.9
21/05/2011,27.9,25.6,26.8,6.9
22/05/2011,27.8,25.5,26.7,9.1
23/05/2011,27.6,25.4,26.5,6.6
24/05/2011,27.6,25.6,26.6,6.1
25/05/2011,27.8,25.6,26.7,4.9
26/05/2011,27.7,25.7,26.7,6.8
27/05/2011,27.6,25.6,26.6,7.6
28/05/2011,27.5,25.3,26.4,7.5
29/05/2011,27.6,25.4,26.5,7.2
30/05/2011,27.6,25.5,26.6,8.3
31/05/2011,27.6,25.6,26.6,6.1
01/06/2011,,,,0.3
02/06/2011,27.4,25.1,26.2,0.7
03/06/2011,27.6,25.2,26.4,1.3
04/06/2011,27.2,25.3,26.3,1.8
05/06/2011,27.3,25.3,26.3,1.5
06/06/2011,27.4,25.3,26.3,1.3
07/06/2011,27.1,25.2,26.2,1.3
08/06/2011,27.3,25.4,26.3,2.7
09/06/2011,27.1,25.2,26.2,7.0
10/06/2011,27.0,24.8,25.9,13.4
11/06/2011,26.6,24.8,25.7,7.2
12/06/2011,26.7,24.9,25.8,5.1
13/06/2011,27.0,25.0,26.0,4.4
14/06/2011,27.1,25.0,26.0,2.8
15/06/2011,27.0,24.9,25.9,2.0
16/06/2011,27.1,24.8,26.0,3.0
17/06/2011,27.1,24.8,25.9,2.4
18/06/2011,27.1,24.9,26.0,6.2
19/06/2011,26.9,24.9,25.9,1.9
20/06/2011,26.9,25.1,26.0,2.4
21/06/2011,26.9,25.0,26.0,6.3
22/06/2011,26.9,24.9,25.9,2.6
23/06/2011,26.8,24.9,25.8,3.3
24/06/2011,26.8,24.8,25.8,3.1
25/06/2011,26.7,24.9,25.8,3.8
26/06/2011,26.8,24.8,25.8,3.7
27/06/2011,26.8,24.7,25.8,1.9
28/06/2011,26.6,24.6,25.6,1.7
29/06/2011,26.6,24.6,25.6,2.0
30/06/2011,26.6,24.6,25.6,1.2
01/07/2011,,,,0.6
02/07/2011,26.9,24.6,25.7,0.8
03/07/2011,26.8,24.4,25.6,1.1
04/07/2011,26.5,24.4,25.4,0.5
05/07/2011,26.7,24.8,25.7,1.7
06/07/2011,26.5,24.4,25.4,1.0
07/07/2011,26.4,24.7,25.6,1.6
08/07/2011,26.4,24.5,25.4,2.1
09/07/2011,26.3,24.5,25.4,2.2
10/07/2011,26.2,24.3,25.3,2.6
11/07/2011,26.1,24.4,25.2,2.6
12/07/2011,26.3,24.4,25.3,2.4
13/07/2011,26.3,24.6,25.4,2.5
14/07/2011,26.4,24.6,25.5,4.8
15/07/2011,26.6,24.6,25.6,2.4
16/07/2011,26.5,24.6,25.6,1.5
17/07/2011,26.5,24.6,25.5,1.2
18/07/2011,26.5,24.5,25.5,1.0
19/07/2011,26.5,24.5,25.5,0.9
20/07/2011,26.3,24.4,25.3,0.8
21/07/2011,26.3,24.1,25.2,0.6
22/07/2011,26.4,24.2,25.3,0.8
23/07/2011,26.3,24.1,25.2,0.7
24/07/2011,26.3,24.1,25.2,1.1
25/07/2011,26.3,24.2,25.2,0.9
26/07/2011,26.4,24.3,25.3,0.8
27/07/2011,26.4,24.3,25.3,0.9
28/07/2011,26.6,24.2,25.4,0.9
29/07/2011,26.4,24.3,25.4,0.6
30/07/2011,26.6,24.3,25.4,0.5
31/07/2011,26.6,24.2,25.4,1.0
01/08/2011,,,,0.6
02/08/2011,26.6,24.5,25.5,0.7
03/08/2011,26.3,23.9,25.1,0.5
04/08/2011,26.1,24.0,25.1,0.9
05/08/2011,26.3,23.9,25.1,0.4
06/08/2011,26.2,24.0,25.1,0.7
07/08/2011,26.4,24.1,25.2,0.8
08/08/2011,26.5,24.2,25.3,0.6
09/08/2011,26.3,24.1,25.2,0.3
10/08/2011,26.3,23.8,25.1,0.2
11/08/2011,26.6,23.9,25.2,0.3
12/08/2011,26.7,24.0,25.3,0.5
13/08/2011,26.8,24.0,25.4,0.3
14/08/2011,26.8,24.0,25.4,0.2
15/08/2011,26.9,24.1,25.5,0.5
16/08/2011,26.9,24.1,25.5,0.4
17/08/2011,26.9,24.3,25.6,0.5
18/08/2011,26.8,24.2,25.5,0.5
19/08/2011,26.8,24.2,25.5,0.4
20/08/2011,26.7,24.1,25.4,0.5
21/08/2011,26.8,24.2,25.5,0.7
22/08/2011,26.8,24.3,25.5,0.6
23/08/2011,27.0,24.4,25.7,0.7
24/08/2011,26.9,24.3,25.6,0.3
25/08/2011,27.0,24.3,25.6,0.3
26/08/2011,26.9,24.4,25.6,0.5
27/08/2011,27.0,24.4,25.7,0.6
28/08/2011,27.0,24.4,25.7,0.4
29/08/2011,27.2,24.3,25.7,0.3
30/08/2011,27.2,24.3,25.7,0.4
31/08/2011,27.2,24.4,25.8,0.3
01/09/2011,,,,1.2
02/09/2011,27.6,24.7,26.1,0.3
03/09/2011,27.4,24.5,26.0,0.3
04/09/2011,27.6,24.8,26.2,0.5
05/09/2011,27.5,24.9,26.2,1.7
06/09/2011,27.4,25.0,26.2,1.5
07/09/2011,27.2,24.9,26.1,0.7
08/09/2011,27.3,24.8,26.0,0.2
09/09/2011,27.6,24.6,26.1,0.2
10/09/2011,27.6,24.6,26.1,0.3
11/09/2011,27.5,24.6,26.0,0.2
12/09/2011,27.6,24.7,26.1,0.3
13/09/2011,27.5,24.7,26.1,0.4
14/09/2011,27.5,24.8,26.2,0.5
15/09/2011,27.5,24.8,26.1,0.6
16/09/2011,27.5,24.8,26.2,0.6
17/09/2011,27.6,24.9,26.3,0.7
18/09/2011,27.6,24.8,26.2,0.9
19/09/2011,27.5,24.7,26.1,0.6
20/09/2011,27.6,24.8,26.2,0.5
21/09/2011,27.7,24.7,26.2,0.4
22/09/2011,27.8,24.6,26.2,0.3
23/09/2011,27.9,24.7,26.3,0.4
24/09/2011,27.9,24.7,26.3,0.6
25/09/2011,27.9,24.9,26.4,0.5
26/09/2011,28.0,24.8,26.4,0.4
27/09/2011,28.1,24.8,26.5,1.1
28/09/2011,28.0,24.8,26.4,0.5
29/09/2011,28.1,24.9,26.5,0.5
30/09/2011,28.2,25.0,26.6,0.5
01/10/2011,,,,0.0
02/10/2011,28.3,23.7,26.0,0.1
03/10/2011,29.0,24.9,27.0,0.2
04/10/2011,29.3,25.5,27.4,0.7
05/10/2011,29.1,25.8,27.4,2.3
06/10/2011,28.6,25.9,27.2,0.5
07/10/2011,28.8,25.3,27.1,0.1
08/10/2011,28.9,25.0,26.9,0.1
09/10/2011,29.0,24.8,26.9,0.4
10/10/2011,29.1,24.8,26.9,0.4
11/10/2011,29.1,25.2,27.2,0.4
12/10/2011,28.9,25.3,27.1,0.2
13/10/2011,29.4,25.4,27.4,0.3
14/10/2011,29.2,25.5,27.3,0.4
15/10/2011,29.2,25.6,27.4,1.0
16/10/2011,29.3,25.7,27.5,1.2
17/10/2011,29.1,25.8,27.4,0.7
18/10/2011,29.0,25.8,27.4,0.6
19/10/2011,29.1,25.8,27.5,1.2
20/10/2011,29.1,25.9,27.5,1.5
21/10/2011,29.1,26.0,27.6,2.4
22/10/2011,28.9,26.0,27.5,2.1
23/10/2011,29.0,25.9,27.5,1.5
24/10/2011,29.0,25.9,27.4,1.6
25/10/2011,29.1,25.9,27.5,1.3
26/10/2011,29.3,26.0,27.7,1.4
27/10/2011,29.2,26.1,27.7,1.4
28/10/2011,29.3,26.1,27.7,1.0
29/10/2011,29.3,26.1,27.7,1.2
30/10/2011,29.5,26.2,27.8,1.2
31/10/2011,29.4,26.1,27.8,2.0
01/11/2011,,,,0.3
02/11/2011,29.2,26.1,27.6,2.4
03/11/2011,28.9,25.7,27.3,4.3
04/11/2011,28.4,25.8,27.1,5.9
05/11/2011,28.7,26.0,27.3,5.9
06/11/2011,29.0,25.9,27.5,1.2
07/11/2011,29.4,26.0,27.7,1.7
08/11/2011,29.5,25.9,27.7,2.9
09/11/2011,29.1,25.8,27.4,3.4
10/11/2011,29.2,25.9,27.5,3.8
11/11/2011,29.1,26.0,27.6,4.3
12/11/2011,29.2,26.1,27.6,5.1
13/11/2011,29.3,25.9,27.6,5.3
14/11/2011,29.3,26.0,27.7,4.9
15/11/2011,29.3,26.2,27.7,4.6
16/11/2011,29.3,26.2,27.8,4.0
17/11/2011,29.3,26.3,27.8,3.3
18/11/2011,29.4,26.5,27.9,3.5
19/11/2011,29.6,26.2,27.9,4.4
20/11/2011,29.4,26.2,27.8,3.5
21/11/2011,29.5,26.4,27.9,4.6
22/11/2011,29.6,26.3,28.0,5.2
23/11/2011,29.5,26.4,27.9,5.1
24/11/2011,29.4,26.5,27.9,5.0
25/11/2011,29.7,26.5,28.1,6.8
26/11/2011,29.6,26.4,28.0,6.4
27/11/2011,29.5,26.4,28.0,5.4
28/11/2011,29.5,26.5,28.0,8.4
29/11/2011,29.5,26.4,27.9,7.2
30/11/2011,29.6,26.5,28.0,7.1
01/12/2011,,,,1.3
02/12/2011,30.5,27.0,28.7,3.7
03/12/2011,29.7,26.5,28.1,9.2
04/12/2011,29.4,26.1,27.7,7.8
05/12/2011,29.5,26.2,27.9,7.9
06/12/2011,29.1,26.0,27.6,9.7
07/12/2011,28.8,25.9,27.3,10.0
08/12/2011,28.7,25.9,27.3,8.2
09/12/2011,28.7,26.1,27.4,8.4
10/12/2011,29.0,26.1,27.6,8.7
11/12/2011,29.0,26.1,27.6,8.1
12/12/2011,29.1,26.1,27.6,7.9
13/12/2011,29.1,26.2,27.7,7.6
14/12/2011,29.1,26.3,27.7,6.9
15/12/2011,29.2,26.2,27.7,6.4
16/12/2011,29.2,26.3,27.7,7.4
17/12/2011,29.4,26.2,27.8,6.8
18/12/2011,29.3,26.3,27.8,8.1
19/12/2011,29.3,26.3,27.8,9.6
20/12/2011,29.3,26.3,27.8,9.9
21/12/2011,29.1,26.4,27.7,12.6
22/12/2011,29.0,26.3,27.7,11.1
23/12/2011,29.2,26.4,27.8,11.0
24/12/2011,29.1,26.3,27.7,8.3
25/12/2011,29.1,26.6,27.9,10.1
26/12/2011,29.1,26.4,27.7,11.9
27/12/2011,29.0,26.2,27.6,13.2
28/12/2011,28.9,26.2,27.5,13.2
29/12/2011,28.8,26.3,27.5,16.5
30/12/2011,28.9,26.2,27.5,11.9
31/12/2011,28.8,26.2,27.5,13.9
01/01/2012,,,,5.2
02/01/2012,28.5,26.1,27.3,3.4
03/01/2012,29.1,25.9,27.5,4.0
04/01/2012,28.9,25.8,27.4,7.2
05/01/2012,28.6,25.8,27.2,9.2
06/01/2012,28.3,25.7,27.0,6.5
07/01/2012,28.5,26.0,27.3,6.2
08/01/2012,29.0,25.9,27.4,9.3
09/01/2012,28.8,25.6,27.2,6.9
10/01/2012,28.7,25.8,27.3,7.2
11/01/2012,28.6,25.7,27.1,5.7
12/01/2012,28.7,25.8,27.2,5.8
13/01/2012,28.8,26.0,27.4,9.0
14/01/2012,28.8,25.8,27.3,9.6
15/01/2012,28.6,25.8,27.2,10.9
16/01/2012,28.5,25.8,27.2,12.8
17/01/2012,28.5,25.9,27.2,12.4
18/01/2012,28.5,25.9,27.2,13.9
19/01/2012,28.4,25.9,27.1,11.6
20/01/2012,28.3,25.9,27.1,12.5
21/01/2012,28.4,25.8,27.1,10.5
22/01/2012,28.4,26.0,27.2,14.8
23/01/2012,28.5,25.8,27.1,15.1
24/01/2012,28.4,25.9,27.2,10.1
25/01/2012,28.4,26.0,27.2,13.0
26/01/2012,28.5,25.8,27.1,14.0
27/01/2012,28.3,25.8,27.1,13.6
28/01/2012,28.3,25.9,27.1,10.4
29/01/2012,28.4,26.0,27.2,7.9
30/01/2012,28.5,26.2,27.4,9.5
31/01/2012,28.6,25.9,27.2,12.5
01/02/2012,,,,40.3
02/02/2012,27.8,25.0,26.4,28.0
03/02/2012,27.2,25.0,26.1,2.9
04/02/2012,28.1,26.3,27.2,3.0
05/02/2012,28.6,26.3,27.4,2.5
06/02/2012,28.9,26.1,27.5,3.1
07/02/2012,28.6,26.3,27.5,5.0
08/02/2012,28.8,26.0,27.4,5.7
09/02/2012,28.8,25.8,27.3,4.9
10/02/2012,28.8,25.8,27.3,5.5
11/02/2012,28.7,25.8,27.2,5.4
12/02/2012,28.9,25.9,27.4,3.7
13/02/2012,28.9,26.0,27.4,4.9
14/02/2012,28.7,25.9,27.3,6.6
15/02/2012,28.7,25.8,27.2,7.8
16/02/2012,28.5,25.8,27.1,8.9
17/02/2012,28.5,25.6,27.1,8.5
18/02/2012,28.6,25.7,27.1,5.8
19/02/2012,28.6,25.8,27.2,6.9
20/02/2012,28.8,25.9,27.3,6.1
21/02/2012,28.9,26.1,27.5,5.7
22/02/2012,29.0,26.1,27.5,8.0
23/02/2012,29.0,26.1,27.5,7.9
24/02/2012,28.9,26.1,27.5,8.7
25/02/2012,28.8,26.0,27.4,9.3
26/02/2012,29.0,26.1,27.5,7.5
27/02/2012,28.9,26.0,27.4,8.1
28/02/2012,28.8,25.9,27.3,11.0
29/02/2012,28.8,25.9,27.4,11.0
01/03/2012,,,,4.2
02/03/2012,28.9,26.2,27.5,7.1
03/03/2012,28.8,26.1,27.5,7.8
04/03/2012,28.8,26.0,27.4,13.4
05/03/2012,28.8,25.5,27.1,12.6
06/03/2012,28.4,25.5,26.9,11.8
07/03/2012,28.4,25.6,27.0,17.9
08/03/2012,28.3,25.5,26.9,21.1
09/03/2012,28.0,25.5,26.8,21.7
10/03/2012,28.1,25.6,26.8,24.9
11/03/2012,27.9,25.4,26.6,23.8
12/03/2012,27.8,25.6,26.7,13.5
13/03/2012,28.2,25.9,27.1,13.8
14/03/2012,28.3,25.9,27.1,16.8
15/03/2012,28.5,26.0,27.2,16.7
16/03/2012,28.2,25.8,27.0,15.9
17/03/2012,28.2,26.0,27.1,14.5
18/03/2012,28.1,25.7,26.9,12.3
19/03/2012,28.3,25.7,27.0,14.3
20/03/2012,28.2,25.8,27.0,12.6
21/03/2012,28.5,25.8,27.1,10.0
22/03/2012,28.5,25.8,27.1,12.3
23/03/2012,28.3,25.7,27.0,10.3
24/03/2012,28.3,25.8,27.0,8.5
25/03/2012,28.4,25.8,27.1,10.6
26/03/2012,28.5,25.7,27.1,9.1
27/03/2012,28.4,26.0,27.2,9.5
28/03/2012,28.4,25.8,27.1,9.6
29/03/2012,28.5,25.8,27.1,10.5
30/03/2012,28.3,25.7,27.0,8.7
31/03/2012,28.4,25.7,27.0,7.6
01/04/2012,,,,2.1
02/04/2012,28.7,25.8,27.3,2.3
03/04/2012,28.2,25.8,27.0,2.0
04/04/2012,28.7,25.8,27.3,2.1
05/04/2012,28.4,25.7,27.1,1.3
06/04/2012,28.6,26.0,27.3,0.7
07/04/2012,28.8,26.4,27.6,0.4
08/04/2012,29.0,26.7,27.8,0.7
09/04/2012,29.1,26.6,27.8,1.4
10/04/2012,29.0,26.4,27.7,2.0
11/04/2012,29.0,26.3,27.6,3.6
12/04/2012,28.8,26.0,27.4,5.6
13/04/2012,28.5,25.7,27.1,7.1
14/04/2012,28.4,25.7,27.0,6.4
15/04/2012,28.4,25.6,27.0,6.7
16/04/2012,28.5,25.7,27.1,8.5
17/04/2012,28.4,25.7,27.0,8.3
18/04/2012,28.3,25.7,27.0,7.8
19/04/2012,28.3,25.6,26.9,6.3
20/04/2012,28.4,25.7,27.1,10.3
21/04/2012,28.5,25.6,27.1,8.9
22/04/2012,28.4,25.8,27.1,8.3
23/04/2012,28.3,25.8,27.1,9.6
24/04/2012,28.2,25.8,27.0,13.8
25/04/2012,28.2,25.7,27.0,11.5
26/04/2012,28.2,25.7,27.0,9.4
27/04/2012,28.3,25.8,27.0,8.8
28/04/2012,28.2,25.8,27.0,10.2
29/04/2012,28.3,25.9,27.1,12.2
30/04/2012,28.1,25.8,27.0,11.4
01/05/2012,,,,7.0
02/05/2012,28.7,25.5,27.1,12.9
03/05/2012,27.6,25.3,26.5,14.9
04/05/2012,27.6,25.3,26.4,21.6
05/05/2012,27.3,25.0,26.2,18.7
06/05/2012,27.3,25.2,26.2,18.2
07/05/2012,27.2,25.1,26.2,17.4
08/05/2012,27.4,25.1,26.2,6.4
09/05/2012,27.7,25.4,26.6,6.2
10/05/2012,28.1,25.6,26.8,10.2
11/05/2012,27.9,25.4,26.6,10.9
12/05/2012,27.8,25.5,26.6,11.9
13/05/2012,27.6,25.3,26.5,14.2
14/05/2012,27.6,25.3,26.5,12.0
15/05/2012,27.5,25.4,26.4,9.2
16/05/2012,27.7,25.5,26.6,11.2
17/05/2012,27.8,25.4,26.6,11.0
18/05/2012,27.6,25.4,26.5,7.3
19/05/2012,27.6,25.6,26.6,5.4
20/05/2012,27.8,25.7,26.7,6.8
21/05/2012,27.7,25.5,26.6,5.8
22/05/2012,27.7,25.7,26.7,6.4
23/05/2012,27.9,25.6,26.8,5.9
24/05/2012,27.7,25.6,26.6,6.4
25/05/2012,27.6,25.7,26.7,6.7
26/05/2012,27.8,25.7,26.7,5.4
27/05/2012,27.6,25.7,26.6,6.4
28/05/2012,27.6,25.6,26.6,7.4
29/05/2012,27.6,25.6,26.6,5.6
30/05/2012,27.7,25.7,26.7,5.0
31/05/2012,27.7,25.8,26.8,4.3
01/06/2012,,,,1.6
02/06/2012,27.7,25.7,26.7,1.7
03/06/2012,27.7,25.7,26.7,1.7
04/06/2012,27.4,25.7,26.6,0.3
05/06/2012,27.1,25.4,26.2,0.1
06/06/2012,26.9,24.9,25.9,0.2
07/06/2012,26.7,25.0,25.9,0.2
08/06/2012,26.9,25.2,26.1,0.8
09/06/2012,27.1,25.3,26.2,1.2
10/06/2012,27.1,25.2,26.2,1.4
11/06/2012,26.9,25.0,26.0,1.0
12/06/2012,26.9,25.0,26.0,0.8
13/06/2012,26.9,24.7,25.8,0.6
14/06/2012,26.7,24.7,25.7,0.6
15/06/2012,26.8,24.7,25.7,1.3
16/06/2012,26.8,24.6,25.7,1.5
17/06/2012,26.7,24.7,25.7,1.9
18/06/2012,26.8,24.7,25.7,1.7
19/06/2012,26.9,24.8,25.9,2.7
20/06/2012,26.8,24.8,25.8,2.1
21/06/2012,26.9,24.8,25.9,2.3
22/06/2012,26.8,24.7,25.8,2.4
23/06/2012,26.7,24.7,25.7,1.2
24/06/2012,26.7,24.8,25.7,1.1
25/06/2012,26.8,24.8,25.8,1.3
26/06/2012,26.7,24.7,25.7,1.9
27/06/2012,26.5,24.7,25.6,1.9
28/06/2012,26.6,24.6,25.6,1.5
29/06/2012,26.6,24.7,25.6,1.8
30/06/2012,26.5,24.7,25.6,1.8
01/07/2012,,,,0.5
02/07/2012,26.9,24.4,25.6,2.8
03/07/2012,25.9,23.9,24.9,2.4
04/07/2012,26.1,24.1,25.1,2.1
05/07/2012,25.8,24.4,25.1,1.2
06/07/2012,25.8,24.4,25.1,1.2
07/07/2012,26.1,24.5,25.3,2.0
08/07/2012,26.3,24.6,25.5,2.2
09/07/2012,26.4,24.7,25.5,1.5
10/07/2012,26.6,24.8,25.7,0.8
11/07/2012,26.9,24.7,25.8,0.8
12/07/2012,26.9,24.5,25.7,1.2
13/07/2012,26.6,24.4,25.5,1.3
14/07/2012,26.5,24.5,25.5,1.9
15/07/2012,26.3,24.4,25.4,0.9
16/07/2012,26.3,24.4,25.3,1.2
17/07/2012,26.2,24.4,25.3,1.9
18/07/2012,26.1,24.3,25.2,2.6
19/07/2012,26.2,24.4,25.3,1.4
20/07/2012,26.3,24.4,25.4,1.6
21/07/2012,26.3,24.5,25.4,0.9
22/07/2012,26.5,24.6,25.5,0.9
23/07/2012,26.4,24.4,25.4,0.8
24/07/2012,26.4,24.3,25.3,0.7
25/07/2012,26.5,24.4,25.4,0.6
26/07/2012,26.3,24.3,25.3,0.7
27/07/2012,26.3,24.3,25.3,0.9
28/07/2012,26.3,24.1,25.2,0.9
29/07/2012,26.3,24.1,25.2,0.8
30/07/2012,26.3,24.2,25.3,2.6
31/07/2012,26.3,24.1,25.2,1.9
01/08/2012,,,,0.8
02/08/2012,26.0,24.2,25.1,1.2
03/08/2012,26.3,24.3,25.3,0.9
04/08/2012,26.5,24.5,25.5,0.4
05/08/2012,26.4,24.2,25.3,0.2
06/08/2012,26.3,24.2,25.2,0.4
07/08/2012,26.4,24.1,25.2,0.4
08/08/2012,26.2,24.1,25.1,0.7
09/08/2012,26.3,24.0,25.1,0.7
10/08/2012,26.2,23.9,25.0,0.6
11/08/2012,26.3,24.0,25.2,0.7
12/08/2012,26.1,24.0,25.0,0.6
13/08/2012,26.2,24.0,25.1,0.6
14/08/2012,26.2,24.0,25.1,0.6
15/08/2012,26.2,24.0,25.1,0.3
16/08/2012,26.4,24.0,25.2,0.4
17/08/2012,26.4,24.0,25.2,0.5
18/08/2012,26.4,24.1,25.2,0.6
19/08/2012,26.5,24.1,25.3,0.7
20/08/2012,26.4,24.3,25.4,1.0
21/08/2012,26.6,24.3,25.4,0.7
22/08/2012,26.6,24.3,25.5,0.7
23/08/2012,26.7,24.4,25.6,0.6
24/08/2012,26.8,24.5,25.6,0.4
25/08/2012,26.9,24.4,25.6,0.5
26/08/2012,26.9,24.3,25.6,0.5
27/08/2012,26.9,24.5,25.7,0.6
28/08/2012,26.8,24.4,25.6,0.6
29/08/2012,26.9,24.4,25.6,0.5
30/08/2012,26.9,24.4,25.6,0.4
31/08/2012,27.0,24.3,25.7,0.3
01/09/2012,,,,0.1
02/09/2012,28.0,24.7,26.3,0.4
03/09/2012,27.6,24.8,26.2,0.7
04/09/2012,27.3,25.0,26.2,0.8
05/09/2012,27.5,24.9,26.2,0.5
06/09/2012,27.6,24.9,26.2,0.2
07/09/2012,27.7,24.6,26.1,0.2
08/09/2012,27.7,24.6,26.2,0.5
09/09/2012,27.7,24.8,26.2,0.7
10/09/2012,27.5,24.9,26.2,0.6
11/09/2012,27.4,24.9,26.2,0.5
12/09/2012,27.4,24.8,26.1,0.6
13/09/2012,27.5,24.8,26.1,0.3
14/09/2012,27.5,24.7,26.1,0.4
15/09/2012,27.7,24.8,26.2,0.5
16/09/2012,27.7,24.7,26.2,0.4
17/09/2012,27.8,24.7,26.3,0.6
18/09/2012,27.9,24.7,26.3,0.4
19/09/2012,27.9,24.6,26.3,0.3
20/09/2012,28.1,24.7,26.4,0.2
21/09/2012,28.0,24.7,26.4,0.2
22/09/2012,28.0,24.8,26.4,0.3
23/09/2012,28.1,24.7,26.4,0.7
24/09/2012,28.2,24.8,26.5,0.6
25/09/2012,28.2,24.8,26.5,0.3
26/09/2012,28.3,24.9,26.6,0.1
27/09/2012,28.4,24.8,26.6,0.2
28/09/2012,28.4,24.8,26.6,0.1
29/09/2012,28.5,24.8,26.7,0.2
30/09/2012,28.4,24.8,26.6,0.2
01/10/2012,,,,1.0
02/10/2012,28.6,25.3,26.9,1.0
03/10/2012,28.3,25.0,26.6,0.6
04/10/2012,28.2,25.2,26.7,1.8
05/10/2012,28.3,25.5,26.9,1.6
06/10/2012,28.3,25.8,27.1,0.4
07/10/2012,28.7,25.4,27.1,0.1
08/10/2012,29.0,25.0,27.0,0.3
09/10/2012,29.0,25.3,27.1,0.6
10/10/2012,29.1,25.6,27.4,0.8
11/10/2012,29.1,25.7,27.4,1.2
12/10/2012,29.2,25.7,27.5,0.4
13/10/2012,29.2,25.7,27.4,0.3
14/10/2012,29.2,25.6,27.4,0.5
15/10/2012,29.2,25.7,27.5,0.8
16/10/2012,29.1,25.8,27.5,1.1
17/10/2012,29.1,25.8,27.4,1.6
18/10/2012,29.1,25.7,27.4,1.6
19/10/2012,29.0,25.8,27.4,1.0
20/10/2012,29.2,25.8,27.5,0.7
21/10/2012,29.2,25.8,27.5,0.7
22/10/2012,29.2,25.8,27.5,0.7
23/10/2012,29.3,25.9,27.6,0.5
24/10/2012,29.5,25.7,27.6,0.5
25/10/2012,29.5,25.8,27.6,0.3
26/10/2012,29.5,25.9,27.7,0.5
27/10/2012,29.6,25.9,27.7,1.2
28/10/2012,29.5,25.9,27.7,0.7
29/10/2012,29.5,25.9,27.7,0.6
30/10/2012,29.7,25.8,27.8,0.9
31/10/2012,29.6,25.9,27.8,0.8
01/11/2012,,,,1.9
02/11/2012,30.4,26.4,28.4,1.5
03/11/2012,29.8,26.5,28.2,0.4
04/11/2012,30.2,26.0,28.1,0.3
05/11/2012,30.1,25.9,28.0,1.3
06/11/2012,30.1,26.1,28.1,1.6
07/11/2012,29.6,26.3,27.9,0.7
08/11/2012,30.0,26.2,28.1,0.7
09/11/2012,30.2,26.1,28.2,1.0
10/11/2012,30.0,26.1,28.1,0.8
11/11/2012,29.9,26.3,28.1,1.0
12/11/2012,29.9,26.4,28.2,1.4
13/11/2012,30.0,26.4,28.2,2.0
14/11/2012,30.0,26.4,28.2,1.0
15/11/2012,30.2,26.6,28.4,1.2
16/11/2012,30.1,26.5,28.3,2.0
17/11/2012,30.0,26.4,28.2,2.6
18/11/2012,29.9,26.4,28.1,2.0
19/11/2012,30.0,26.5,28.2,1.4
20/11/2012,30.3,26.4,28.4,1.5
21/11/2012,30.3,26.5,28.4,1.5
22/11/2012,30.4,26.5,28.4,1.9
23/11/2012,30.4,26.4,28.4,1.4
24/11/2012,30.3,26.4,28.3,1.4
25/11/2012,30.3,26.5,28.4,1.6
26/11/2012,30.1,26.6,28.3,2.2
27/11/2012,30.2,26.6,28.4,2.6
28/11/2012,30.3,26.6,28.5,2.4
29/11/2012,30.2,26.7,28.5,2.9
30/11/2012,30.2,26.7,28.4,3.3
01/12/2012,,,,1.1
02/12/2012,30.7,27.2,28.9,0.4
03/12/2012,30.8,27.2,29.0,0.2
04/12/2012,31.1,26.9,29.0,0.9
05/12/2012,31.1,27.1,29.1,2.5
06/12/2012,30.8,26.9,28.8,1.9
07/12/2012,30.8,27.0,28.9,1.7
08/12/2012,30.8,26.8,28.8,3.5
09/12/2012,30.1,26.4,28.2,6.6
10/12/2012,29.5,26.0,27.7,8.1
11/12/2012,29.4,25.8,27.6,6.1
12/12/2012,29.3,26.2,27.8,8.3
13/12/2012,29.5,26.0,27.8,7.1
14/12/2012,29.4,26.1,27.7,8.2
15/12/2012,29.4,26.0,27.7,8.0
16/12/2012,29.2,26.1,27.6,8.0
17/12/2012,29.2,26.1,27.7,9.2
18/12/2012,29.1,26.1,27.6,11.1
19/12/2012,29.0,26.0,27.5,9.2
20/12/2012,29.2,26.2,27.7,12.8
21/12/2012,28.9,26.2,27.6,15.5
22/12/2012,28.8,26.0,27.4,13.0
23/12/2012,28.7,25.9,27.3,14.8
24/12/2012,28.6,26.0,27.3,18.1
25/12/2012,28.6,25.9,27.3,16.4
26/12/2012,28.5,25.9,27.2,10.7
27/12/2012,28.6,26.1,27.3,10.2
28/12/2012,28.8,26.2,27.5,11.0
29/12/2012,29.0,26.2,27.6,9.4
30/12/2012,29.0,26.3,27.7,8.8
31/12/2012,29.1,26.3,27.7,11.8
01/01/2013,,,,19.8
02/01/2013,29.2,26.0,27.6,14.9
03/01/2013,29.4,26.3,27.9,10.3
04/01/2013,28.9,26.4,27.6,12.1
05/01/2013,29.2,26.2,27.7,21.1
06/01/2013,28.6,26.0,27.3,18.8
07/01/2013,28.6,26.1,27.4,22.2
08/01/2013,28.6,25.9,27.3,23.3
09/01/2013,28.5,25.9,27.2,12.7
10/01/2013,28.9,26.3,27.6,11.1
11/01/2013,29.3,26.4,27.8,10.3
12/01/2013,29.2,26.5,27.8,13.4
13/01/2013,28.9,26.2,27.6,18.1
14/01/2013,28.6,26.1,27.3,17.0
15/01/2013,28.5,26.1,27.3,14.1
16/01/2013,28.5,26.2,27.3,15.5
17/01/2013,28.6,26.1,27.4,16.1
18/01/2013,28.7,26.3,27.5,12.2
19/01/2013,28.8,26.3,27.5,14.0
20/01/2013,28.6,26.2,27.4,15.8
21/01/2013,28.5,26.1,27.3,18.7
22/01/2013,28.4,26.0,27.2,13.2
23/01/2013,28.6,26.2,27.4,8.7
24/01/2013,28.7,26.4,27.5,12.6
25/01/2013,28.6,26.3,27.4,13.3
26/01/2013,28.6,26.2,27.4,11.6
27/01/2013,28.5,26.2,27.3,12.6
28/01/2013,28.5,26.1,27.3,17.5
29/01/2013,28.6,25.9,27.2,14.5
30/01/2013,28.4,26.1,27.2,9.8
31/01/2013,28.6,26.1,27.3,10.0
01/02/2013,,,,25.5
02/02/2013,27.5,25.3,26.4,1.5
03/02/2013,28.5,26.4,27.4,1.2
04/02/2013,29.3,26.3,27.8,0.7
05/02/2013,29.9,26.4,28.1,0.9
06/02/2013,29.8,26.4,28.1,1.5
07/02/2013,29.6,26.0,27.8,1.6
08/02/2013,29.3,26.0,27.7,2.0
09/02/2013,29.4,26.3,27.9,2.0
10/02/2013,29.4,26.2,27.8,2.5
11/02/2013,29.2,26.2,27.7,3.6
12/02/2013,29.3,26.1,27.7,3.2
13/02/2013,29.3,26.1,27.7,3.9
14/02/2013,29.2,26.1,27.6,4.0
15/02/2013,29.1,26.1,27.6,5.6
16/02/2013,29.1,26.1,27.6,6.0
17/02/2013,29.1,26.1,27.6,7.6
18/02/2013,29.0,26.1,27.5,8.6
19/02/2013,29.0,26.0,27.5,8.6
20/02/2013,28.9,26.1,27.5,12.5
21/02/2013,28.7,26.1,27.4,12.5
22/02/2013,28.8,26.0,27.4,12.9
23/02/2013,28.8,26.2,27.5,16.2
24/02/2013,28.8,26.0,27.4,13.7
25/02/2013,28.7,26.1,27.4,13.9
26/02/2013,28.7,26.1,27.4,13.6
27/02/2013,28.8,26.2,27.5,18.4
28/02/2013,28.6,26.2,27.4,18.9
01/03/2013,,,,6.4
02/03/2013,29.1,26.3,27.7,17.3
03/03/2013,28.4,25.7,27.0,22.4
04/03/2013,27.7,25.4,26.6,7.8
05/03/2013,28.1,26.0,27.1,8.4
06/03/2013,28.4,26.3,27.4,6.4
07/03/2013,28.6,26.6,27.6,6.7
08/03/2013,28.7,26.6,27.7,9.4
09/03/2013,28.8,26.3,27.5,8.5
10/03/2013,28.7,26.3,27.5,9.3
11/03/2013,28.7,26.2,27.5,11.4
12/03/2013,28.4,26.0,27.2,14.1
13/03/2013,28.3,25.8,27.0,16.6
14/03/2013,28.0,25.8,26.9,12.7
15/03/2013,28.1,25.8,26.9,10.0
16/03/2013,28.2,25.9,27.1,7.9
17/03/2013,28.4,25.9,27.2,7.6
18/03/2013,28.6,25.8,27.2,6.3
19/03/2013,28.7,26.0,27.3,3.3
20/03/2013,28.8,26.1,27.5,3.4
21/03/2013,28.9,26.1,27.5,3.3
22/03/2013,29.0,26.1,27.6,3.4
23/03/2013,28.9,26.2,27.6,2.9
24/03/2013,29.2,26.2,27.7,3.1
25/03/2013,29.1,26.3,27.7,4.0
26/03/2013,29.1,26.0,27.6,4.7
27/03/2013,29.1,26.1,27.6,4.9
28/03/2013,29.1,26.2,27.6,5.2
29/03/2013,29.1,26.1,27.6,6.8
30/03/2013,28.9,26.2,27.6,4.8
31/03/2013,29.0,26.3,27.7,4.2
01/04/2013,,,,4.3
02/04/2013,29.4,26.3,27.8,6.5
03/04/2013,29.3,26.4,27.8,4.8
04/04/2013,28.9,26.4,27.6,5.5
05/04/2013,29.1,26.1,27.6,3.1
06/04/2013,29.0,26.5,27.8,8.9
07/04/2013,29.0,26.0,27.5,15.5
08/04/2013,28.5,25.8,27.1,18.9
09/04/2013,28.2,25.7,27.0,15.7
10/04/2013,28.0,25.6,26.8,12.3
11/04/2013,28.2,25.6,26.9,12.7
12/04/2013,28.3,25.7,27.0,8.5
13/04/2013,28.6,25.9,27.3,8.3
14/04/2013,28.6,26.1,27.3,8.8
15/04/2013,28.6,26.1,27.3,9.8
16/04/2013,28.5,25.9,27.2,8.6
17/04/2013,28.6,26.1,27.3,8.4
18/04/2013,28.7,26.1,27.4,7.6
19/04/2013,28.6,26.0,27.3,7.9
20/04/2013,28.6,25.9,27.3,8.1
21/04/2013,28.7,26.0,27.4,9.2
22/04/2013,28.7,25.9,27.3,8.4
23/04/2013,28.7,26.1,27.4,10.5
24/04/2013,28.5,25.9,27.2,8.7
25/04/2013,28.6,25.9,27.3,8.9
26/04/2013,28.6,26.0,27.3,8.7
27/04/2013,28.5,26.0,27.2,10.7
28/04/2013,28.4,25.9,27.1,11.1
29/04/2013,28.5,25.8,27.2,9.1
30/04/2013,28.2,26.0,27.1,6.0
01/05/2013,,,,0.2
02/05/2013,29.4,26.8,28.1,4.3
03/05/2013,29.0,26.1,27.6,4.6
04/05/2013,28.9,26.3,27.6,7.8
05/05/2013,28.8,25.9,27.4,8.1
06/05/2013,28.5,26.2,27.4,6.4
07/05/2013,28.7,26.4,27.6,4.0
08/05/2013,28.9,26.4,27.6,6.6
09/05/2013,28.5,26.2,27.3,10.0
10/05/2013,28.4,26.0,27.2,10.6
11/05/2013,28.5,26.1,27.3,9.2
12/05/2013,28.3,26.1,27.2,9.2
13/05/2013,28.3,26.1,27.2,11.5
14/05/2013,28.5,26.2,27.3,6.7
15/05/2013,28.4,26.3,27.4,5.6
16/05/2013,28.5,26.3,27.4,4.9
17/05/2013,28.5,26.3,27.4,5.0
18/05/2013,28.3,26.1,27.2,4.5
19/05/2013,28.4,26.1,27.3,5.2
20/05/2013,28.3,26.2,27.2,4.9
21/05/2013,28.5,26.1,27.3,5.1
22/05/2013,28.5,26.2,27.3,3.6
23/05/2013,28.4,26.3,27.3,2.2
24/05/2013,28.5,26.2,27.4,2.4
25/05/2013,28.4,26.1,27.3,2.9
26/05/2013,28.5,26.1,27.3,3.6
27/05/2013,28.4,26.1,27.2,4.4
28/05/2013,28.4,26.0,27.2,3.7
29/05/2013,28.4,26.1,27.2,3.9
30/05/2013,28.3,26.0,27.2,3.2
31/05/2013,28.3,26.0,27.1,4.3
01/06/2013,,,,3.1
02/06/2013,28.1,26.0,27.0,2.0
03/06/2013,27.8,25.9,26.8,2.1
04/06/2013,28.0,25.9,26.9,1.6
05/06/2013,28.0,26.3,27.1,7.9
06/06/2013,27.9,25.7,26.8,19.3
07/06/2013,27.3,25.4,26.4,16.9
08/06/2013,27.4,25.4,26.4,11.0
09/06/2013,27.4,25.5,26.4,7.6
10/06/2013,27.3,25.6,26.4,8.5
11/06/2013,27.3,25.6,26.4,7.1
12/06/2013,27.4,25.6,26.5,7.6
13/06/2013,27.5,25.6,26.6,8.3
14/06/2013,27.4,25.5,26.4,11.0
15/06/2013,27.4,25.3,26.4,12.2
16/06/2013,27.4,25.4,26.4,7.5
17/06/2013,27.5,25.5,26.5,6.4
18/06/2013,27.4,25.5,26.5,4.8
19/06/2013,27.5,25.6,26.6,7.0
20/06/2013,27.5,25.4,26.5,2.9
21/06/2013,27.6,25.7,26.7,3.2
22/06/2013,27.6,25.7,26.7,2.6
23/06/2013,27.6,25.7,26.6,3.7
24/06/2013,27.5,25.6,26.6,3.5
25/06/2013,27.4,25.5,26.5,2.7
26/06/2013,27.4,25.4,26.4,2.6
27/06/2013,27.4,25.4,26.4,3.3
28/06/2013,27.4,25.3,26.4,3.5
29/06/2013,27.3,25.5,26.4,3.4
30/06/2013,27.3,25.4,26.4,2.5
01/07/2013,,,,1.0
02/07/2013,26.2,24.8,25.5,1.5
03/07/2013,26.4,24.6,25.5,1.3
04/07/2013,26.6,25.1,25.8,1.0
05/07/2013,27.1,25.3,26.2,1.3
06/07/2013,27.1,25.5,26.3,4.7
07/07/2013,27.1,25.1,26.1,8.7
08/07/2013,26.8,25.0,25.9,10.6
09/07/2013,26.8,24.8,25.8,3.6
10/07/2013,27.0,25.1,26.1,2.9
11/07/2013,27.1,25.2,26.2,3.8
12/07/2013,26.9,25.1,26.0,2.3
13/07/2013,26.9,25.2,26.1,2.0
14/07/2013,27.0,25.2,26.1,1.2
15/07/2013,27.0,25.1,26.0,3.5
16/07/2013,26.8,25.0,25.9,3.6
17/07/2013,26.8,24.9,25.8,3.2
18/07/2013,26.7,24.8,25.8,2.7
19/07/2013,26.7,24.9,25.8,3.6
20/07/2013,26.7,24.8,25.7,2.4
21/07/2013,26.8,24.8,25.8,2.4
22/07/2013,26.8,24.9,25.8,4.1
23/07/2013,26.7,24.8,25.7,3.5
24/07/2013,26.6,24.8,25.7,2.1
25/07/2013,26.8,24.9,25.8,2.3
26/07/2013,26.7,24.8,25.8,0.9
27/07/2013,26.7,24.8,25.7,0.9
28/07/2013,26.8,24.8,25.8,1.2
29/07/2013,26.8,24.7,25.8,1.0
30/07/2013,26.9,25.0,25.9,1.0
31/07/2013,27.0,25.0,26.0,1.3
01/08/2013,,,,1.2
02/08/2013,26.7,24.8,25.7,1.1
03/08/2013,26.4,24.8,25.6,0.8
04/08/2013,26.4,24.7,25.6,0.8
05/08/2013,26.3,24.5,25.4,0.8
06/08/2013,26.3,24.5,25.4,0.7
07/08/2013,26.4,24.7,25.5,1.1
08/08/2013,26.4,24.4,25.4,0.4
09/08/2013,26.5,24.1,25.3,0.2
10/08/2013,26.4,24.2,25.3,0.4
11/08/2013,26.6,24.4,25.5,0.8
12/08/2013,26.7,24.5,25.6,0.6
13/08/2013,26.7,24.7,25.7,0.7
14/08/2013,26.8,24.6,25.7,0.4
15/08/2013,26.9,24.5,25.7,0.5
16/08/2013,27.0,24.5,25.8,0.6
17/08/2013,27.0,24.6,25.8,0.7
18/08/2013,26.9,24.7,25.8,1.0
19/08/2013,27.1,24.8,25.9,0.9
20/08/2013,27.2,24.8,26.0,0.6
21/08/2013,27.1,24.8,26.0,0.8
22/08/2013,27.0,24.8,25.9,0.6
23/08/2013,27.0,24.7,25.9,0.9
24/08/2013,27.0,24.8,25.9,1.1
25/08/2013,27.0,24.7,25.9,0.7
26/08/2013,27.2,24.7,26.0,0.5
27/08/2013,27.2,24.7,25.9,0.6
28/08/2013,27.3,24.7,26.0,0.7
29/08/2013,27.3,24.7,26.0,0.6
30/08/2013,27.4,24.8,26.1,0.6
31/08/2013,27.4,24.8,26.1,0.6
01/09/2013,,,,0.0
02/09/2013,27.0,24.7,25.9,0.5
03/09/2013,27.1,24.9,26.0,0.9
04/09/2013,26.9,24.8,25.8,0.6
05/09/2013,27.0,24.6,25.8,0.6
06/09/2013,26.9,24.7,25.8,0.4
07/09/2013,26.9,24.7,25.8,0.3
08/09/2013,27.0,24.7,25.9,0.3
09/09/2013,27.2,24.7,26.0,0.4
10/09/2013,27.5,24.8,26.1,0.4
11/09/2013,27.7,24.8,26.2,0.4
12/09/2013,27.8,24.8,26.3,0.3
13/09/2013,27.9,24.8,26.3,0.4
14/09/2013,27.9,24.9,26.4,0.4
15/09/2013,28.0,24.9,26.4,0.7
16/09/2013,28.0,25.0,26.5,1.4
17/09/2013,27.9,24.9,26.4,1.0
18/09/2013,27.8,24.9,26.4,1.2
19/09/2013,27.8,24.9,26.4,0.8
20/09/2013,27.8,24.9,26.4,0.4
21/09/2013,27.9,24.9,26.4,0.7
22/09/2013,27.9,24.9,26.4,1.4
23/09/2013,28.1,24.9,26.5,0.3
24/09/2013,28.1,24.9,26.5,0.3
25/09/2013,28.2,25.0,26.6,0.3
26/09/2013,28.4,25.0,26.7,0.3
27/09/2013,28.3,25.1,26.7,0.4
28/09/2013,28.3,25.1,26.7,0.8
29/09/2013,28.3,25.1,26.7,1.4
30/09/2013,28.4,25.1,26.8,1.0
01/10/2013,,,,0.1
02/10/2013,29.1,25.8,27.4,0.4
03/10/2013,29.1,25.7,27.4,0.9
04/10/2013,29.2,25.7,27.4,0.3
05/10/2013,29.4,25.6,27.5,0.2
06/10/2013,29.3,25.6,27.4,0.2
07/10/2013,28.8,25.5,27.2,0.3
08/10/2013,29.1,25.6,27.4,1.2
09/10/2013,29.2,25.7,27.5,2.2
10/10/2013,29.2,25.6,27.4,1.1
11/10/2013,29.4,25.6,27.5,1.4
12/10/2013,29.6,25.7,27.6,1.5
13/10/2013,29.6,25.9,27.7,1.6
14/10/2013,29.6,26.0,27.8,2.0
15/10/2013,29.5,26.1,27.8,0.9
16/10/2013,29.5,26.2,27.9,1.7
17/10/2013,29.7,26.1,27.9,1.3
18/10/2013,29.5,26.2,27.9,1.5
19/10/2013,29.4,26.1,27.8,1.4
20/10/2013,29.4,26.1,27.7,1.2
21/10/2013,29.4,26.2,27.8,1.4
22/10/2013,29.5,26.2,27.9,1.7
23/10/2013,29.6,26.2,27.9,2.2
24/10/2013,29.6,26.2,27.9,2.7
25/10/2013,29.7,26.3,28.0,1.4
26/10/2013,29.8,26.4,28.1,1.0
27/10/2013,29.9,26.3,28.1,1.1
28/10/2013,29.8,26.1,28.0,1.4
29/10/2013,29.9,26.3,28.1,2.3
30/10/2013,30.1,26.2,28.2,1.5
31/10/2013,29.8,26.2,28.0,1.1
01/11/2013,,,,0.2
02/11/2013,30.2,26.4,28.3,1.7
03/11/2013,29.7,26.5,28.1,1.3
04/11/2013,29.7,26.6,28.1,0.7
05/11/2013,29.9,26.6,28.2,0.4
06/11/2013,30.1,26.6,28.3,0.8
07/11/2013,30.0,26.4,28.2,1.8
08/11/2013,29.8,26.5,28.1,2.6
09/11/2013,29.8,26.3,28.1,2.1
10/11/2013,29.8,26.4,28.1,3.2
11/11/2013,29.9,26.3,28.1,2.7
12/11/2013,30.0,26.3,28.2,3.3
13/11/2013,29.9,26.2,28.1,2.9
14/11/2013,29.8,26.4,28.1,4.4
15/11/2013,29.7,26.4,28.0,4.0
16/11/2013,29.6,26.3,28.0,3.2
17/11/2013,29.8,26.4,28.1,3.1
18/11/2013,29.7,26.3,28.0,3.3
19/11/2013,29.8,26.4,28.1,3.4
20/11/2013,29.7,26.4,28.1,2.5
21/11/2013,29.8,26.5,28.2,2.4
22/11/2013,29.8,26.6,28.2,2.7
23/11/2013,29.9,26.7,28.3,3.1
24/11/2013,29.9,26.7,28.3,3.4
25/11/2013,29.9,26.6,28.2,4.2
26/11/2013,29.8,26.6,28.2,4.1
27/11/2013,29.8,26.4,28.1,5.1
28/11/2013,29.8,26.5,28.2,5.0
29/11/2013,29.9,26.5,28.2,5.5
30/11/2013,29.9,26.5,28.2,5.4
01/12/2013,,,,2.1
02/12/2013,29.8,26.3,28.1,3.8
03/12/2013,29.4,26.4,27.9,5.5
04/12/2013,29.3,26.3,27.8,10.4
05/12/2013,28.7,26.1,27.4,8.7
06/12/2013,28.9,26.1,27.5,7.8
07/12/2013,28.9,26.1,27.5,5.5
08/12/2013,28.8,26.2,27.5,3.4
09/12/2013,29.3,26.2,27.8,3.2
10/12/2013,29.2,26.2,27.7,5.6
11/12/2013,29.1,26.2,27.7,5.8
12/12/2013,29.1,26.3,27.7,6.1
13/12/2013,29.3,26.3,27.8,3.2
14/12/2013,29.4,26.5,28.0,4.1
15/12/2013,29.4,26.3,27.8,3.5
16/12/2013,29.5,26.5,28.0,3.4
17/12/2013,29.5,26.4,28.0,4.1
18/12/2013,29.5,26.4,28.0,5.7
19/12/2013,29.3,26.3,27.8,5.4
20/12/2013,29.5,26.4,27.9,9.2
21/12/2013,29.2,26.4,27.8,7.6
22/12/2013,29.2,26.4,27.8,9.7
23/12/2013,29.3,26.2,27.7,10.6
24/12/2013,29.0,26.2,27.6,10.3
25/12/2013,28.9,26.2,27.6,13.0
26/12/2013,28.8,26.0,27.4,11.4
27/12/2013,28.8,26.2,27.5,14.3
28/12/2013,28.7,26.1,27.4,13.9
29/12/2013,28.8,26.0,27.4,15.1
30/12/2013,28.6,26.1,27.3,13.0
31/12/2013,28.7,26.1,27.4,12.7
01/01/2014,,,,1.0
02/01/2014,29.2,26.4,27.8,1.6
03/01/2014,29.5,26.6,28.0,1.7
04/01/2014,29.5,26.6,28.1,3.6
05/01/2014,29.8,26.4,28.1,5.1
06/01/2014,29.5,26.3,27.9,7.0
07/01/2014,29.1,26.0,27.6,10.7
08/01/2014,29.3,25.7,27.5,12.9
09/01/2014,28.8,25.7,27.2,12.7
10/01/2014,28.5,25.7,27.1,12.5
11/01/2014,28.6,25.7,27.2,14.7
12/01/2014,28.4,25.8,27.1,15.7
13/01/2014,28.2,25.8,27.0,18.3
14/01/2014,28.2,25.6,26.9,16.6
15/01/2014,28.2,25.7,26.9,13.7
16/01/2014,28.3,25.9,27.1,14.8
17/01/2014,28.3,25.9,27.1,14.1
18/01/2014,28.3,25.8,27.0,11.7
19/01/2014,28.3,25.8,27.1,12.7
20/01/2014,28.4,25.8,27.1,13.4
21/01/2014,28.5,26.0,27.3,10.8
22/01/2014,28.4,26.1,27.2,14.1
23/01/2014,28.4,26.0,27.2,14.3
24/01/2014,28.3,26.0,27.2,12.3
25/01/2014,28.4,26.1,27.2,10.9
26/01/2014,28.4,26.1,27.2,12.5
27/01/2014,28.4,26.0,27.2,11.3
28/01/2014,28.5,26.0,27.3,11.1
29/01/2014,28.3,26.1,27.2,10.0
30/01/2014,28.5,26.1,27.3,11.1
31/01/2014,28.4,26.0,27.2,9.6
01/02/2014,,,,3.7
02/02/2014,28.7,26.0,27.3,2.4
03/02/2014,28.6,26.5,27.5,3.6
04/02/2014,28.5,26.2,27.3,3.0
05/02/2014,28.5,26.4,27.4,2.3
06/02/2014,28.7,26.5,27.6,2.2
07/02/2014,28.9,26.5,27.7,3.1
08/02/2014,28.9,26.5,27.7,4.2
09/02/2014,28.9,26.3,27.6,6.1
10/02/2014,28.7,25.9,27.3,14.0
11/02/2014,28.4,25.6,27.0,16.4
12/02/2014,28.0,25.3,26.7,14.5
13/02/2014,27.9,25.5,26.7,19.2
14/02/2014,27.7,25.3,26.5,19.4
15/02/2014,27.8,25.4,26.6,17.2
16/02/2014,27.7,25.5,26.6,15.3
17/02/2014,28.1,25.6,26.8,13.8
18/02/2014,28.0,25.6,26.8,14.6
19/02/2014,27.9,25.5,26.7,12.2
20/02/2014,27.8,25.5,26.6,11.2
21/02/2014,27.8,25.6,26.7,11.4
22/02/2014,28.0,25.6,26.8,9.4
23/02/2014,28.0,25.8,26.9,8.4
24/02/2014,28.2,25.9,27.0,8.1
25/02/2014,28.3,25.9,27.1,9.6
26/02/2014,28.3,26.0,27.1,10.5
27/02/2014,28.3,25.6,27.0,9.7
28/02/2014,28.1,25.8,27.0,12.8
01/03/2014,,,,2.3
02/03/2014,28.4,25.8,27.1,3.9
03/03/2014,28.3,25.6,26.9,2.7
04/03/2014,28.5,25.8,27.1,4.5
05/03/2014,28.5,25.5,27.0,13.2
06/03/2014,28.0,25.2,26.6,22.0
07/03/2014,27.7,24.9,26.3,17.4
08/03/2014,27.4,24.9,26.1,13.9
09/03/2014,27.2,25.1,26.2,8.7
10/03/2014,27.6,25.6,26.6,3.9
11/03/2014,28.3,26.0,27.1,3.3
12/03/2014,28.7,26.0,27.4,4.2
13/03/2014,28.8,25.9,27.4,5.4
14/03/2014,28.5,25.7,27.1,6.8
15/03/2014,28.4,25.7,27.1,4.6
16/03/2014,28.6,25.9,27.2,4.9
17/03/2014,28.8,25.9,27.3,5.8
18/03/2014,28.5,25.9,27.2,6.9
19/03/2014,28.5,25.8,27.2,4.9
20/03/2014,28.6,25.8,27.2,5.1
21/03/2014,28.7,26.0,27.4,3.7
22/03/2014,28.9,26.0,27.5,2.9
23/03/2014,29.0,26.0,27.5,4.1
24/03/2014,28.9,26.0,27.4,3.1
25/03/2014,29.0,26.1,27.5,4.4
26/03/2014,28.9,26.0,27.4,5.0
27/03/2014,28.9,26.1,27.5,4.7
28/03/2014,28.9,26.0,27.4,4.1
29/03/2014,28.9,26.1,27.5,3.7
30/03/2014,28.9,26.0,27.4,4.5
31/03/2014,28.9,26.1,27.5,5.9
01/04/2014,,,,2.4
02/04/2014,29.7,26.3,28.0,1.8
03/04/2014,29.3,26.1,27.7,2.2
04/04/2014,28.8,26.3,27.6,3.8
05/04/2014,28.8,26.1,27.4,2.4
06/04/2014,29.2,26.1,27.7,1.4
07/04/2014,29.3,26.0,27.7,4.4
08/04/2014,29.2,25.9,27.5,7.5
09/04/2014,28.6,25.8,27.2,6.5
10/04/2014,28.6,25.9,27.3,4.6
11/04/2014,28.9,26.2,27.6,5.1
12/04/2014,29.0,26.2,27.6,4.8
13/04/2014,28.8,26.1,27.5,5.5
14/04/2014,28.8,26.1,27.5,5.4
15/04/2014,29.0,26.2,27.6,4.6
16/04/2014,29.0,26.2,27.6,5.3
17/04/2014,28.9,26.2,27.6,4.7
18/04/2014,28.9,26.2,27.6,6.3
19/04/2014,29.0,26.0,27.5,6.9
20/04/2014,28.9,26.0,27.4,7.2
21/04/2014,28.7,26.0,27.3,7.5
22/04/2014,28.6,26.0,27.3,7.2
23/04/2014,28.6,26.1,27.3,7.8
24/04/2014,28.6,26.0,27.3,8.3
25/04/2014,28.6,26.0,27.3,8.8
26/04/2014,28.3,25.9,27.1,8.2
27/04/2014,28.5,26.0,27.2,5.6
28/04/2014,28.7,26.1,27.4,6.3
29/04/2014,28.7,26.1,27.4,5.7
30/04/2014,28.6,26.2,27.4,6.7
01/05/2014,,,,0.1
02/05/2014,29.3,26.7,28.0,0.2
03/05/2014,29.0,26.6,27.8,0.3
04/05/2014,29.1,26.5,27.8,0.8
05/05/2014,29.1,26.6,27.8,0.3
06/05/2014,28.8,26.7,27.7,0.3
07/05/2014,28.8,26.5,27.6,1.6
08/05/2014,28.9,26.2,27.5,3.4
09/05/2014,28.5,26.0,27.2,2.7
10/05/2014,28.6,26.2,27.4,2.4
11/05/2014,28.5,26.2,27.4,2.1
12/05/2014,28.7,26.2,27.5,1.6
13/05/2014,28.8,26.4,27.6,3.4
14/05/2014,28.8,26.2,27.5,5.5
15/05/2014,28.5,26.0,27.3,7.9
16/05/2014,28.4,26.0,27.2,5.6
17/05/2014,28.4,26.2,27.3,5.1
18/05/2014,28.2,26.0,27.1,6.0
19/05/2014,28.3,26.0,27.2,4.6
20/05/2014,28.3,26.0,27.1,5.4
21/05/2014,28.3,26.0,27.1,4.2
22/05/2014,28.3,26.1,27.2,4.8
23/05/2014,28.3,26.0,27.2,4.6
24/05/2014,28.3,26.1,27.2,4.1
25/05/2014,28.4,26.2,27.3,2.9
26/05/2014,28.3,26.1,27.2,2.3
27/05/2014,28.3,26.1,27.2,3.3
28/05/2014,28.3,26.1,27.2,3.0
29/05/2014,28.3,25.9,27.1,3.7
30/05/2014,28.3,26.0,27.2,3.4
31/05/2014,28.2,26.1,27.2,4.5
01/06/2014,,,,3.2
02/06/2014,28.2,25.6,26.9,5.0
03/06/2014,27.8,25.9,26.9,3.3
04/06/2014,28.1,26.0,27.1,2.8
05/06/2014,27.9,26.1,27.0,5.2
06/06/2014,28.0,25.7,26.8,10.3
07/06/2014,27.5,25.5,26.5,8.8
08/06/2014,27.4,25.5,26.4,4.4
09/06/2014,27.4,25.7,26.6,2.3
10/06/2014,27.5,25.9,26.7,1.7
11/06/2014,27.6,25.8,26.7,1.2
12/06/2014,27.6,25.9,26.8,1.0
13/06/2014,27.7,25.8,26.8,1.2
14/06/2014,27.6,25.9,26.7,1.4
15/06/2014,27.7,25.8,26.8,3.3
16/06/2014,27.7,25.7,26.7,1.5
17/06/2014,27.8,25.7,26.8,2.0
18/06/2014,27.8,25.7,26.7,3.7
19/06/2014,27.4,25.6,26.5,10.3
20/06/2014,27.3,25.5,26.4,8.2
21/06/2014,27.3,25.4,26.4,3.6
22/06/2014,27.4,25.5,26.4,6.9
23/06/2014,27.4,25.4,26.4,2.7
24/06/2014,27.3,25.2,26.2,3.0
25/06/2014,27.2,25.2,26.2,4.3
26/06/2014,27.1,25.1,26.1,3.1
27/06/2014,27.1,25.1,26.1,1.2
28/06/2014,27.2,25.2,26.2,1.6
29/06/2014,27.2,25.1,26.2,2.0
30/06/2014,27.2,25.1,26.2,1.7
01/07/2014,,,,1.0
02/07/2014,26.4,24.8,25.6,1.3
03/07/2014,26.5,24.7,25.6,1.8
04/07/2014,26.5,24.7,25.6,1.3
05/07/2014,26.7,25.0,25.8,1.4
06/07/2014,26.7,24.7,25.7,1.2
07/07/2014,26.6,25.1,25.8,1.5
08/07/2014,26.6,24.9,25.8,0.9
09/07/2014,26.8,24.8,25.8,0.5
10/07/2014,26.8,24.7,25.8,0.4
11/07/2014,26.7,24.6,25.6,0.7
12/07/2014,26.5,24.4,25.5,0.7
13/07/2014,26.6,24.2,25.4,1.0
14/07/2014,26.4,24.2,25.3,1.1
15/07/2014,26.5,24.4,25.5,1.3
16/07/2014,26.4,24.4,25.4,1.3
17/07/2014,26.5,24.4,25.5,1.4
18/07/2014,26.5,24.4,25.5,1.3
19/07/2014,26.5,24.5,25.5,1.6
20/07/2014,26.5,24.4,25.4,1.2
21/07/2014,26.4,24.4,25.4,1.3
22/07/2014,26.4,24.4,25.4,0.8
23/07/2014,26.5,24.4,25.4,0.8
24/07/2014,26.5,24.4,25.4,0.8
25/07/2014,26.5,24.4,25.4,0.9
26/07/2014,26.5,24.4,25.4,0.8
27/07/2014,26.5,24.4,25.4,1.0
28/07/2014,26.4,24.3,25.4,0.6
29/07/2014,26.5,24.5,25.5,1.0
30/07/2014,26.6,24.3,25.5,0.7
31/07/2014,26.7,24.5,25.6,0.6
01/08/2014,,,,0.4
02/08/2014,26.8,24.8,25.8,0.8
03/08/2014,26.8,24.7,25.7,1.0
04/08/2014,26.8,24.5,25.6,0.6
05/08/2014,26.6,24.6,25.6,2.4
06/08/2014,26.4,24.5,25.5,3.0
07/08/2014,26.3,24.7,25.5,1.6
08/08/2014,26.4,24.9,25.6,1.3
09/08/2014,26.7,24.7,25.7,0.9
10/08/2014,26.6,24.6,25.6,0.8
11/08/2014,26.6,24.6,25.6,0.8
12/08/2014,26.7,24.6,25.7,0.6
13/08/2014,26.7,24.6,25.6,0.4
14/08/2014,26.8,24.5,25.6,0.6
15/08/2014,26.6,24.3,25.5,0.4
16/08/2014,26.6,24.2,25.4,0.5
17/08/2014,26.6,24.1,25.4,0.4
18/08/2014,26.8,24.2,25.5,0.3
19/08/2014,26.8,24.3,25.5,0.6
20/08/2014,26.8,24.3,25.6,0.6
21/08/2014,26.7,24.3,25.5,0.4
22/08/2014,26.9,24.5,25.7,0.6
23/08/2014,27.0,24.5,25.7,0.6
24/08/2014,27.0,24.5,25.7,0.5
25/08/2014,27.0,24.5,25.8,0.5
26/08/2014,27.0,24.5,25.7,0.5
27/08/2014,27.1,24.4,25.7,0.5
28/08/2014,27.1,24.3,25.7,0.3
29/08/2014,27.2,24.4,25.8,0.4
30/08/2014,27.3,24.3,25.8,0.3
31/08/2014,27.1,24.4,25.8,0.3
01/09/2014,,,,0.0
02/09/2014,27.2,23.8,25.5,0.1
03/09/2014,27.3,24.4,25.8,0.2
04/09/2014,27.6,24.4,26.0,0.0
05/09/2014,27.4,24.1,25.7,0.1
06/09/2014,27.3,24.4,25.9,0.1
07/09/2014,27.3,24.3,25.8,0.0
08/09/2014,27.4,24.0,25.7,0.1
09/09/2014,27.4,23.7,25.6,0.2
10/09/2014,27.4,24.0,25.7,0.3
11/09/2014,27.6,24.2,25.9,0.2
12/09/2014,27.4,24.3,25.9,0.2
13/09/2014,27.6,24.4,26.0,0.2
14/09/2014,27.6,24.5,26.1,0.3
15/09/2014,27.6,24.6,26.1,0.4
16/09/2014,27.6,24.6,26.1,0.4
17/09/2014,27.7,24.7,26.2,0.7
18/09/2014,27.6,24.8,26.2,0.8
19/09/2014,27.5,24.8,26.2,0.6
20/09/2014,27.7,24.9,26.3,0.6
21/09/2014,27.7,24.9,26.3,0.5
22/09/2014,27.8,24.9,26.3,0.4
23/09/2014,27.9,24.8,26.4,0.4
24/09/2014,27.8,24.9,26.3,0.5
25/09/2014,28.0,24.8,26.4,0.3
26/09/2014,28.0,24.8,26.4,0.5
27/09/2014,28.0,25.0,26.5,0.5
28/09/2014,28.1,24.9,26.5,0.6
29/09/2014,28.2,25.0,26.6,0.2
30/09/2014,28.2,25.1,26.6,0.4
01/10/2014,,,,0.0
02/10/2014,27.7,24.5,26.1,0.2
03/10/2014,27.6,24.6,26.1,0.6
04/10/2014,27.8,24.9,26.4,0.9
05/10/2014,28.1,25.2,26.6,0.3
06/10/2014,28.2,24.9,26.5,0.2
07/10/2014,28.2,24.8,26.5,0.1
08/10/2014,28.5,24.8,26.6,0.3
09/10/2014,28.5,24.9,26.7,0.2
10/10/2014,28.8,25.2,27.0,0.4
11/10/2014,29.0,25.1,27.1,0.6
12/10/2014,29.2,25.3,27.2,0.4
13/10/2014,29.3,25.4,27.3,0.9
14/10/2014,29.2,25.4,27.3,0.8
15/10/2014,29.1,25.3,27.2,0.6
16/10/2014,29.0,25.4,27.2,0.8
17/10/2014,29.1,25.5,27.3,1.1
18/10/2014,28.9,25.5,27.2,0.7
19/10/2014,29.0,25.7,27.4,0.6
20/10/2014,29.2,25.7,27.5,0.5
21/10/2014,29.1,25.7,27.4,0.5
22/10/2014,29.1,25.6,27.4,0.4
23/10/2014,29.3,25.7,27.5,0.3
24/10/2014,29.4,25.7,27.6,0.4
25/10/2014,29.4,25.7,27.5,0.8
26/10/2014,29.4,25.7,27.6,0.5
27/10/2014,29.4,25.7,27.6,0.5
28/10/2014,29.6,25.8,27.7,0.8
29/10/2014,29.5,25.9,27.7,0.7
30/10/2014,29.5,25.7,27.6,0.6
31/10/2014,29.7,25.8,27.7,0.4
01/11/2014,,,,0.1
02/11/2014,29.2,24.9,27.0,0.4
03/11/2014,29.3,25.9,27.6,1.0
04/11/2014,29.8,26.3,28.1,0.7
05/11/2014,29.8,26.4,28.1,1.0
06/11/2014,29.9,25.9,27.9,1.1
07/11/2014,29.8,25.8,27.8,0.5
08/11/2014,29.9,26.0,27.9,0.6
09/11/2014,29.8,26.1,28.0,0.4
10/11/2014,29.8,26.2,28.0,0.8
11/11/2014,29.8,26.2,28.0,1.2
12/11/2014,30.1,26.1,28.1,1.2
13/11/2014,30.1,26.2,28.2,1.2
14/11/2014,30.2,26.1,28.2,1.7
15/11/2014,30.1,26.3,28.2,0.9
16/11/2014,30.3,26.4,28.4,0.8
17/11/2014,30.2,26.4,28.3,1.0
18/11/2014,30.3,26.5,28.4,1.3
19/11/2014,30.1,26.5,28.3,1.8
20/11/2014,30.3,26.5,28.4,1.7
21/11/2014,30.2,26.7,28.5,2.1
22/11/2014,30.1,26.7,28.4,2.1
23/11/2014,30.3,26.7,28.5,3.7
24/11/2014,30.1,26.6,28.3,4.0
25/11/2014,30.0,26.6,28.3,2.9
26/11/2014,30.0,26.7,28.3,3.5
27/11/2014,30.1,26.5,28.3,2.9
28/11/2014,30.0,26.6,28.3,3.8
29/11/2014,30.0,26.6,28.3,4.7
30/11/2014,29.9,26.6,28.2,5.5
01/12/2014,,,,1.8
02/12/2014,29.8,26.7,28.2,3.7
03/12/2014,29.6,26.4,28.0,6.5
04/12/2014,29.4,26.3,27.9,3.0
05/12/2014,29.9,26.4,28.1,2.0
06/12/2014,29.9,26.6,28.3,2.8
07/12/2014,29.9,26.7,28.3,3.2
08/12/2014,30.1,26.6,28.4,4.6
09/12/2014,29.9,26.7,28.3,4.9
10/12/2014,29.7,26.7,28.2,5.1
11/12/2014,29.8,26.6,28.2,6.6
12/12/2014,29.7,26.5,28.1,6.4
13/12/2014,29.6,26.5,28.1,5.9
14/12/2014,29.5,26.5,28.0,8.4
15/12/2014,29.5,26.3,27.9,9.7
16/12/2014,29.3,26.1,27.7,10.4
17/12/2014,29.2,26.2,27.7,10.5
18/12/2014,29.2,26.3,27.7,10.4
19/12/2014,29.1,26.4,27.7,11.7
20/12/2014,29.1,26.5,27.8,11.7
21/12/2014,29.2,26.4,27.8,9.8
22/12/2014,29.0,26.4,27.7,10.1
23/12/2014,29.3,26.6,27.9,10.7
24/12/2014,29.3,26.3,27.8,9.6
25/12/2014,29.2,26.5,27.8,11.3
26/12/2014,29.1,26.3,27.7,9.3
27/12/2014,29.2,26.4,27.8,7.8
28/12/2014,29.2,26.6,27.9,7.8
29/12/2014,29.2,26.5,27.9,9.3
30/12/2014,29.3,26.5,27.9,9.8
31/12/2014,29.2,26.5,27.8,12.1
01/01/2015,,,,14.3
02/01/2015,28.6,26.0,27.3,24.8
03/01/2015,28.1,25.7,26.9,22.2
04/01/2015,28.2,25.9,27.1,16.2
05/01/2015,28.2,26.1,27.1,11.7
06/01/2015,28.6,26.2,27.4,16.2
07/01/2015,28.4,25.7,27.1,21.5
08/01/2015,28.1,25.7,26.9,18.5
09/01/2015,27.9,25.7,26.8,18.3
10/01/2015,27.9,25.6,26.8,15.9
11/01/2015,28.0,25.9,27.0,14.6
12/01/2015,28.3,25.9,27.1,9.8
13/01/2015,28.5,26.1,27.3,7.3
14/01/2015,28.6,26.3,27.5,8.0
15/01/2015,28.8,26.3,27.5,10.7
16/01/2015,28.8,26.1,27.4,9.9
17/01/2015,28.6,26.2,27.4,9.8
18/01/2015,28.6,26.1,27.4,11.1
19/01/2015,28.5,25.9,27.2,11.4
20/01/2015,28.4,26.0,27.2,11.0
21/01/2015,28.5,25.9,27.2,16.5
22/01/2015,28.4,25.9,27.1,14.7
23/01/2015,28.3,25.8,27.1,16.3
24/01/2015,28.2,25.9,27.0,12.2
25/01/2015,28.3,26.0,27.1,9.1
26/01/2015,28.5,26.1,27.3,7.0
27/01/2015,28.5,26.3,27.4,9.6
28/01/2015,28.5,26.1,27.3,9.3
29/01/2015,28.5,26.1,27.3,9.4
30/01/2015,28.6,26.1,27.4,14.5
31/01/2015,28.4,25.9,27.1,9.5
01/02/2015,,,,12.8
02/02/2015,28.0,24.9,26.5,6.0
03/02/2015,28.0,25.5,26.8,2.5
04/02/2015,28.5,26.1,27.3,4.8
05/02/2015,28.9,25.8,27.3,6.5
06/02/2015,28.3,25.5,26.9,4.5
07/02/2015,28.5,25.8,27.1,2.5
08/02/2015,28.8,25.8,27.3,3.5
09/02/2015,28.9,25.7,27.3,4.7
10/02/2015,28.7,25.8,27.3,8.9
11/02/2015,28.7,25.7,27.2,13.4
12/02/2015,28.3,25.4,26.9,21.0
13/02/2015,27.8,25.2,26.5,26.6
14/02/2015,27.5,25.1,26.3,15.9
15/02/2015,27.6,25.3,26.4,14.9
16/02/2015,28.0,25.5,26.7,11.1
17/02/2015,28.1,25.8,26.9,11.3
18/02/2015,28.3,25.9,27.1,9.3
19/02/2015,28.3,26.0,27.2,6.5
20/02/2015,28.7,26.2,27.5,7.5
21/02/2015,28.7,26.2,27.5,8.2
22/02/2015,28.6,26.2,27.4,7.7
23/02/2015,28.7,26.2,27.4,9.6
24/02/2015,28.4,26.1,27.2,8.1
25/02/2015,28.4,26.1,27.2,8.9
26/02/2015,28.4,26.0,27.2,9.1
27/02/2015,28.4,26.1,27.3,10.5
28/02/2015,28.4,25.9,27.1,10.4
01/03/2015,,,,16.5
02/03/2015,27.2,25.0,26.1,14.1
03/03/2015,27.5,25.2,26.3,14.2
04/03/2015,27.7,25.5,26.6,19.1
05/03/2015,27.5,25.1,26.3,16.5
06/03/2015,27.7,25.0,26.3,11.6
07/03/2015,27.8,25.2,26.5,8.6
08/03/2015,27.9,25.5,26.7,5.9
09/03/2015,28.3,25.8,27.1,6.4
10/03/2015,28.4,25.7,27.0,8.1
11/03/2015,28.4,25.5,27.0,7.2
12/03/2015,28.2,25.6,26.9,8.3
13/03/2015,28.2,25.8,27.0,12.0
14/03/2015,28.2,25.6,26.9,11.0
15/03/2015,28.1,25.5,26.8,8.9
16/03/2015,27.9,25.6,26.8,6.7
17/03/2015,28.1,25.7,26.9,5.8
18/03/2015,28.3,25.7,27.0,5.9
19/03/2015,28.5,25.7,27.1,3.8
20/03/2015,28.6,25.9,27.3,2.5
21/03/2015,28.9,26.0,27.4,2.7
22/03/2015,28.9,26.0,27.5,3.9
23/03/2015,29.1,26.1,27.6,2.8
24/03/2015,29.1,26.1,27.6,3.6
25/03/2015,29.0,26.1,27.5,4.0
26/03/2015,28.9,26.1,27.5,5.1
27/03/2015,28.9,25.9,27.4,4.0
28/03/2015,29.0,26.1,27.5,5.8
29/03/2015,28.9,26.0,27.5,4.6
30/03/2015,28.9,26.0,27.5,4.7
31/03/2015,28.9,26.0,27.4,5.6
01/04/2015,,,,1.8
02/04/2015,28.7,26.2,27.5,8.6
03/04/2015,28.9,25.6,27.2,7.1
04/04/2015,28.8,25.9,27.4,7.2
05/04/2015,28.5,25.9,27.2,2.9
06/04/2015,28.9,26.2,27.5,0.4
07/04/2015,29.7,26.6,28.2,0.3
08/04/2015,29.7,26.8,28.3,1.8
09/04/2015,29.5,26.6,28.1,3.8
10/04/2015,29.3,26.2,27.8,6.4
11/04/2015,28.9,26.0,27.4,7.4
12/04/2015,28.8,26.0,27.4,9.8
13/04/2015,28.6,25.7,27.2,7.6
14/04/2015,28.7,25.9,27.3,6.7
15/04/2015,28.9,26.1,27.5,4.4
16/04/2015,29.0,26.2,27.6,4.0
17/04/2015,29.0,26.1,27.5,3.6
18/04/2015,28.9,26.3,27.6,3.6
19/04/2015,29.0,26.3,27.7,2.9
20/04/2015,29.1,26.3,27.7,2.3
21/04/2015,29.2,26.3,27.8,2.7
22/04/2015,29.2,26.5,27.8,2.7
23/04/2015,29.3,26.5,27.9,5.3
24/04/2015,29.2,26.3,27.8,3.3
25/04/2015,29.0,26.5,27.8,3.9
26/04/2015,29.0,26.4,27.7,4.2
27/04/2015,29.0,26.3,27.7,4.3
28/04/2015,29.0,26.4,27.7,4.5
29/04/2015,29.0,26.4,27.7,5.4
30/04/2015,29.0,26.4,27.7,6.1
01/05/2015,,,,1.6
02/05/2015,28.6,26.7,27.7,0.2
03/05/2015,28.7,26.3,27.5,0.8
04/05/2015,28.7,26.0,27.4,2.3
05/05/2015,28.5,26.0,27.2,0.7
06/05/2015,28.5,25.9,27.2,0.7
07/05/2015,28.6,26.1,27.3,1.6
08/05/2015,28.4,26.1,27.3,1.0
09/05/2015,28.4,26.2,27.3,1.4
10/05/2015,28.6,26.2,27.4,3.5
11/05/2015,28.5,26.0,27.2,5.1
12/05/2015,28.2,25.9,27.0,5.2
13/05/2015,28.3,26.0,27.1,5.3
14/05/2015,28.2,25.9,27.1,5.6
15/05/2015,28.1,25.9,27.0,2.8
16/05/2015,28.2,26.1,27.1,3.9
17/05/2015,28.2,26.0,27.1,2.5
18/05/2015,28.2,26.1,27.2,3.0
19/05/2015,28.3,26.0,27.1,2.0
20/05/2015,28.3,26.1,27.2,1.5
21/05/2015,28.4,26.2,27.3,1.3
22/05/2015,28.3,26.1,27.2,1.1
23/05/2015,28.3,26.2,27.2,1.0
24/05/2015,28.3,26.2,27.2,1.1
25/05/2015,28.3,26.1,27.2,1.2
26/05/2015,28.3,26.1,27.2,1.0
27/05/2015,28.4,26.2,27.3,1.0
28/05/2015,28.4,26.2,27.3,1.1
29/05/2015,28.4,26.1,27.2,1.2
30/05/2015,28.4,26.0,27.2,0.9
31/05/2015,28.5,26.0,27.3,1.3
01/06/2015,,,,1.3
02/06/2015,28.4,25.9,27.2,4.8
03/06/2015,27.6,25.6,26.6,2.5
04/06/2015,28.0,26.1,27.0,0.8
05/06/2015,28.0,26.0,27.0,1.3
06/06/2015,27.9,26.2,27.0,3.7
07/06/2015,27.8,25.8,26.8,4.2
08/06/2015,27.5,25.7,26.6,2.7
09/06/2015,27.5,25.7,26.6,2.0
10/06/2015,27.5,25.7,26.6,1.8
11/06/2015,27.5,25.6,26.6,1.5
12/06/2015,27.5,25.7,26.6,1.9
13/06/2015,27.4,25.5,26.4,2.0
14/06/2015,27.4,25.5,26.5,2.0
15/06/2015,27.4,25.6,26.5,1.7
16/06/2015,27.4,25.6,26.5,1.2
17/06/2015,27.6,25.6,26.6,0.8
18/06/2015,27.5,25.6,26.5,1.1
19/06/2015,27.5,25.3,26.4,0.9
20/06/2015,27.4,25.2,26.3,0.9
21/06/2015,27.3,25.2,26.2,1.2
22/06/2015,27.2,25.1,26.2,1.1
23/06/2015,27.2,25.1,26.1,1.3
24/06/2015,27.1,25.1,26.1,1.1
25/06/2015,27.4,25.2,26.3,1.6
26/06/2015,27.3,25.0,26.1,1.4
27/06/2015,27.3,25.2,26.2,1.1
28/06/2015,27.3,25.1,26.2,1.0
29/06/2015,27.2,25.0,26.1,1.7
30/06/2015,27.1,24.8,26.0,1.5
01/07/2015,,,,0.9
02/07/2015,27.0,24.1,25.5,1.2
03/07/2015,26.9,24.3,25.6,1.4
04/07/2015,26.6,24.1,25.4,1.0
05/07/2015,26.0,23.9,24.9,1.9
06/07/2015,26.2,23.6,24.9,1.6
07/07/2015,26.3,24.0,25.1,1.0
08/07/2015,26.3,24.2,25.3,0.6
09/07/2015,26.6,24.2,25.4,0.6
10/07/2015,27.0,24.3,25.7,0.4
11/07/2015,27.1,24.3,25.7,0.4
12/07/2015,27.3,24.5,25.9,0.3
13/07/2015,27.3,24.6,26.0,0.4
14/07/2015,27.2,24.7,26.0,0.6
15/07/2015,27.2,24.7,25.9,0.5
16/07/2015,27.0,24.6,25.8,0.7
17/07/2015,27.0,24.6,25.8,0.7
18/07/2015,27.0,24.6,25.8,0.6
19/07/2015,27.2,24.7,25.9,0.5
20/07/2015,27.2,24.7,25.9,0.7
21/07/2015,27.2,24.8,26.0,0.7
22/07/2015,27.1,24.8,25.9,0.8
23/07/2015,27.0,24.7,25.9,0.6
24/07/2015,27.0,24.7,25.8,0.5
25/07/2015,27.1,24.5,25.8,0.7
26/07/2015,27.0,24.5,25.8,0.6
27/07/2015,27.0,24.4,25.7,0.5
28/07/2015,27.0,24.4,25.7,0.6
29/07/2015,27.0,24.4,25.7,0.6
30/07/2015,27.0,24.4,25.7,0.6
31/07/2015,26.9,24.5,25.7,0.7
01/08/2015,,,,0.5
02/08/2015,26.5,24.0,25.3,0.6
03/08/2015,26.6,23.9,25.3,0.9
04/08/2015,26.4,23.9,25.1,1.3
05/08/2015,26.4,23.5,24.9,2.1
06/08/2015,25.8,23.1,24.4,1.8
07/08/2015,26.0,23.6,24.8,1.2
08/08/2015,26.3,24.0,25.2,0.7
09/08/2015,26.5,24.2,25.3,0.5
10/08/2015,26.6,24.3,25.4,0.3
11/08/2015,26.7,24.2,25.4,0.2
12/08/2015,26.7,24.0,25.4,0.2
13/08/2015,26.7,23.9,25.3,0.1
14/08/2015,26.7,24.0,25.3,0.2
15/08/2015,26.6,24.0,25.3,0.2
16/08/2015,26.7,23.9,25.3,0.2
17/08/2015,26.8,23.9,25.4,0.3
18/08/2015,26.9,24.0,25.5,0.4
19/08/2015,26.9,24.0,25.4,0.3
20/08/2015,26.8,24.1,25.5,0.4
21/08/2015,26.9,24.3,25.6,0.5
22/08/2015,26.9,24.3,25.6,0.3
23/08/2015,27.0,24.2,25.6,0.2
24/08/2015,27.0,24.1,25.6,0.4
25/08/2015,27.0,24.2,25.6,0.4
26/08/2015,27.1,24.1,25.6,0.3
27/08/2015,27.1,24.1,25.6,0.3
28/08/2015,27.0,23.9,25.5,0.2
29/08/2015,26.9,24.0,25.4,0.2
30/08/2015,27.1,23.9,25.5,0.2
31/08/2015,27.2,24.0,25.6,0.2
01/09/2015,,,,0.0
02/09/2015,27.6,23.5,25.5,0.0
03/09/2015,27.3,23.9,25.6,0.0
04/09/2015,27.8,24.3,26.1,0.0
05/09/2015,27.7,24.2,26.0,0.0
06/09/2015,27.9,24.2,26.0,0.0
07/09/2015,27.8,24.2,26.0,0.1
08/09/2015,27.6,24.5,26.0,0.1
09/09/2015,27.4,24.5,25.9,0.3
10/09/2015,27.2,24.6,25.9,0.4
11/09/2015,27.3,24.6,26.0,0.4
12/09/2015,27.4,24.7,26.0,0.3
13/09/2015,27.4,24.7,26.0,0.3
14/09/2015,27.5,24.6,26.1,0.2
15/09/2015,27.7,24.5,26.1,0.1
16/09/2015,27.8,24.5,26.1,0.1
17/09/2015,27.8,24.4,26.1,0.1
18/09/2015,27.8,24.4,26.1,0.2
19/09/2015,27.8,24.4,26.1,0.2
20/09/2015,27.8,24.5,26.1,0.1
21/09/2015,27.8,24.4,26.1,0.1
22/09/2015,27.9,24.4,26.1,0.2
23/09/2015,28.0,24.4,26.2,0.1
24/09/2015,28.1,24.5,26.3,0.1
25/09/2015,28.2,24.5,26.3,0.2
26/09/2015,28.2,24.5,26.3,0.1
27/09/2015,28.2,24.5,26.3,0.0
28/09/2015,28.2,24.6,26.4,0.1
29/09/2015,28.2,24.5,26.4,0.1
30/09/2015,28.3,24.6,26.4,0.1
01/10/2015,,,,0.1
02/10/2015,28.1,25.0,26.6,0.1
03/10/2015,27.8,25.2,26.5,0.7
04/10/2015,27.6,25.1,26.4,0.2
05/10/2015,27.9,24.9,26.4,0.2
06/10/2015,27.9,24.7,26.3,0.1
07/10/2015,28.0,24.8,26.4,0.1
08/10/2015,28.0,25.0,26.5,0.2
09/10/2015,28.0,25.1,26.6,0.3
10/10/2015,28.1,25.0,26.6,0.3
11/10/2015,28.2,24.8,26.5,0.1
12/10/2015,28.3,24.8,26.5,0.1
13/10/2015,28.3,24.8,26.6,0.0
14/10/2015,28.4,24.6,26.5,0.1
15/10/2015,28.5,24.6,26.5,0.1
16/10/2015,28.7,24.4,26.5,0.1
17/10/2015,28.7,24.5,26.6,0.1
18/10/2015,28.7,24.6,26.6,0.1
19/10/2015,28.7,24.5,26.6,0.1
20/10/2015,28.8,24.6,26.7,0.1
21/10/2015,28.9,24.9,26.9,0.2
22/10/2015,28.9,25.0,26.9,0.1
23/10/2015,28.9,24.9,26.9,0.2
24/10/2015,28.9,25.2,27.0,0.3
25/10/2015,28.8,25.2,27.0,0.3
26/10/2015,28.8,25.3,27.0,0.2
27/10/2015,28.9,25.2,27.0,0.2
28/10/2015,28.9,25.3,27.1,0.2
29/10/2015,29.1,25.4,27.2,0.2
30/10/2015,29.1,25.3,27.2,0.1
31/10/2015,29.2,25.4,27.3,0.1
01/11/2015,,,,0.3
02/11/2015,29.1,25.5,27.3,0.8
03/11/2015,29.2,25.5,27.4,1.5
04/11/2015,29.2,25.8,27.5,1.2
05/11/2015,29.7,25.8,27.7,0.9
06/11/2015,29.9,25.8,27.8,2.0
07/11/2015,29.6,26.0,27.8,1.7
08/11/2015,29.6,26.0,27.8,1.7
09/11/2015,29.9,26.1,28.0,1.3
10/11/2015,30.1,26.1,28.1,1.1
11/11/2015,30.2,26.1,28.2,0.8
12/11/2015,30.1,26.3,28.2,0.9
13/11/2015,30.2,26.3,28.2,0.4
14/11/2015,30.2,26.3,28.2,0.4
15/11/2015,30.2,26.3,28.3,0.5
16/11/2015,30.3,26.4,28.3,0.6
17/11/2015,30.4,26.3,28.4,0.7
18/11/2015,30.4,26.5,28.4,0.7
19/11/2015,30.5,26.6,28.5,0.8
20/11/2015,30.6,26.6,28.6,1.0
21/11/2015,30.7,26.6,28.6,0.8
22/11/2015,30.7,26.7,28.7,0.7
23/11/2015,30.8,26.7,28.8,1.1
24/11/2015,30.7,26.9,28.8,1.5
25/11/2015,30.8,26.8,28.8,1.4
26/11/2015,30.5,26.9,28.7,1.6
27/11/2015,30.6,27.0,28.8,1.7
28/11/2015,30.5,26.9,28.7,2.0
29/11/2015,30.6,26.9,28.7,1.9
30/11/2015,30.6,27.0,28.8,2.7
01/12/2015,,,,1.6
02/12/2015,31.3,26.8,29.0,3.0
03/12/2015,30.2,26.7,28.5,2.6
04/12/2015,30.2,26.9,28.5,1.9
05/12/2015,30.7,27.0,28.8,2.0
06/12/2015,30.5,27.0,28.7,1.6
07/12/2015,30.8,27.2,29.0,2.8
08/12/2015,30.7,27.1,28.9,2.3
09/12/2015,30.7,27.3,29.0,0.8
10/12/2015,30.9,27.2,29.1,0.6
11/12/2015,31.0,27.3,29.2,0.7
12/12/2015,31.1,27.2,29.2,1.0
13/12/2015,31.0,27.2,29.1,1.4
14/12/2015,31.1,27.2,29.2,1.9
15/12/2015,31.0,27.4,29.2,2.1
16/12/2015,31.1,27.2,29.1,2.5
17/12/2015,31.0,27.3,29.2,4.3
18/12/2015,30.8,27.0,28.9,3.9
19/12/2015,30.6,27.1,28.8,5.1
20/12/2015,30.5,27.1,28.8,7.4
21/12/2015,30.2,26.9,28.5,9.2
22/12/2015,30.0,26.9,28.5,8.5
23/12/2015,29.8,26.8,28.3,9.4
24/12/2015,29.7,26.7,28.2,11.7
25/12/2015,29.6,26.6,28.1,9.2
26/12/2015,29.5,26.9,28.2,11.2
27/12/2015,29.7,26.8,28.3,12.6
28/12/2015,29.7,26.5,28.1,11.9
29/12/2015,29.3,26.5,27.9,13.9
30/12/2015,29.2,26.6,27.9,9.8
31/12/2015,29.4,26.6,28.0,10.9
01/01/2016,,,,1.9
02/01/2016,28.9,26.4,27.6,0.8
03/01/2016,29.4,27.0,28.2,1.2
04/01/2016,29.6,26.8,28.2,1.4
05/01/2016,29.6,26.8,28.2,1.7
06/01/2016,29.5,26.7,28.1,1.1
07/01/2016,29.7,26.7,28.2,1.0
08/01/2016,29.8,26.9,28.4,1.0
09/01/2016,30.0,26.8,28.4,1.4
10/01/2016,30.0,26.8,28.4,1.3
11/01/2016,30.0,26.6,28.3,1.5
12/01/2016,30.0,26.6,28.3,1.5
13/01/2016,30.0,26.9,28.4,1.9
14/01/2016,30.0,26.9,28.4,2.4
15/01/2016,30.0,26.9,28.4,2.9
16/01/2016,30.0,26.8,28.4,4.6
17/01/2016,29.9,26.7,28.3,3.8
18/01/2016,29.9,26.9,28.4,4.8
19/01/2016,30.0,26.9,28.5,4.6
20/01/2016,29.9,26.9,28.4,6.7
21/01/2016,29.8,26.7,28.3,7.4
22/01/2016,29.6,26.7,28.1,8.6
23/01/2016,29.5,26.5,28.0,10.2
24/01/2016,29.3,26.5,27.9,13.3
25/01/2016,29.2,26.4,27.8,9.5
26/01/2016,29.2,26.4,27.8,10.1
27/01/2016,29.2,26.6,27.9,9.2
28/01/2016,29.3,26.7,28.0,10.5
29/01/2016,29.2,26.6,27.9,11.9
30/01/2016,29.3,26.5,27.9,16.7
31/01/2016,29.1,26.3,27.7,12.8
01/02/2016,,,,5.0
02/02/2016,29.6,26.8,28.2,11.1
03/02/2016,29.2,26.3,27.8,9.1
04/02/2016,28.8,26.5,27.6,14.6
05/02/2016,28.9,26.1,27.5,30.3
06/02/2016,28.3,25.7,27.0,26.4
07/02/2016,28.0,25.8,26.9,17.8
08/02/2016,28.1,25.9,27.0,13.3
09/02/2016,28.3,26.1,27.2,10.6
10/02/2016,28.7,26.5,27.6,12.2
11/02/2016,28.8,26.5,27.7,14.3
12/02/2016,28.8,26.4,27.6,11.3
13/02/2016,28.8,26.4,27.6,11.4
14/02/2016,28.7,26.4,27.5,9.0
15/02/2016,28.7,26.3,27.5,11.4
16/02/2016,28.7,26.2,27.5,11.3
17/02/2016,28.6,26.2,27.4,10.5
18/02/2016,28.6,26.3,27.5,10.1
19/02/2016,28.6,26.4,27.5,8.0
20/02/2016,28.9,26.3,27.6,7.1
21/02/2016,28.9,26.4,27.6,5.9
22/02/2016,29.0,26.6,27.8,7.0
23/02/2016,28.9,26.3,27.6,7.1
24/02/2016,28.9,26.4,27.7,7.3
25/02/2016,29.0,26.5,27.7,8.5
26/02/2016,28.9,26.3,27.6,8.9
27/02/2016,29.0,26.4,27.7,9.0
28/02/2016,28.8,26.3,27.5,8.1
29/02/2016,29.0,26.4,27.7,5.4
01/03/2016,,,,10.5
02/03/2016,29.0,26.2,27.6,1.9
03/03/2016,29.5,26.9,28.2,1.7
04/03/2016,29.7,27.1,28.4,2.5
05/03/2016,29.8,26.9,28.3,4.4
06/03/2016,29.5,26.8,28.1,6.3
07/03/2016,29.2,26.7,27.9,6.5
08/03/2016,29.3,26.5,27.9,6.2
09/03/2016,29.3,26.7,28.0,6.8
10/03/2016,29.4,26.8,28.1,10.1
11/03/2016,29.3,26.6,27.9,11.5
12/03/2016,29.0,26.5,27.7,9.9
13/03/2016,29.0,26.5,27.8,10.4
14/03/2016,29.1,26.6,27.9,9.8
15/03/2016,29.2,26.7,27.9,7.2
16/03/2016,29.3,26.8,28.0,10.6
17/03/2016,29.3,26.6,27.9,13.7
18/03/2016,29.1,26.4,27.8,11.2
19/03/2016,28.9,26.4,27.7,12.5
20/03/2016,28.8,26.3,27.6,13.2
21/03/2016,28.9,26.2,27.6,12.5
22/03/2016,28.8,26.2,27.5,10.9
23/03/2016,28.8,26.3,27.6,11.3
24/03/2016,28.9,26.4,27.7,13.2
25/03/2016,28.8,26.3,27.5,9.1
26/03/2016,29.0,26.4,27.7,10.9
27/03/2016,29.0,26.4,27.7,6.9
28/03/2016,29.1,26.4,27.8,9.1
29/03/2016,29.1,26.5,27.8,7.2
30/03/2016,29.1,26.5,27.8,7.3
31/03/2016,29.2,26.5,27.9,7.2
01/04/2016,,,,1.2
02/04/2016,29.4,27.1,28.3,1.6
03/04/2016,29.5,27.0,28.2,7.3
04/04/2016,29.2,26.2,27.7,9.7
05/04/2016,28.8,26.2,27.5,5.8
06/04/2016,29.2,26.4,27.8,3.9
07/04/2016,29.5,26.7,28.1,3.8
08/04/2016,29.6,26.6,28.1,4.3
09/04/2016,29.4,26.5,28.0,3.0
10/04/2016,29.4,26.7,28.1,3.0
11/04/2016,29.5,26.9,28.2,3.7
12/04/2016,29.6,26.9,28.2,4.3
13/04/2016,29.4,26.8,28.1,4.1
14/04/2016,29.4,26.8,28.1,5.6
15/04/2016,29.3,26.7,28.0,5.2
16/04/2016,29.3,26.6,28.0,5.8
17/04/2016,29.2,26.7,27.9,6.0
18/04/2016,29.2,26.6,27.9,8.6
19/04/2016,29.2,26.5,27.9,7.2
20/04/2016,29.2,26.6,27.9,6.5
21/04/2016,29.2,26.7,27.9,5.8
22/04/2016,29.3,26.6,28.0,6.9
23/04/2016,29.2,26.7,28.0,9.2
24/04/2016,29.2,26.6,27.9,6.5
25/04/2016,29.2,26.8,28.0,6.4
26/04/2016,29.4,26.7,28.0,7.2
27/04/2016,29.1,26.6,27.9,7.6
28/04/2016,29.1,26.7,27.9,6.3
29/04/2016,29.3,26.6,27.9,7.0
30/04/2016,29.2,26.8,28.0,7.6
01/05/2016,,,,10.4
02/05/2016,28.8,26.3,27.5,7.3
03/05/2016,29.1,26.3,27.7,6.6
04/05/2016,29.3,26.3,27.8,8.4
05/05/2016,29.2,26.1,27.6,9.3
06/05/2016,28.9,26.0,27.5,8.1
07/05/2016,28.7,26.2,27.4,7.4
08/05/2016,28.9,26.3,27.6,6.5
09/05/2016,29.1,26.5,27.8,8.6
10/05/2016,29.2,26.5,27.8,7.1
11/05/2016,28.9,26.5,27.7,6.9
12/05/2016,29.0,26.6,27.8,7.2
13/05/2016,29.0,26.4,27.7,8.1
14/05/2016,28.8,26.5,27.7,7.7
15/05/2016,28.8,26.3,27.6,7.2
16/05/2016,28.7,26.4,27.6,8.9
17/05/2016,28.7,26.4,27.5,8.5
18/05/2016,28.7,26.5,27.6,7.1
19/05/2016,28.8,26.6,27.7,7.2
20/05/2016,28.7,26.6,27.7,6.2
21/05/2016,28.8,26.8,27.8,5.6
22/05/2016,28.9,26.9,27.9,6.1
23/05/2016,28.8,26.7,27.8,7.7
24/05/2016,28.8,26.7,27.7,9.7
25/05/2016,28.6,26.5,27.5,6.4
26/05/2016,28.7,26.5,27.6,8.2
27/05/2016,28.7,26.5,27.6,9.6
28/05/2016,28.7,26.5,27.6,7.0
29/05/2016,28.7,26.6,27.7,7.5
30/05/2016,28.6,26.4,27.5,9.3
31/05/2016,28.5,26.3,27.4,7.6
01/06/2016,,,,2.3
02/06/2016,,26.6,,2.1
03/06/2016,,26.6,,2.1
04/06/2016,,26.6,,0.5
05/06/2016,,26.5,,0.4
06/06/2016,,26.6,,0.8
07/06/2016,,26.5,,0.6
08/06/2016,,26.6,,0.5
09/06/2016,,26.6,,2.5
10/06/2016,,26.2,,3.3
11/06/2016,,26.2,,5.5
12/06/2016,,26.1,,7.6
13/06/2016,,25.9,,6.4
14/06/2016,,25.8,,5.7
15/06/2016,,25.9,,6.9
16/06/2016,,25.7,,4.8
17/06/2016,,25.9,,5.1
18/06/2016,,25.8,,4.6
19/06/2016,,25.8,,4.3
20/06/2016,,25.8,,4.9
21/06/2016,,25.7,,5.1
22/06/2016,,25.9,,6.0
23/06/2016,,25.6,,7.0
24/06/2016,,25.7,,8.1
25/06/2016,,25.7,,5.3
26/06/2016,,25.7,,5.8
27/06/2016,,25.6,,3.3
28/06/2016,,25.8,,3.9
29/06/2016,,25.7,,4.0
30/06/2016,,25.8,,5.3
01/07/2016,,,,1.4
02/07/2016,27.5,25.6,26.6,1.0
03/07/2016,27.5,25.3,26.4,0.8
04/07/2016,27.6,25.5,26.6,1.3
05/07/2016,27.3,25.4,26.4,1.5
06/07/2016,27.3,25.4,26.3,2.9
07/07/2016,27.1,25.3,26.2,3.2
08/07/2016,27.1,25.4,26.2,3.3
09/07/2016,27.2,25.5,26.4,4.3
10/07/2016,27.4,25.6,26.5,5.3
11/07/2016,27.2,25.4,26.3,4.2
12/07/2016,27.2,25.3,26.3,1.7
13/07/2016,27.2,25.4,26.3,2.1
14/07/2016,27.2,25.4,26.3,1.8
15/07/2016,27.0,25.3,26.1,2.2
16/07/2016,26.9,25.3,26.1,2.0
17/07/2016,27.1,25.3,26.2,2.0
18/07/2016,27.0,25.3,26.2,1.3
19/07/2016,27.1,25.3,26.2,1.0
20/07/2016,27.0,25.2,26.1,1.3
21/07/2016,27.1,25.2,26.1,1.3
22/07/2016,27.1,25.3,26.2,1.3
23/07/2016,27.2,25.2,26.2,2.5
24/07/2016,27.0,25.1,26.1,1.3
25/07/2016,27.1,25.2,26.1,1.3
26/07/2016,27.2,25.1,26.1,2.3
27/07/2016,27.0,25.0,26.0,1.4
28/07/2016,27.1,25.0,26.1,1.1
29/07/2016,27.1,25.1,26.1,1.6
30/07/2016,27.1,25.1,26.1,0.8
31/07/2016,27.2,25.2,26.2,1.3
01/08/2016,,,,0.8
02/08/2016,27.5,25.1,26.3,0.7
03/08/2016,27.3,25.2,26.3,0.5
04/08/2016,27.0,25.0,26.0,0.3
05/08/2016,26.4,24.8,25.6,0.8
06/08/2016,26.7,24.7,25.7,2.3
07/08/2016,27.0,24.7,25.9,2.0
08/08/2016,26.9,25.0,25.9,0.8
09/08/2016,27.0,25.1,26.1,0.7
10/08/2016,27.1,25.0,26.0,0.4
11/08/2016,27.1,24.9,26.0,0.5
12/08/2016,27.0,24.9,25.9,0.4
13/08/2016,27.1,25.0,26.0,0.7
14/08/2016,27.1,25.0,26.1,0.7
15/08/2016,27.2,24.9,26.0,0.7
16/08/2016,27.2,25.0,26.1,0.5
17/08/2016,27.2,24.9,26.0,0.4
18/08/2016,27.1,24.7,25.9,0.4
19/08/2016,27.3,24.7,26.0,0.3
20/08/2016,27.3,24.7,26.0,0.3
21/08/2016,27.3,24.7,26.0,0.3
22/08/2016,27.3,24.6,26.0,3.2
23/08/2016,27.4,24.6,26.0,0.3
24/08/2016,27.4,24.6,26.0,0.3
25/08/2016,27.4,24.8,26.1,0.4
26/08/2016,27.4,24.8,26.1,0.3
27/08/2016,27.5,24.8,26.2,0.5
28/08/2016,27.6,24.9,26.2,0.6
29/08/2016,27.6,24.8,26.2,0.6
30/08/2016,27.6,24.9,26.2,0.8
31/08/2016,27.7,25.0,26.3,0.8
01/09/2016,,,,0.1
02/09/2016,27.9,24.9,26.4,0.1
03/09/2016,28.2,24.7,26.5,0.3
04/09/2016,28.5,25.5,27.0,1.2
05/09/2016,28.4,25.7,27.0,2.9
06/09/2016,27.9,25.7,26.8,2.0
07/09/2016,27.9,25.7,26.8,0.8
08/09/2016,28.3,25.9,27.1,0.6
09/09/2016,28.3,25.6,26.9,0.4
10/09/2016,28.3,25.5,26.9,0.2
11/09/2016,28.4,25.6,27.0,0.3
12/09/2016,28.3,25.4,26.9,0.4
13/09/2016,28.5,25.5,27.0,1.1
14/09/2016,28.4,25.5,27.0,0.4
15/09/2016,28.4,25.5,26.9,0.6
16/09/2016,28.5,25.6,27.0,0.3
17/09/2016,28.8,25.7,27.2,0.5
18/09/2016,28.8,25.8,27.3,1.4
19/09/2016,28.9,25.8,27.3,1.1
20/09/2016,28.9,25.6,27.3,0.7
21/09/2016,28.9,25.7,27.3,0.8
22/09/2016,28.9,25.7,27.3,0.7
23/09/2016,29.0,25.6,27.3,0.7
24/09/2016,29.0,25.6,27.3,0.7
25/09/2016,29.0,25.6,27.3,1.1
26/09/2016,28.9,25.8,27.4,1.4
27/09/2016,28.9,25.8,27.3,1.7
28/09/2016,29.0,25.8,27.4,2.0
29/09/2016,29.0,25.7,27.3,1.6
30/09/2016,29.0,25.8,27.4,1.3
01/10/2016,,,,0.9
02/10/2016,29.7,26.6,28.2,0.7
03/10/2016,29.9,26.6,28.3,0.8
04/10/2016,29.9,26.6,28.3,2.3
05/10/2016,29.7,26.2,28.0,9.2
06/10/2016,28.5,25.7,27.1,10.0
07/10/2016,28.5,25.8,27.2,8.7
08/10/2016,28.6,25.9,27.2,4.0
09/10/2016,28.7,26.0,27.3,3.2
10/10/2016,28.6,26.0,27.3,2.8
11/10/2016,28.9,26.3,27.6,3.3
12/10/2016,29.3,26.5,27.9,3.4
13/10/2016,29.6,26.5,28.0,3.1
14/10/2016,29.6,26.4,28.0,2.4
15/10/2016,29.8,26.3,28.0,1.5
16/10/2016,29.8,26.5,28.2,2.0
17/10/2016,29.7,26.6,28.1,3.0
18/10/2016,29.6,26.5,28.1,2.9
19/10/2016,29.7,26.7,28.2,3.2
20/10/2016,29.6,26.7,28.1,2.9
21/10/2016,29.7,26.6,28.1,3.3
22/10/2016,29.6,26.6,28.1,3.5
23/10/2016,29.6,26.7,28.1,3.4
24/10/2016,29.7,26.6,28.2,3.6
25/10/2016,29.6,26.5,28.1,3.1
26/10/2016,29.7,26.6,28.2,4.5
27/10/2016,29.8,26.6,28.2,2.7
28/10/2016,29.8,26.7,28.3,5.0
29/10/2016,29.8,26.6,28.2,3.3
30/10/2016,29.8,26.7,28.2,3.7
31/10/2016,29.9,26.6,28.2,2.8
01/11/2016,,,,0.1
02/11/2016,29.7,26.3,28.0,0.2
03/11/2016,29.7,26.5,28.1,1.0
04/11/2016,30.0,26.8,28.4,4.5
05/11/2016,29.3,26.5,27.9,1.0
06/11/2016,30.0,27.0,28.5,0.7
07/11/2016,30.7,26.9,28.8,0.8
08/11/2016,30.7,26.9,28.8,0.7
09/11/2016,30.9,27.1,29.0,0.9
10/11/2016,30.8,27.0,28.9,1.3
11/11/2016,30.8,27.1,28.9,1.9
12/11/2016,30.7,27.0,28.9,1.9
13/11/2016,30.6,27.0,28.8,2.3
14/11/2016,30.4,27.0,28.7,2.8
15/11/2016,30.3,27.0,28.7,2.7
16/11/2016,30.4,26.9,28.6,3.4
17/11/2016,30.2,26.9,28.6,5.0
18/11/2016,30.0,26.8,28.4,3.9
19/11/2016,30.0,26.8,28.4,4.6
20/11/2016,30.2,26.6,28.4,5.9
21/11/2016,30.1,26.7,28.4,4.8
22/11/2016,30.1,26.7,28.4,5.4
23/11/2016,29.9,26.7,28.3,5.1
24/11/2016,29.8,26.6,28.2,5.4
25/11/2016,29.8,26.7,28.3,6.0
26/11/2016,29.9,26.7,28.3,4.5
27/11/2016,30.1,26.7,28.4,4.9
28/11/2016,29.9,26.8,28.4,7.6
29/11/2016,29.9,26.8,28.4,6.4
30/11/2016,29.9,26.7,28.3,7.2
01/12/2016,,,,4.9
02/12/2016,31.3,26.6,28.9,4.8
03/12/2016,29.8,26.7,28.2,5.2
04/12/2016,30.0,26.6,28.3,2.9
05/12/2016,30.1,26.8,28.4,0.9
06/12/2016,30.6,27.0,28.8,1.6
07/12/2016,30.5,26.8,28.7,2.9
08/12/2016,30.0,26.6,28.3,2.7
09/12/2016,30.2,26.8,28.5,4.0
10/12/2016,30.1,26.7,28.4,6.5
11/12/2016,29.9,26.5,28.2,5.6
12/12/2016,29.8,26.7,28.2,9.7
13/12/2016,29.7,26.4,28.0,11.3
14/12/2016,29.5,26.2,27.9,12.1
15/12/2016,29.2,26.2,27.7,15.8
16/12/2016,29.2,26.2,27.7,18.3
17/12/2016,28.9,25.9,27.4,16.2
18/12/2016,28.8,26.0,27.4,14.7
19/12/2016,28.8,26.0,27.4,16.1
20/12/2016,28.8,26.1,27.5,10.5
21/12/2016,29.2,26.1,27.6,13.8
22/12/2016,29.0,26.2,27.6,14.1
23/12/2016,28.8,26.2,27.5,14.0
24/12/2016,28.8,26.2,27.5,12.6
25/12/2016,28.8,26.1,27.4,12.5
26/12/2016,28.9,26.4,27.6,9.0
27/12/2016,29.0,26.4,27.7,13.8
28/12/2016,28.9,26.1,27.5,13.0
29/12/2016,28.8,26.1,27.4,12.6
30/12/2016,29.0,26.2,27.6,11.1
31/12/2016,28.8,26.2,27.5,12.1
01/01/2017,,,,4.3
02/01/2017,29.0,26.3,27.7,4.2
03/01/2017,29.1,26.5,27.8,4.7
04/01/2017,29.0,26.6,27.8,6.5
05/01/2017,29.1,26.8,28.0,11.3
06/01/2017,29.0,26.5,27.8,10.1
07/01/2017,28.8,26.4,27.6,12.8
08/01/2017,28.8,26.2,27.5,14.9
09/01/2017,28.5,25.9,27.2,18.2
10/01/2017,28.1,25.7,26.9,16.5
11/01/2017,28.1,25.8,26.9,12.8
12/01/2017,28.1,26.0,27.1,13.3
13/01/2017,28.4,25.9,27.2,10.0
14/01/2017,28.5,25.9,27.2,10.4
15/01/2017,28.3,26.0,27.2,9.9
16/01/2017,28.5,26.0,27.3,12.7
17/01/2017,28.5,25.8,27.2,11.0
18/01/2017,28.4,26.0,27.2,14.3
19/01/2017,28.5,26.0,27.2,12.8
20/01/2017,28.5,26.0,27.2,13.1
21/01/2017,28.4,26.1,27.2,14.1
22/01/2017,28.5,26.0,27.3,13.3
23/01/2017,28.4,25.9,27.1,13.7
24/01/2017,28.3,25.9,27.1,13.5
25/01/2017,28.3,25.9,27.1,13.6
26/01/2017,28.4,26.0,27.2,10.7
27/01/2017,28.3,26.1,27.2,10.4
28/01/2017,28.5,26.1,27.3,14.1
29/01/2017,28.3,26.0,27.1,13.0
30/01/2017,28.4,25.9,27.2,12.3
31/01/2017,28.3,26.0,27.2,10.4
01/02/2017,,,,8.2
02/02/2017,28.3,25.7,27.0,10.7
03/02/2017,28.6,26.1,27.3,16.8
04/02/2017,28.2,26.0,27.1,17.7
05/02/2017,28.0,26.1,27.0,14.9
06/02/2017,28.4,26.1,27.2,11.1
07/02/2017,28.6,26.2,27.4,11.2
08/02/2017,28.3,26.2,27.3,10.2
09/02/2017,28.4,26.0,27.2,9.0
10/02/2017,28.4,26.0,27.2,11.2
11/02/2017,28.4,25.9,27.2,10.1
12/02/2017,28.5,26.0,27.2,7.0
13/02/2017,28.6,26.2,27.4,8.7
14/02/2017,28.6,26.1,27.4,8.0
15/02/2017,28.6,26.1,27.3,7.0
16/02/2017,28.6,26.1,27.3,5.9
17/02/2017,28.6,26.2,27.4,8.3
18/02/2017,28.8,26.1,27.4,6.4
19/02/2017,28.6,26.1,27.4,8.6
20/02/2017,28.7,26.0,27.4,9.8
21/02/2017,28.7,25.8,27.3,9.8
22/02/2017,28.4,25.8,27.1,10.1
23/02/2017,28.4,26.0,27.2,10.7
24/02/2017,28.6,26.0,27.3,11.4
25/02/2017,28.4,25.9,27.1,8.8
26/02/2017,28.4,26.0,27.2,10.2
27/02/2017,28.5,26.0,27.3,12.1
28/02/2017,28.4,25.9,27.2,11.1
01/03/2017,,,,17.4
02/03/2017,28.2,25.3,26.8,20.7
03/03/2017,27.8,25.3,26.5,18.2
04/03/2017,28.0,25.4,26.7,9.9
05/03/2017,28.1,25.8,27.0,5.6
06/03/2017,28.7,26.1,27.4,8.2
07/03/2017,28.7,26.1,27.4,12.6
08/03/2017,28.6,25.8,27.2,11.2
09/03/2017,28.7,25.8,27.3,9.6
10/03/2017,28.6,25.8,27.2,10.5
11/03/2017,28.6,25.8,27.2,11.7
12/03/2017,28.5,25.7,27.1,10.9
13/03/2017,28.4,25.7,27.1,9.8
14/03/2017,28.3,25.6,27.0,12.6
15/03/2017,28.3,25.6,26.9,14.0
16/03/2017,28.1,25.5,26.8,13.0
17/03/2017,28.2,25.6,26.9,13.1
18/03/2017,28.3,25.6,27.0,10.1
19/03/2017,28.6,25.8,27.2,7.6
20/03/2017,28.9,26.0,27.5,8.9
21/03/2017,28.7,26.0,27.4,11.8
22/03/2017,28.5,25.7,27.1,12.4
23/03/2017,28.4,25.7,27.1,12.6
24/03/2017,28.6,25.8,27.2,8.4
25/03/2017,28.7,25.9,27.3,7.8
26/03/2017,28.9,26.1,27.5,6.4
27/03/2017,28.9,26.1,27.5,7.8
28/03/2017,29.0,26.2,27.6,8.1
29/03/2017,28.9,26.1,27.5,10.8
30/03/2017,28.8,25.9,27.3,6.5
31/03/2017,28.8,26.1,27.5,7.5
01/04/2017,,,,16.8
02/04/2017,28.1,25.3,26.7,21.1
03/04/2017,27.8,25.1,26.5,10.9
04/04/2017,27.8,25.5,26.7,9.2
05/04/2017,28.5,25.4,27.0,9.0
06/04/2017,28.4,25.6,27.0,14.1
07/04/2017,28.3,25.6,26.9,12.5
08/04/2017,28.4,25.6,27.0,13.5
09/04/2017,28.3,25.7,27.0,11.5
10/04/2017,28.1,25.8,27.0,7.8
11/04/2017,28.5,25.7,27.1,10.6
12/04/2017,28.3,25.7,27.0,8.5
13/04/2017,28.3,25.8,27.0,8.1
14/04/2017,28.7,25.9,27.3,7.2
15/04/2017,28.8,26.1,27.5,8.7
16/04/2017,28.6,25.9,27.3,9.7
17/04/2017,28.5,25.8,27.2,6.4
18/04/2017,28.6,26.0,27.3,10.6
19/04/2017,28.6,25.9,27.2,9.1
20/04/2017,28.4,26.1,27.2,7.6
21/04/2017,28.6,26.0,27.3,7.9
22/04/2017,28.6,25.9,27.2,6.3
23/04/2017,28.7,26.0,27.3,6.9
24/04/2017,28.7,26.2,27.5,7.6
25/04/2017,28.6,26.1,27.3,5.8
26/04/2017,28.7,26.1,27.4,6.3
27/04/2017,28.6,26.0,27.3,5.1
28/04/2017,28.7,26.1,27.4,6.0
29/04/2017,28.6,26.1,27.4,7.2
30/04/2017,28.6,25.9,27.2,8.7
01/05/2017,,,,7.5
02/05/2017,28.5,25.7,27.1,3.4
03/05/2017,28.8,26.2,27.5,3.3
04/05/2017,28.5,25.9,27.2,3.6
05/05/2017,28.3,26.2,27.3,3.1
06/05/2017,28.5,26.3,27.4,3.4
07/05/2017,28.4,26.2,27.3,5.7
08/05/2017,28.3,25.9,27.1,6.0
09/05/2017,28.1,25.9,27.0,5.5
10/05/2017,28.3,25.9,27.1,5.5
11/05/2017,28.4,26.0,27.2,5.8
12/05/2017,28.3,26.1,27.2,5.9
13/05/2017,28.4,26.2,27.3,4.8
14/05/2017,28.5,26.4,27.4,5.3
15/05/2017,28.6,26.4,27.5,5.1
16/05/2017,28.5,26.3,27.4,5.5
17/05/2017,28.4,26.2,27.3,4.1
18/05/2017,28.4,26.4,27.4,5.3
19/05/2017,28.4,26.3,27.4,8.4
20/05/2017,28.4,26.3,27.3,7.4
21/05/2017,28.3,26.3,27.3,7.1
22/05/2017,28.4,26.3,27.4,8.7
23/05/2017,28.3,26.1,27.2,7.0
24/05/2017,28.1,26.0,27.1,9.7
25/05/2017,28.0,25.9,26.9,6.8
26/05/2017,27.9,26.1,27.0,7.2
27/05/2017,28.0,26.1,27.0,7.7
28/05/2017,28.1,26.0,27.1,5.7
29/05/2017,28.0,26.1,27.1,4.8
30/05/2017,28.0,26.0,27.0,4.6
31/05/2017,27.9,26.0,27.0,5.6
01/06/2017,,,,8.0
02/06/2017,27.9,25.5,26.7,21.0
03/06/2017,27.2,25.3,26.3,25.9
04/06/2017,26.9,25.1,26.0,45.9
05/06/2017,26.4,24.7,25.6,34.2
06/06/2017,26.4,24.7,25.6,11.2
07/06/2017,27.1,25.1,26.1,6.3
08/06/2017,27.2,25.5,26.4,5.2
09/06/2017,27.3,25.5,26.4,6.2
10/06/2017,27.4,25.4,26.4,6.5
11/06/2017,27.3,25.4,26.4,7.9
12/06/2017,27.3,25.5,26.4,6.8
13/06/2017,27.3,25.3,26.3,7.8
14/06/2017,27.3,25.4,26.3,6.2
15/06/2017,27.2,25.4,26.3,7.8
16/06/2017,27.1,25.2,26.2,8.1
17/06/2017,27.1,25.3,26.2,7.1
18/06/2017,27.0,25.3,26.1,5.2
19/06/2017,27.0,25.1,26.1,5.6
20/06/2017,26.9,25.1,26.0,5.3
21/06/2017,26.8,25.0,25.9,4.9
22/06/2017,26.9,25.2,26.0,4.5
23/06/2017,27.0,25.2,26.1,4.4
24/06/2017,27.1,25.2,26.1,3.6
25/06/2017,27.0,25.3,26.1,4.1
26/06/2017,27.1,25.2,26.1,1.8
27/06/2017,27.1,25.3,26.2,2.2
28/06/2017,27.0,25.3,26.2,1.6
29/06/2017,27.1,25.4,26.2,1.5
30/06/2017,27.2,25.3,26.2,1.6
01/07/2017,,,,6.3
02/07/2017,26.5,25.0,25.8,5.6
03/07/2017,27.0,24.9,26.0,10.2
04/07/2017,26.9,24.7,25.8,4.8
05/07/2017,27.2,25.1,26.1,3.2
06/07/2017,27.1,25.1,26.1,1.4
07/07/2017,27.4,25.3,26.3,1.2
08/07/2017,27.2,25.2,26.2,0.7
09/07/2017,27.3,25.3,26.3,1.5
10/07/2017,27.2,25.2,26.2,2.8
11/07/2017,27.0,25.1,26.1,2.7
12/07/2017,26.9,25.1,26.0,2.5
13/07/2017,26.8,25.1,26.0,2.5
14/07/2017,26.8,25.1,25.9,2.9
15/07/2017,26.8,25.0,25.9,3.5
16/07/2017,26.9,25.0,25.9,2.6
17/07/2017,26.8,25.0,25.9,1.5
18/07/2017,26.7,24.9,25.8,1.2
19/07/2017,26.8,25.0,25.9,1.3
20/07/2017,26.9,25.0,25.9,2.3
21/07/2017,26.8,25.0,25.9,1.8
22/07/2017,26.8,25.0,25.9,1.5
23/07/2017,26.8,25.0,25.9,1.7
24/07/2017,26.9,24.9,25.9,1.4
25/07/2017,26.8,25.0,25.9,1.1
26/07/2017,26.8,25.0,25.9,1.0
27/07/2017,26.9,25.1,26.0,1.0
28/07/2017,26.9,25.0,26.0,0.9
29/07/2017,27.0,25.0,26.0,0.9
30/07/2017,27.0,24.9,25.9,0.8
31/07/2017,27.0,25.0,26.0,0.6
01/08/2017,,,,0.5
02/08/2017,27.0,25.0,26.0,1.0
03/08/2017,26.9,24.8,25.8,0.5
04/08/2017,27.1,25.1,26.1,1.2
05/08/2017,27.3,25.2,26.2,0.7
06/08/2017,27.6,25.5,26.6,0.9
07/08/2017,27.6,25.5,26.5,0.8
08/08/2017,27.4,25.4,26.4,0.9
09/08/2017,27.2,25.2,26.2,0.5
10/08/2017,27.3,25.2,26.2,0.9
11/08/2017,27.4,25.1,26.2,0.5
12/08/2017,27.3,25.2,26.3,0.6
13/08/2017,27.3,25.2,26.3,0.6
14/08/2017,27.3,25.2,26.3,0.7
15/08/2017,27.2,25.1,26.1,0.6
16/08/2017,27.3,25.1,26.2,0.6
17/08/2017,27.2,25.0,26.1,0.7
18/08/2017,27.3,25.0,26.2,0.6
19/08/2017,27.4,25.1,26.2,0.5
20/08/2017,27.3,25.1,26.2,0.6
21/08/2017,27.3,25.0,26.1,0.5
22/08/2017,27.4,25.0,26.2,0.5
23/08/2017,27.4,25.1,26.3,0.6
24/08/2017,27.5,25.2,26.3,0.7
25/08/2017,27.5,25.1,26.3,0.5
26/08/2017,27.5,25.1,26.3,1.6
27/08/2017,27.5,25.1,26.3,0.6
28/08/2017,27.5,25.0,26.3,0.7
29/08/2017,27.6,25.0,26.3,0.8
30/08/2017,27.5,25.0,26.2,0.9
31/08/2017,27.6,24.9,26.3,0.9
01/09/2017,,,,1.3
02/09/2017,27.9,25.0,26.5,0.7
03/09/2017,28.0,25.2,26.6,0.9
04/09/2017,27.9,25.1,26.5,0.5
05/09/2017,27.8,25.1,26.5,0.5
06/09/2017,27.8,25.4,26.6,1.0
07/09/2017,27.8,25.4,26.6,1.2
08/09/2017,27.7,25.5,26.6,0.8
09/09/2017,28.0,25.5,26.7,1.0
10/09/2017,28.0,25.4,26.7,1.1
11/09/2017,28.0,25.4,26.7,1.5
12/09/2017,28.1,25.4,26.8,1.4
13/09/2017,28.1,25.5,26.8,1.1
14/09/2017,28.1,25.5,26.8,1.3
15/09/2017,28.2,25.4,26.8,1.5
16/09/2017,28.3,25.6,26.9,1.6
17/09/2017,28.2,25.6,26.9,1.7
18/09/2017,28.1,25.6,26.9,1.6
19/09/2017,28.1,25.7,26.9,1.5
20/09/2017,28.1,25.7,26.9,2.7
21/09/2017,28.1,25.6,26.8,2.1
22/09/2017,28.3,25.7,27.0,1.7
23/09/2017,28.3,25.8,27.0,1.3
24/09/2017,28.5,25.8,27.2,0.8
25/09/2017,28.5,25.7,27.1,1.2
26/09/2017,28.7,25.6,27.1,0.9
27/09/2017,28.7,25.7,27.2,1.2
28/09/2017,28.6,25.8,27.2,1.4
29/09/2017,28.7,25.7,27.2,1.3
30/09/2017,28.7,25.8,27.3,1.0
01/10/2017,,,,0.3
02/10/2017,29.6,25.9,27.7,1.9
03/10/2017,29.2,25.7,27.5,0.6
04/10/2017,28.9,26.1,27.5,0.2
05/10/2017,29.0,25.9,27.5,1.4
06/10/2017,29.1,25.8,27.5,2.8
07/10/2017,28.8,26.0,27.4,4.0
08/10/2017,28.8,26.2,27.5,3.3
09/10/2017,28.9,26.0,27.5,1.7
10/10/2017,28.7,26.0,27.3,1.1
11/10/2017,28.9,26.0,27.4,2.0
12/10/2017,29.0,26.2,27.6,2.2
13/10/2017,29.1,26.2,27.6,3.1
14/10/2017,29.0,26.1,27.6,2.9
15/10/2017,29.2,25.9,27.6,3.4
16/10/2017,29.1,25.9,27.5,2.6
17/10/2017,29.2,26.2,27.7,2.7
18/10/2017,29.3,26.3,27.8,1.9
19/10/2017,29.5,26.3,27.9,1.8
20/10/2017,29.6,26.3,28.0,1.5
21/10/2017,29.7,26.3,28.0,2.5
22/10/2017,29.6,26.3,28.0,1.2
23/10/2017,29.8,26.4,28.1,1.6
24/10/2017,30.0,26.5,28.2,1.7
25/10/2017,29.9,26.6,28.3,1.9
26/10/2017,30.0,26.5,28.2,2.1
27/10/2017,30.0,26.6,28.3,1.7
28/10/2017,29.9,26.7,28.3,2.0
29/10/2017,30.0,26.6,28.3,2.5
30/10/2017,30.0,26.6,28.3,1.5
31/10/2017,30.2,26.7,28.5,1.7
01/11/2017,,,,1.6
02/11/2017,29.7,26.8,28.2,0.3
03/11/2017,30.3,26.8,28.6,0.7
04/11/2017,30.2,27.1,28.7,0.8
05/11/2017,30.3,27.2,28.8,0.8
06/11/2017,30.2,27.1,28.7,0.2
07/11/2017,30.3,26.9,28.6,1.9
08/11/2017,30.4,26.6,28.5,1.7
09/11/2017,30.4,26.9,28.6,2.7
10/11/2017,30.2,26.7,28.5,4.3
11/11/2017,29.8,26.6,28.2,5.2
12/11/2017,29.8,26.5,28.1,4.6
13/11/2017,29.9,26.5,28.2,4.3
14/11/2017,30.0,26.5,28.3,3.0
15/11/2017,30.0,26.9,28.5,3.3
16/11/2017,30.0,26.8,28.4,3.8
17/11/2017,30.1,26.7,28.4,3.5
18/11/2017,30.2,26.9,28.5,3.5
19/11/2017,30.0,26.8,28.4,2.7
20/11/2017,30.1,27.0,28.6,3.4
21/11/2017,30.3,26.8,28.5,3.6
22/11/2017,30.1,26.8,28.5,3.8
23/11/2017,30.2,26.9,28.5,3.3
24/11/2017,30.3,26.8,28.5,3.4
25/11/2017,30.1,26.7,28.4,3.1
26/11/2017,30.2,27.0,28.6,4.3
27/11/2017,30.1,26.8,28.5,6.2
28/11/2017,29.9,26.5,28.2,6.0
29/11/2017,29.8,26.7,28.2,7.1
30/11/2017,29.7,26.6,28.1,10.7
01/12/2017,,,,4.6
02/12/2017,29.6,26.4,28.0,3.0
03/12/2017,30.0,26.8,28.4,1.8
04/12/2017,30.0,27.1,28.6,6.5
05/12/2017,29.8,26.6,28.2,11.3
06/12/2017,29.1,26.2,27.7,6.4
07/12/2017,29.6,26.5,28.0,3.8
08/12/2017,29.7,26.7,28.2,1.8
09/12/2017,30.1,27.0,28.6,2.4
10/12/2017,30.0,27.0,28.5,4.5
11/12/2017,29.8,26.7,28.2,6.5
12/12/2017,29.6,26.5,28.1,8.3
13/12/2017,29.4,26.3,27.8,10.7
14/12/2017,29.2,26.2,27.7,12.1
15/12/2017,29.0,26.1,27.5,11.4
16/12/2017,28.9,26.2,27.5,13.6
17/12/2017,28.8,26.0,27.4,16.9
18/12/2017,28.6,26.0,27.3,17.0
19/12/2017,28.6,26.0,27.3,12.8
20/12/2017,28.7,26.2,27.4,13.2
21/12/2017,28.8,26.1,27.4,11.7
22/12/2017,28.8,26.1,27.5,10.2
23/12/2017,28.9,26.2,27.5,10.5
24/12/2017,28.9,26.2,27.5,9.9
25/12/2017,28.7,26.2,27.4,8.8
26/12/2017,28.9,26.4,27.6,8.6
27/12/2017,28.7,26.3,27.5,7.7
28/12/2017,28.9,26.3,27.6,6.5
29/12/2017,29.0,26.4,27.7,7.9
30/12/2017,29.0,26.3,27.7,5.9
31/12/2017,29.1,26.4,27.8,6.9
01/01/2018,,,,3.1
02/01/2018,29.2,26.5,27.9,5.6
03/01/2018,29.2,26.8,28.0,8.6
04/01/2018,29.2,26.4,27.8,9.2
05/01/2018,29.5,26.0,27.7,10.0
06/01/2018,28.9,25.9,27.4,8.8
07/01/2018,29.0,26.1,27.5,10.0
08/01/2018,29.0,26.0,27.5,10.1
09/01/2018,28.8,25.8,27.3,10.1
10/01/2018,28.9,26.0,27.5,12.3
11/01/2018,28.8,26.0,27.4,14.2
12/01/2018,28.5,25.9,27.2,13.6
13/01/2018,28.7,25.9,27.3,13.5
14/01/2018,28.6,25.9,27.3,16.7
15/01/2018,28.6,26.0,27.3,19.3
16/01/2018,28.4,25.9,27.1,15.7
17/01/2018,28.4,26.0,27.2,14.0
18/01/2018,28.6,26.2,27.4,14.4
19/01/2018,28.6,26.0,27.3,13.8
20/01/2018,28.6,25.9,27.2,14.6
21/01/2018,28.5,26.0,27.3,13.3
22/01/2018,28.6,26.0,27.3,11.1
23/01/2018,28.6,26.1,27.4,10.4
24/01/2018,28.7,26.1,27.4,12.3
25/01/2018,28.6,26.1,27.4,14.2
26/01/2018,28.5,26.1,27.3,14.4
27/01/2018,28.4,26.0,27.2,17.3
28/01/2018,28.3,25.9,27.1,12.8
29/01/2018,28.3,26.1,27.2,11.1
30/01/2018,28.6,26.2,27.4,15.8
31/01/2018,28.5,26.1,27.3,18.8
01/02/2018,,,,12.6
02/02/2018,29.4,25.8,27.6,10.3
03/02/2018,28.3,25.8,27.0,2.2
04/02/2018,29.0,26.1,27.6,1.9
05/02/2018,29.2,26.4,27.8,2.2
06/02/2018,29.1,26.6,27.8,3.0
07/02/2018,29.1,26.5,27.8,2.9
08/02/2018,29.3,26.6,27.9,5.7
09/02/2018,29.2,26.2,27.7,6.3
10/02/2018,28.9,26.1,27.5,6.8
11/02/2018,28.8,25.9,27.4,9.1
12/02/2018,28.7,25.9,27.3,10.8
13/02/2018,28.6,25.7,27.2,15.5
14/02/2018,28.5,25.5,27.0,15.8
15/02/2018,28.1,25.4,26.8,14.1
16/02/2018,28.0,25.4,26.7,11.8
17/02/2018,28.3,25.7,27.0,12.6
18/02/2018,28.4,25.6,27.0,7.8
19/02/2018,28.6,25.9,27.2,8.7
20/02/2018,28.7,25.7,27.2,11.0
21/02/2018,28.7,25.8,27.3,10.4
22/02/2018,28.5,25.8,27.1,11.4
23/02/2018,28.6,25.9,27.2,8.5
24/02/2018,28.7,26.0,27.4,10.2
25/02/2018,28.6,25.9,27.3,10.8
26/02/2018,28.5,25.9,27.2,12.9
27/02/2018,28.6,25.9,27.2,11.6
28/02/2018,28.7,25.9,27.3,10.2
01/03/2018,,,,10.1
02/03/2018,28.9,25.6,27.2,9.6
03/03/2018,28.4,25.8,27.1,8.4
04/03/2018,28.6,25.8,27.2,8.0
05/03/2018,28.6,26.0,27.3,11.3
06/03/2018,28.8,25.8,27.3,19.0
07/03/2018,28.4,25.7,27.0,17.3
08/03/2018,28.2,25.7,26.9,13.5
09/03/2018,28.2,25.9,27.0,11.0
10/03/2018,28.2,25.9,27.0,9.2
11/03/2018,28.4,26.1,27.3,10.0
12/03/2018,28.6,26.0,27.3,10.6
13/03/2018,28.4,25.9,27.2,10.3
14/03/2018,28.3,26.0,27.2,9.8
15/03/2018,28.5,25.8,27.2,11.1
16/03/2018,28.3,25.8,27.1,13.6
17/03/2018,28.2,25.7,27.0,11.0
18/03/2018,28.2,25.9,27.1,8.9
19/03/2018,28.4,25.9,27.2,14.1
20/03/2018,28.6,25.7,27.1,9.7
21/03/2018,28.3,25.8,27.1,7.2
22/03/2018,28.6,25.9,27.2,6.3
23/03/2018,28.5,25.9,27.2,8.0
24/03/2018,28.7,25.9,27.3,6.2
25/03/2018,28.7,26.1,27.4,7.0
26/03/2018,28.7,26.0,27.3,5.3
27/03/2018,28.7,26.0,27.4,6.1
28/03/2018,28.8,26.1,27.4,5.8
29/03/2018,28.8,26.0,27.4,4.5
30/03/2018,28.8,26.1,27.5,5.1
31/03/2018,28.8,26.1,27.5,5.1
01/04/2018,,,,5.3
02/04/2018,28.7,26.0,27.4,1.3
03/04/2018,29.5,26.4,27.9,1.7
04/04/2018,29.4,26.5,28.0,1.6
05/04/2018,29.5,26.6,28.1,1.9
06/04/2018,29.5,26.2,27.9,1.4
07/04/2018,29.5,26.5,28.0,1.3
08/04/2018,29.6,26.7,28.1,1.9
09/04/2018,29.5,26.5,28.0,2.9
10/04/2018,29.4,26.4,27.9,3.9
11/04/2018,29.2,26.0,27.6,5.9
12/04/2018,28.9,25.9,27.4,6.8
13/04/2018,28.8,26.0,27.4,5.5
14/04/2018,28.8,26.1,27.4,7.0
15/04/2018,28.8,25.9,27.4,7.3
16/04/2018,28.7,26.0,27.4,6.7
17/04/2018,28.8,26.1,27.4,6.7
18/04/2018,28.9,26.3,27.6,5.0
19/04/2018,28.9,26.3,27.6,6.0
20/04/2018,29.0,26.3,27.7,8.6
21/04/2018,28.9,26.1,27.5,9.2
22/04/2018,28.7,26.0,27.3,12.0
23/04/2018,28.7,26.0,27.3,9.0
24/04/2018,28.6,26.2,27.4,8.4
25/04/2018,28.7,26.2,27.5,7.8
26/04/2018,28.8,26.3,27.5,8.5
27/04/2018,28.8,26.3,27.6,9.5
28/04/2018,28.6,26.2,27.4,6.4
29/04/2018,28.7,26.3,27.5,8.8
30/04/2018,28.7,26.1,27.4,7.8
01/05/2018,,,,5.8
02/05/2018,28.5,25.5,27.0,3.5
03/05/2018,28.6,26.3,27.4,1.4
04/05/2018,29.1,26.7,27.9,1.1
05/05/2018,29.2,26.8,28.0,3.3
06/05/2018,29.1,26.2,27.6,4.2
07/05/2018,28.8,25.9,27.4,5.7
08/05/2018,28.5,25.7,27.1,9.9
09/05/2018,28.1,25.5,26.8,10.1
10/05/2018,28.0,25.6,26.8,15.2
11/05/2018,27.9,25.5,26.7,11.7
12/05/2018,28.0,25.7,26.8,8.9
13/05/2018,28.0,25.7,26.8,6.9
14/05/2018,28.0,25.9,27.0,5.5
15/05/2018,28.2,25.9,27.1,5.7
16/05/2018,28.1,26.0,27.0,2.7
17/05/2018,28.2,26.3,27.2,3.2
18/05/2018,28.2,26.2,27.2,3.5
19/05/2018,28.2,26.2,27.2,2.5
20/05/2018,28.3,26.2,27.2,2.5
21/05/2018,28.4,26.2,27.3,3.4
22/05/2018,28.3,26.2,27.3,3.3
23/05/2018,28.3,26.2,27.3,4.2
24/05/2018,28.2,26.0,27.1,4.3
25/05/2018,28.0,26.2,27.1,4.0
26/05/2018,28.2,26.1,27.2,4.4
27/05/2018,28.2,26.0,27.1,5.5
28/05/2018,28.2,25.8,27.0,4.5
29/05/2018,28.1,26.0,27.0,4.9
30/05/2018,28.0,25.9,27.0,7.1
31/05/2018,28.0,25.8,26.9,3.1
01/06/2018,,,,2.7
02/06/2018,27.2,25.6,26.4,0.4
03/06/2018,27.5,25.8,26.7,1.3
04/06/2018,27.6,25.2,26.4,0.8
05/06/2018,27.2,25.3,26.3,0.5
06/06/2018,27.4,25.4,26.4,0.9
07/06/2018,27.4,25.2,26.3,1.4
08/06/2018,27.4,25.4,26.4,1.1
09/06/2018,27.5,25.7,26.6,1.5
10/06/2018,27.7,25.6,26.6,1.3
11/06/2018,27.4,25.5,26.4,0.9
12/06/2018,27.2,25.2,26.2,1.3
13/06/2018,27.0,24.7,25.8,1.7
14/06/2018,26.8,24.7,25.7,1.6
15/06/2018,27.0,25.0,26.0,1.8
16/06/2018,27.2,25.1,26.1,2.6
17/06/2018,27.0,25.0,26.0,3.1
18/06/2018,27.0,25.1,26.0,2.8
19/06/2018,27.0,25.1,26.0,3.2
20/06/2018,27.1,25.1,26.1,1.7
21/06/2018,27.1,25.2,26.2,2.7
22/06/2018,27.1,25.1,26.1,2.1
23/06/2018,27.2,25.1,26.1,1.8
24/06/2018,26.9,25.0,26.0,1.9
25/06/2018,27.0,25.0,26.0,1.6
26/06/2018,26.9,24.9,25.9,2.5
27/06/2018,26.8,24.8,25.8,1.8
28/06/2018,26.8,24.9,25.8,1.5
29/06/2018,26.9,24.9,25.9,1.8
30/06/2018,26.7,24.9,25.8,2.6
01/07/2018,,,,13.8
02/07/2018,26.5,24.5,25.5,3.6
03/07/2018,26.7,24.7,25.7,2.3
04/07/2018,26.6,24.8,25.7,2.6
05/07/2018,26.5,24.8,25.7,2.8
06/07/2018,26.5,24.9,25.7,2.5
07/07/2018,26.6,24.9,25.8,2.0
08/07/2018,26.8,25.0,25.9,1.0
09/07/2018,26.7,24.8,25.8,1.4
10/07/2018,26.6,24.6,25.6,1.9
11/07/2018,26.2,24.3,25.2,1.7
12/07/2018,26.2,24.3,25.2,1.6
13/07/2018,26.0,24.3,25.2,1.5
14/07/2018,26.1,24.4,25.3,1.3
15/07/2018,26.2,24.4,25.3,0.9
16/07/2018,26.3,24.4,25.4,0.7
17/07/2018,26.4,24.2,25.3,0.8
18/07/2018,26.3,24.1,25.2,0.8
19/07/2018,26.3,24.2,25.2,0.7
20/07/2018,26.3,24.2,25.3,0.9
21/07/2018,26.3,24.2,25.2,1.1
22/07/2018,26.3,24.1,25.2,1.3
23/07/2018,26.3,24.1,25.2,1.2
24/07/2018,26.3,24.2,25.2,1.1
25/07/2018,26.3,24.1,25.2,0.8
26/07/2018,26.3,24.2,25.3,0.8
27/07/2018,26.3,24.2,25.3,0.7
28/07/2018,26.4,24.2,25.3,0.7
29/07/2018,26.5,24.1,25.3,0.6
30/07/2018,26.5,24.3,25.4,0.7
31/07/2018,26.5,24.2,25.3,0.7
01/08/2018,,,,0.1
02/08/2018,26.9,24.5,25.7,0.1
03/08/2018,27.2,24.2,25.7,0.3
04/08/2018,27.1,24.4,25.7,0.6
05/08/2018,27.3,24.6,26.0,1.2
06/08/2018,27.4,24.8,26.1,1.8
07/08/2018,27.3,25.0,26.2,1.5
08/08/2018,27.2,25.1,26.2,1.1
09/08/2018,27.2,25.2,26.2,0.7
10/08/2018,27.3,25.0,26.2,0.6
11/08/2018,27.5,24.9,26.2,0.9
12/08/2018,27.4,24.9,26.1,0.6
13/08/2018,27.3,25.0,26.1,0.5
14/08/2018,27.3,25.0,26.2,0.4
15/08/2018,27.2,24.8,26.0,0.4
16/08/2018,27.2,24.7,25.9,0.4
17/08/2018,27.3,24.6,26.0,0.4
18/08/2018,27.4,24.5,26.0,0.3
19/08/2018,27.3,24.7,26.0,0.5
20/08/2018,27.1,24.6,25.9,0.6
21/08/2018,27.1,24.6,25.9,0.8
22/08/2018,27.1,24.8,25.9,0.7
23/08/2018,27.3,24.8,26.0,0.8
24/08/2018,27.2,24.8,26.0,0.9
25/08/2018,27.3,24.6,26.0,0.9
26/08/2018,27.3,24.7,26.0,0.6
27/08/2018,27.3,24.7,26.0,0.6
28/08/2018,27.3,24.7,26.0,0.6
29/08/2018,27.4,24.7,26.0,0.5
30/08/2018,27.4,24.8,26.1,0.4
31/08/2018,27.6,24.7,26.1,0.8
01/09/2018,,,,0.0
02/09/2018,28.2,24.8,26.5,1.1
03/09/2018,28.0,25.1,26.5,1.6
04/09/2018,27.8,25.3,26.5,0.6
05/09/2018,27.8,25.2,26.5,0.0
06/09/2018,28.0,24.8,26.4,0.0
07/09/2018,28.2,24.5,26.4,0.2
08/09/2018,27.9,24.9,26.4,0.8
09/09/2018,28.0,25.1,26.6,0.5
10/09/2018,28.1,25.2,26.6,0.8
11/09/2018,28.1,25.1,26.6,0.5
12/09/2018,28.2,24.9,26.6,1.0
13/09/2018,28.1,25.0,26.5,1.1
14/09/2018,27.9,25.2,26.6,0.8
15/09/2018,28.1,25.4,26.7,1.1
16/09/2018,28.1,25.4,26.7,0.8
17/09/2018,28.2,25.2,26.7,0.9
18/09/2018,28.2,25.3,26.7,1.5
19/09/2018,28.1,25.3,26.7,0.6
20/09/2018,28.3,25.3,26.8,0.3
21/09/2018,28.3,25.3,26.8,0.4
22/09/2018,28.4,25.2,26.8,0.9
23/09/2018,28.3,25.1,26.7,0.5
24/09/2018,28.4,25.2,26.8,0.9
25/09/2018,28.4,25.2,26.8,0.3
26/09/2018,28.5,25.4,26.9,0.5
27/09/2018,28.6,25.4,27.0,0.6
28/09/2018,28.6,25.3,26.9,0.5
29/09/2018,28.6,25.3,27.0,0.5
30/09/2018,28.6,25.2,26.9,0.3
01/10/2018,,,,0.4
02/10/2018,28.2,25.1,26.6,0.5
03/10/2018,28.6,25.6,27.1,1.2
04/10/2018,28.0,25.6,26.8,0.1
05/10/2018,28.8,25.0,26.9,0.0
06/10/2018,29.0,24.9,27.0,0.0
07/10/2018,29.1,24.7,26.9,0.0
08/10/2018,29.0,24.8,26.9,0.0
09/10/2018,28.9,24.9,26.9,0.0
10/10/2018,29.0,24.9,27.0,0.0
11/10/2018,29.1,24.9,27.0,0.0
12/10/2018,29.1,24.8,26.9,0.1
13/10/2018,29.2,25.0,27.1,0.1
14/10/2018,29.3,25.2,27.2,0.3
15/10/2018,29.3,25.1,27.2,0.6
16/10/2018,29.2,25.2,27.2,0.3
17/10/2018,29.2,25.3,27.3,0.4
18/10/2018,29.2,25.3,27.2,0.6
19/10/2018,29.3,25.3,27.3,0.6
20/10/2018,29.5,25.3,27.4,1.0
21/10/2018,29.3,25.4,27.3,0.3
22/10/2018,29.6,25.5,27.6,0.3
23/10/2018,29.6,25.4,27.5,0.2
24/10/2018,29.6,25.6,27.6,0.3
25/10/2018,29.5,25.7,27.6,0.5
26/10/2018,29.6,25.9,27.7,0.5
27/10/2018,29.6,25.9,27.8,0.4
28/10/2018,29.7,25.8,27.8,0.3
29/10/2018,29.8,25.8,27.8,0.5
30/10/2018,29.8,26.0,27.9,0.5
31/10/2018,29.8,26.0,27.9,0.6
01/11/2018,,,,3.0
02/11/2018,30.4,26.4,28.4,3.0
03/11/2018,29.5,26.6,28.1,1.4
04/11/2018,29.8,26.7,28.2,1.5
05/11/2018,30.0,26.5,28.3,2.4
06/11/2018,30.0,26.6,28.3,1.8
07/11/2018,30.1,26.6,28.3,1.5
08/11/2018,30.1,26.6,28.4,0.7
09/11/2018,30.4,26.6,28.5,0.4
10/11/2018,30.7,26.5,28.6,0.7
11/11/2018,30.8,26.7,28.7,1.0
12/11/2018,31.0,26.7,28.9,0.8
13/11/2018,30.9,26.8,28.8,1.2
14/11/2018,30.9,26.8,28.9,1.7
15/11/2018,30.8,26.7,28.7,1.5
16/11/2018,30.7,26.9,28.8,1.3
17/11/2018,30.8,27.0,28.9,1.4
18/11/2018,30.8,26.9,28.9,1.4
19/11/2018,30.8,26.9,28.8,1.2
20/11/2018,30.9,26.9,28.9,1.3
21/11/2018,30.9,26.9,28.9,2.8
22/11/2018,30.7,26.8,28.8,2.0
23/11/2018,30.8,26.7,28.8,2.5
24/11/2018,30.6,26.8,28.7,3.3
25/11/2018,30.7,26.7,28.7,3.4
26/11/2018,30.4,26.7,28.6,5.0
27/11/2018,30.5,26.8,28.6,2.9
28/11/2018,30.6,26.9,28.8,2.6
29/11/2018,30.6,26.9,28.7,2.5
30/11/2018,30.6,27.0,28.8,3.8
01/12/2018,,,,2.0
02/12/2018,30.0,26.7,28.3,2.5
03/12/2018,30.0,26.5,28.3,1.9
04/12/2018,30.1,27.0,28.6,1.3
05/12/2018,30.7,27.3,29.0,2.8
06/12/2018,30.7,27.0,28.9,1.9
07/12/2018,30.4,27.3,28.9,2.6
08/12/2018,30.7,27.3,29.0,8.5
09/12/2018,30.1,26.4,28.3,11.8
10/12/2018,29.1,26.1,27.6,13.0
11/12/2018,29.0,26.2,27.6,12.7
12/12/2018,29.2,26.2,27.7,9.3
13/12/2018,29.2,26.3,27.8,7.6
14/12/2018,29.5,26.6,28.0,8.9
15/12/2018,29.4,26.5,27.9,9.0
16/12/2018,29.4,26.5,28.0,9.2
17/12/2018,29.4,26.5,27.9,10.1
18/12/2018,29.2,26.5,27.8,11.4
19/12/2018,29.2,26.4,27.8,7.5
20/12/2018,29.1,26.4,27.8,8.8
21/12/2018,29.2,26.4,27.8,9.0
22/12/2018,29.3,26.4,27.9,9.8
23/12/2018,29.3,26.4,27.8,12.0
24/12/2018,29.1,26.4,27.8,9.4
25/12/2018,29.2,26.4,27.8,8.4
26/12/2018,29.4,26.4,27.9,9.4
27/12/2018,29.2,26.3,27.7,8.5
28/12/2018,29.2,26.2,27.7,11.0
29/12/2018,29.0,26.4,27.7,10.5
30/12/2018,29.0,26.5,27.8,10.3
31/12/2018,29.1,26.3,27.7,8.9
01/01/2019,,,,8.1
02/01/2019,28.9,26.2,27.5,14.9
03/01/2019,28.5,26.1,27.3,8.8
04/01/2019,28.7,26.6,27.6,14.9
05/01/2019,28.5,25.8,27.2,18.6
06/01/2019,28.1,25.6,26.9,22.3
07/01/2019,27.9,25.4,26.6,19.6
08/01/2019,27.6,25.4,26.5,9.1
09/01/2019,28.1,25.9,27.0,7.0
10/01/2019,28.6,26.2,27.4,9.3
11/01/2019,28.5,26.1,27.3,7.4
12/01/2019,28.6,26.2,27.4,5.3
13/01/2019,28.9,26.3,27.6,5.4
14/01/2019,29.0,26.3,27.7,7.7
15/01/2019,29.1,26.3,27.7,8.0
16/01/2019,29.0,26.4,27.7,10.1
17/01/2019,28.9,26.1,27.5,8.7
18/01/2019,28.7,26.2,27.4,12.6
19/01/2019,28.6,26.1,27.3,11.5
20/01/2019,28.6,26.1,27.4,9.0
21/01/2019,28.5,26.2,27.4,10.1
22/01/2019,28.6,26.1,27.4,8.3
23/01/2019,28.6,26.3,27.4,9.8
24/01/2019,28.6,26.1,27.3,9.9
25/01/2019,28.4,26.0,27.2,10.1
26/01/2019,28.4,26.1,27.3,11.3
27/01/2019,28.5,26.2,27.4,10.0
28/01/2019,28.5,26.3,27.4,9.3
29/01/2019,28.6,26.4,27.5,8.5
30/01/2019,28.5,26.3,27.4,8.1
31/01/2019,28.6,26.2,27.4,6.4
01/02/2019,,,,3.9
02/02/2019,28.8,26.5,27.6,3.8
03/02/2019,28.8,26.5,27.6,3.4
04/02/2019,28.9,26.7,27.8,7.5
05/02/2019,28.8,26.4,27.6,12.0
06/02/2019,28.3,25.8,27.0,4.9
07/02/2019,28.5,26.5,27.5,4.9
08/02/2019,28.7,26.6,27.6,6.1
09/02/2019,28.6,26.2,27.4,7.0
10/02/2019,28.3,25.9,27.1,7.5
11/02/2019,28.2,26.0,27.1,6.3
12/02/2019,28.3,26.1,27.2,6.7
13/02/2019,28.3,25.9,27.1,8.8
14/02/2019,28.1,25.9,27.0,6.9
15/02/2019,28.1,25.7,26.9,4.7
16/02/2019,28.4,25.9,27.2,3.4
17/02/2019,28.5,26.0,27.2,3.1
18/02/2019,28.7,26.0,27.4,2.7
19/02/2019,28.9,26.2,27.6,2.1
20/02/2019,29.1,26.5,27.8,3.0
21/02/2019,29.1,26.4,27.7,3.5
22/02/2019,29.0,26.2,27.6,4.5
23/02/2019,28.8,26.0,27.4,4.9
24/02/2019,28.8,26.0,27.4,4.4
25/02/2019,28.8,26.0,27.4,5.6
26/02/2019,28.9,25.9,27.4,5.5
27/02/2019,28.9,26.1,27.5,5.7
28/02/2019,29.0,26.1,27.6,5.6
01/03/2019,,,,16.3
02/03/2019,28.7,25.5,27.1,13.0
03/03/2019,28.2,25.4,26.8,11.7
04/03/2019,28.2,25.4,26.8,23.7
05/03/2019,28.1,25.2,26.7,24.6
06/03/2019,27.6,25.4,26.5,11.6
07/03/2019,28.2,25.7,27.0,9.7
08/03/2019,28.6,25.9,27.3,11.9
09/03/2019,28.6,25.4,27.0,10.0
10/03/2019,28.4,25.4,26.9,11.3
11/03/2019,28.4,25.5,27.0,18.6
12/03/2019,28.2,25.5,26.8,20.4
13/03/2019,27.9,25.4,26.6,22.7
14/03/2019,27.8,25.4,26.6,16.6
15/03/2019,27.8,25.6,26.7,13.1
16/03/2019,28.1,25.7,26.9,12.4
17/03/2019,28.2,25.8,27.0,10.8
18/03/2019,28.0,25.7,26.9,8.8
19/03/2019,28.5,26.0,27.2,8.5
20/03/2019,28.5,26.0,27.2,6.4
21/03/2019,28.8,26.3,27.6,6.0
22/03/2019,28.8,26.2,27.5,5.7
23/03/2019,28.8,26.1,27.5,5.6
24/03/2019,28.9,26.3,27.6,6.9
25/03/2019,28.9,26.2,27.5,6.7
26/03/2019,28.9,26.1,27.5,7.7
27/03/2019,28.9,26.1,27.5,8.4
28/03/2019,28.7,25.8,27.3,6.9
29/03/2019,28.7,26.1,27.4,4.2
30/03/2019,28.8,26.3,27.5,5.1
31/03/2019,29.1,26.1,27.6,5.7
01/04/2019,,,,15.4
02/04/2019,27.9,25.3,26.6,23.7
03/04/2019,27.6,25.3,26.5,21.0
04/04/2019,27.5,25.5,26.5,12.2
05/04/2019,28.1,25.8,27.0,7.8
06/04/2019,28.4,26.0,27.2,7.9
07/04/2019,28.5,25.9,27.2,8.6
08/04/2019,28.6,25.9,27.2,6.6
09/04/2019,28.7,26.0,27.4,7.3
10/04/2019,28.6,26.0,27.3,7.2
11/04/2019,28.6,25.9,27.2,8.2
12/04/2019,28.5,26.0,27.2,8.5
13/04/2019,28.5,25.9,27.2,10.6
14/04/2019,28.3,25.8,27.0,10.5
15/04/2019,28.1,25.8,26.9,9.4
16/04/2019,28.2,25.8,27.0,8.8
17/04/2019,28.3,26.0,27.2,8.1
18/04/2019,28.4,25.9,27.2,4.9
19/04/2019,28.5,26.0,27.2,6.3
20/04/2019,28.5,26.0,27.3,5.1
21/04/2019,28.4,25.9,27.1,5.2
22/04/2019,28.4,26.0,27.2,3.5
23/04/2019,28.5,26.1,27.3,5.2
24/04/2019,28.6,26.3,27.5,4.7
25/04/2019,28.5,26.1,27.3,3.7
26/04/2019,28.6,26.1,27.4,4.6
27/04/2019,28.7,26.2,27.5,3.8
28/04/2019,28.7,26.2,27.5,4.7
29/04/2019,28.6,26.4,27.5,5.7
30/04/2019,28.7,26.2,27.5,5.1
01/05/2019,,,,9.5
02/05/2019,27.3,25.5,26.4,15.3
03/05/2019,27.8,25.4,26.6,12.8
04/05/2019,28.1,25.5,26.8,25.3
05/05/2019,27.5,25.3,26.4,18.7
06/05/2019,27.3,25.4,26.4,21.3
07/05/2019,27.3,25.3,26.3,16.7
08/05/2019,27.5,25.5,26.5,19.4
09/05/2019,27.7,25.5,26.6,16.3
10/05/2019,27.7,25.5,26.6,11.0
11/05/2019,28.0,25.7,26.9,10.9
12/05/2019,27.7,25.6,26.6,7.6
13/05/2019,27.7,25.5,26.6,6.5
14/05/2019,27.7,25.6,26.6,5.0
15/05/2019,27.9,25.9,26.9,4.2
16/05/2019,28.1,26.0,27.1,2.5
17/05/2019,28.2,26.1,27.2,3.3
18/05/2019,28.2,26.1,27.2,3.5
19/05/2019,28.2,26.0,27.1,4.0
20/05/2019,28.0,26.0,27.0,4.3
21/05/2019,28.1,26.0,27.1,3.4
22/05/2019,28.1,26.1,27.1,3.1
23/05/2019,28.1,25.9,27.0,2.8
24/05/2019,28.0,25.8,26.9,2.1
25/05/2019,28.1,25.9,27.0,2.1
26/05/2019,28.1,25.9,27.0,3.2
27/05/2019,28.1,25.9,27.0,2.4
28/05/2019,28.1,26.1,27.1,2.4
29/05/2019,28.0,25.9,26.9,2.8
30/05/2019,27.9,25.9,26.9,2.8
31/05/2019,28.0,26.1,27.0,3.4
01/06/2019,,,,10.1
02/06/2019,27.4,25.2,26.3,5.4
03/06/2019,27.1,25.5,26.3,4.3
04/06/2019,27.1,25.4,26.2,2.5
05/06/2019,26.9,25.3,26.1,2.2
06/06/2019,26.6,25.3,26.0,2.5
07/06/2019,26.8,25.4,26.1,2.8
08/06/2019,27.1,25.7,26.4,2.9
09/06/2019,27.3,25.8,26.5,3.0
10/06/2019,27.5,25.8,26.6,3.9
11/06/2019,27.5,25.8,26.6,3.0
12/06/2019,27.4,25.8,26.6,2.8
13/06/2019,27.5,25.7,26.6,2.2
14/06/2019,27.2,25.4,26.3,3.2
15/06/2019,27.0,25.3,26.2,2.2
16/06/2019,27.0,25.2,26.1,2.0
17/06/2019,27.0,25.3,26.1,1.5
18/06/2019,26.9,25.3,26.1,1.3
19/06/2019,27.0,25.2,26.1,1.4
20/06/2019,27.0,25.2,26.1,0.9
21/06/2019,27.0,25.1,26.0,1.0
22/06/2019,27.0,25.1,26.0,1.0
23/06/2019,27.0,25.0,26.0,1.0
24/06/2019,27.0,25.0,26.0,1.0
25/06/2019,26.9,24.9,25.9,0.9
26/06/2019,26.9,25.0,26.0,0.9
27/06/2019,26.9,24.8,25.8,1.0
28/06/2019,26.8,24.8,25.8,1.0
29/06/2019,26.9,24.8,25.9,0.9
30/06/2019,26.9,24.8,25.9,1.0
01/07/2019,,,,2.9
02/07/2019,26.0,24.7,25.4,0.6
03/07/2019,26.5,24.6,25.5,1.4
04/07/2019,26.0,24.3,25.1,1.4
05/07/2019,26.2,24.0,25.1,1.4
06/07/2019,26.0,23.8,24.9,0.9
07/07/2019,26.1,24.2,25.1,1.2
08/07/2019,26.4,24.7,25.6,1.2
09/07/2019,26.5,24.9,25.7,1.3
10/07/2019,26.4,24.7,25.6,1.0
11/07/2019,26.3,24.7,25.5,1.1
12/07/2019,26.3,24.5,25.4,1.4
13/07/2019,26.2,24.3,25.3,1.1
14/07/2019,26.2,24.1,25.1,1.3
15/07/2019,26.1,24.2,25.1,1.6
16/07/2019,26.2,24.2,25.2,1.7
17/07/2019,26.2,24.2,25.2,1.4
18/07/2019,26.1,24.3,25.2,1.4
19/07/2019,26.2,24.4,25.3,1.2
20/07/2019,26.2,24.3,25.3,1.2
21/07/2019,26.2,24.2,25.2,1.1
22/07/2019,26.3,24.3,25.3,1.2
23/07/2019,26.4,24.3,25.3,1.1
24/07/2019,26.3,24.3,25.3,0.9
25/07/2019,26.3,24.3,25.3,0.9
26/07/2019,26.4,24.3,25.3,0.8
27/07/2019,26.3,24.3,25.3,0.7
28/07/2019,26.4,24.3,25.4,0.7
29/07/2019,26.4,24.2,25.3,0.6
30/07/2019,26.4,24.3,25.4,0.7
31/07/2019,26.4,24.3,25.4,0.7
01/08/2019,,,,0.4
02/08/2019,26.3,24.2,25.3,0.9
03/08/2019,26.1,23.7,24.9,1.7
04/08/2019,25.9,23.7,24.8,1.9
05/08/2019,26.2,24.0,25.1,1.3
06/08/2019,26.0,24.3,25.2,1.0
07/08/2019,26.4,24.5,25.5,0.9
08/08/2019,26.6,24.4,25.5,0.8
09/08/2019,26.6,24.4,25.5,0.4
10/08/2019,26.7,24.4,25.6,0.4
11/08/2019,26.7,24.4,25.5,0.5
12/08/2019,26.6,24.3,25.5,0.4
13/08/2019,26.7,24.3,25.5,0.5
14/08/2019,26.6,24.3,25.4,0.7
15/08/2019,26.7,24.3,25.5,0.9
16/08/2019,26.9,24.3,25.6,0.8
17/08/2019,26.9,24.4,25.6,0.9
18/08/2019,26.9,24.5,25.7,0.9
19/08/2019,27.0,24.5,25.8,0.5
20/08/2019,27.1,24.4,25.7,0.5
21/08/2019,27.0,24.3,25.7,0.4
22/08/2019,27.0,24.3,25.7,0.6
23/08/2019,27.0,24.3,25.6,0.4
24/08/2019,26.9,24.3,25.6,0.6
25/08/2019,26.9,24.3,25.6,0.5
26/08/2019,27.0,24.2,25.6,0.3
27/08/2019,27.0,24.2,25.6,0.3
28/08/2019,27.1,24.4,25.7,0.3
29/08/2019,27.1,24.4,25.7,0.4
30/08/2019,27.1,24.5,25.8,0.3
31/08/2019,27.1,24.4,25.8,0.3
01/09/2019,,,,0.2
02/09/2019,26.7,23.9,25.3,0.1
03/09/2019,26.5,24.0,25.2,0.2
04/09/2019,26.4,24.0,25.2,0.1
05/09/2019,26.5,23.9,25.2,0.2
06/09/2019,26.7,23.7,25.2,0.4
07/09/2019,27.0,23.9,25.5,0.3
08/09/2019,26.8,23.8,25.3,0.0
09/09/2019,26.5,23.8,25.1,0.1
10/09/2019,26.6,23.9,25.2,0.1
11/09/2019,26.7,23.8,25.3,0.2
12/09/2019,26.6,23.8,25.2,0.2
13/09/2019,26.6,23.9,25.2,0.3
14/09/2019,26.7,23.9,25.3,0.4
15/09/2019,26.8,23.9,25.4,0.4
16/09/2019,26.9,24.0,25.4,0.3
17/09/2019,26.9,24.2,25.5,0.2
18/09/2019,27.2,24.0,25.6,0.2
19/09/2019,27.3,24.1,25.7,0.1
20/09/2019,27.6,24.4,26.0,0.1
21/09/2019,27.7,24.3,26.0,0.2
22/09/2019,27.7,24.2,25.9,0.2
23/09/2019,27.8,24.2,26.0,0.3
24/09/2019,27.8,24.2,26.0,0.3
25/09/2019,27.6,24.3,26.0,0.3
26/09/2019,27.7,24.4,26.1,0.2
27/09/2019,27.8,24.5,26.2,0.3
28/09/2019,27.8,24.5,26.1,0.2
29/09/2019,27.9,24.2,26.1,0.2
30/09/2019,28.0,24.4,26.2,0.2
01/10/2019,,,,1.6
02/10/2019,27.9,24.8,26.3,1.0
03/10/2019,27.6,25.1,26.3,3.6
04/10/2019,27.3,25.0,26.2,1.2
05/10/2019,27.2,24.9,26.0,0.4
06/10/2019,27.6,24.9,26.2,0.5
07/10/2019,27.7,24.9,26.3,0.7
08/10/2019,27.8,24.9,26.4,0.5
09/10/2019,28.0,25.0,26.5,0.4
10/10/2019,28.0,24.9,26.4,0.2
11/10/2019,28.0,24.7,26.4,0.2
12/10/2019,28.3,24.6,26.5,0.1
13/10/2019,28.5,24.6,26.5,0.1
14/10/2019,28.5,24.6,26.5,0.1
15/10/2019,28.6,24.8,26.7,0.2
16/10/2019,28.7,25.0,26.9,0.4
17/10/2019,28.7,25.0,26.9,0.2
18/10/2019,28.9,25.0,26.9,0.2
19/10/2019,28.9,25.1,27.0,0.3
20/10/2019,28.9,25.0,26.9,0.4
21/10/2019,28.8,25.2,27.0,0.5
22/10/2019,29.0,25.2,27.1,0.5
23/10/2019,29.0,25.3,27.2,0.6
24/10/2019,29.2,25.3,27.2,0.6
25/10/2019,29.2,25.2,27.2,0.4
26/10/2019,29.2,25.4,27.3,0.5
27/10/2019,29.4,25.6,27.5,0.5
28/10/2019,29.4,25.7,27.5,0.5
29/10/2019,29.5,25.7,27.6,0.3
30/10/2019,29.6,25.6,27.6,0.4
31/10/2019,29.6,25.6,27.6,0.6
01/11/2019,,,,0.9
02/11/2019,29.8,26.1,27.9,0.4
03/11/2019,29.8,26.1,27.9,0.9
04/11/2019,29.8,26.1,27.9,0.3
05/11/2019,29.8,26.3,28.0,0.2
06/11/2019,29.7,26.2,27.9,0.4
07/11/2019,29.7,26.1,27.9,0.6
08/11/2019,29.8,25.9,27.9,1.4
09/11/2019,29.7,26.1,27.9,1.9
10/11/2019,29.9,26.0,27.9,2.1
11/11/2019,30.0,26.0,28.0,1.2
12/11/2019,30.1,26.3,28.2,1.7
13/11/2019,29.9,26.4,28.2,1.7
14/11/2019,29.8,26.2,28.0,1.4
15/11/2019,30.1,26.4,28.2,0.9
16/11/2019,30.2,26.4,28.3,0.6
17/11/2019,30.4,26.4,28.4,0.9
18/11/2019,30.4,26.4,28.4,1.1
19/11/2019,30.3,26.6,28.5,1.4
20/11/2019,30.2,26.7,28.5,1.4
21/11/2019,30.3,26.7,28.5,1.7
22/11/2019,30.4,26.7,28.5,1.9
23/11/2019,30.5,26.6,28.5,1.4
24/11/2019,30.4,26.6,28.5,1.9
25/11/2019,30.3,26.7,28.5,1.6
26/11/2019,30.4,26.9,28.6,1.6
27/11/2019,30.5,26.8,28.7,1.7
28/11/2019,30.6,26.8,28.7,1.6
29/11/2019,30.5,26.7,28.6,2.1
30/11/2019,30.4,26.5,28.5,2.6
01/12/2019,,,,0.7
02/12/2019,31.1,27.0,29.0,0.4
03/12/2019,30.9,26.9,28.9,0.5
04/12/2019,31.2,27.3,29.3,0.9
05/12/2019,31.4,27.1,29.3,0.6
06/12/2019,31.7,27.2,29.5,0.8
07/12/2019,31.8,27.4,29.6,3.9
08/12/2019,31.1,26.8,29.0,4.0
09/12/2019,30.5,26.8,28.7,2.4
10/12/2019,30.4,27.0,28.7,3.0
11/12/2019,30.3,26.8,28.5,3.9
12/12/2019,30.4,26.7,28.6,5.5
13/12/2019,30.4,26.7,28.6,6.2
14/12/2019,30.2,26.7,28.5,5.8
15/12/2019,30.0,26.6,28.3,7.3
16/12/2019,29.9,26.6,28.2,7.4
17/12/2019,29.7,26.5,28.1,7.2
18/12/2019,29.7,26.5,28.1,8.5
19/12/2019,29.7,26.5,28.1,7.8
20/12/2019,29.7,26.5,28.1,10.4
21/12/2019,29.6,26.3,28.0,11.3
22/12/2019,29.4,26.3,27.9,10.5
23/12/2019,29.3,26.3,27.8,11.0
24/12/2019,29.4,26.4,27.9,9.2
25/12/2019,29.1,26.4,27.8,9.0
26/12/2019,29.4,26.4,27.9,9.1
27/12/2019,29.4,26.4,27.9,10.5
28/12/2019,29.4,26.5,27.9,11.0
29/12/2019,29.3,26.5,27.9,10.1
30/12/2019,29.1,26.4,27.8,11.1
31/12/2019,29.1,26.3,27.7,13.5
01/01/2020,,,,9.0
02/01/2020,29.3,26.1,27.7,10.3
03/01/2020,29.3,25.9,27.6,12.3
04/01/2020,29.1,26.2,27.6,15.9
05/01/2020,28.9,26.1,27.5,15.3
06/01/2020,29.0,26.4,27.7,13.8
07/01/2020,29.3,26.3,27.8,16.6
08/01/2020,28.9,26.0,27.4,23.1
09/01/2020,28.4,25.7,27.1,22.3
10/01/2020,28.1,25.8,26.9,19.3
11/01/2020,28.4,25.9,27.2,14.1
12/01/2020,28.5,26.1,27.3,12.0
13/01/2020,28.8,26.4,27.6,10.1
14/01/2020,29.0,26.4,27.7,10.0
15/01/2020,29.2,26.4,27.8,11.8
16/01/2020,29.2,26.5,27.8,12.8
17/01/2020,29.0,26.3,27.6,11.9
18/01/2020,28.8,26.3,27.5,13.6
19/01/2020,28.7,26.1,27.4,15.5
20/01/2020,28.5,26.2,27.4,14.2
21/01/2020,28.7,26.2,27.5,11.2
22/01/2020,28.6,26.4,27.5,11.5
23/01/2020,28.8,26.4,27.6,11.2
24/01/2020,28.8,26.4,27.6,9.8
25/01/2020,28.6,26.3,27.5,9.8
26/01/2020,28.7,26.2,27.5,8.9
27/01/2020,28.8,26.5,27.6,10.1
28/01/2020,28.9,26.5,27.7,9.2
29/01/2020,28.9,26.5,27.7,8.4
30/01/2020,29.0,26.6,27.8,7.9
31/01/2020,29.0,26.5,27.8,8.8
01/02/2020,,,,10.5
02/02/2020,28.5,26.4,27.5,12.2
03/02/2020,28.8,26.2,27.5,13.7
04/02/2020,28.7,26.4,27.6,15.7
05/02/2020,28.5,26.3,27.4,11.9
06/02/2020,28.7,26.3,27.5,8.4
07/02/2020,29.0,26.5,27.8,10.2
08/02/2020,29.2,26.4,27.8,17.9
09/02/2020,28.7,26.0,27.3,22.6
10/02/2020,28.3,25.9,27.1,15.4
11/02/2020,28.4,26.1,27.2,10.7
12/02/2020,28.7,26.4,27.5,10.3
13/02/2020,28.8,26.3,27.6,14.8
14/02/2020,28.6,26.3,27.5,10.6
15/02/2020,28.8,26.3,27.5,9.5
16/02/2020,28.8,26.3,27.5,10.1
17/02/2020,28.7,26.2,27.4,10.2
18/02/2020,28.6,26.2,27.4,12.4
19/02/2020,28.4,26.2,27.3,11.3
20/02/2020,28.7,26.4,27.5,10.0
21/02/2020,28.8,26.4,27.6,8.1
22/02/2020,28.8,26.6,27.7,7.9
23/02/2020,29.0,26.7,27.9,9.3
24/02/2020,29.1,26.5,27.8,10.3
25/02/2020,28.9,26.5,27.7,9.0
26/02/2020,28.9,26.5,27.7,8.6
27/02/2020,28.9,26.3,27.6,9.3
28/02/2020,28.8,26.2,27.5,9.0
29/02/2020,28.7,26.2,27.5,8.0
01/03/2020,,,,1.1
02/03/2020,30.4,27.2,28.8,6.3
03/03/2020,29.8,26.8,28.3,10.6
04/03/2020,29.3,26.4,27.8,17.5
05/03/2020,28.8,26.1,27.5,15.1
06/03/2020,28.7,26.2,27.5,15.0
07/03/2020,28.7,26.1,27.4,18.9
08/03/2020,28.4,26.0,27.2,21.0
09/03/2020,28.1,25.7,26.9,12.2
10/03/2020,28.5,26.0,27.3,14.8
11/03/2020,28.8,25.9,27.4,16.2
12/03/2020,28.4,25.9,27.2,14.0
13/03/2020,28.5,25.9,27.2,10.9
14/03/2020,28.7,26.0,27.4,7.3
15/03/2020,28.9,26.3,27.6,5.5
16/03/2020,29.1,26.2,27.6,4.6
17/03/2020,29.0,26.2,27.6,4.6
18/03/2020,29.0,26.4,27.7,5.3
19/03/2020,29.0,26.3,27.6,4.4
20/03/2020,29.0,26.4,27.7,4.0
21/03/2020,29.0,26.3,27.7,4.7
22/03/2020,29.0,26.3,27.6,5.6
23/03/2020,29.0,26.3,27.6,6.2
24/03/2020,29.0,26.4,27.7,6.3
25/03/2020,29.1,26.3,27.7,4.5
26/03/2020,29.3,26.5,27.9,5.1
27/03/2020,29.2,26.3,27.8,6.3
28/03/2020,29.1,26.3,27.7,6.8
29/03/2020,29.2,26.4,27.8,7.4
30/03/2020,29.1,26.3,27.7,6.2
31/03/2020,29.2,26.3,27.8,6.2
01/04/2020,,,,9.3
02/04/2020,29.4,25.9,27.7,7.3
03/04/2020,28.8,25.9,27.4,4.1
04/04/2020,29.3,26.1,27.7,2.7
05/04/2020,29.3,26.4,27.9,2.6
06/04/2020,29.5,26.4,28.0,2.9
07/04/2020,29.2,26.4,27.8,4.1
08/04/2020,29.3,26.2,27.8,4.7
09/04/2020,29.0,26.1,27.6,5.5
10/04/2020,29.0,26.2,27.6,7.2
11/04/2020,29.1,26.0,27.5,7.1
12/04/2020,29.0,26.1,27.6,6.6
13/04/2020,29.0,26.3,27.7,6.8
14/04/2020,29.1,26.4,27.7,6.9
15/04/2020,29.2,26.3,27.7,9.5
16/04/2020,29.1,26.2,27.6,10.0
17/04/2020,29.0,26.1,27.5,8.3
18/04/2020,28.8,26.0,27.4,8.2
19/04/2020,28.9,26.2,27.6,8.5
20/04/2020,29.0,26.3,27.6,8.7
21/04/2020,29.0,26.2,27.6,9.7
22/04/2020,28.8,26.1,27.4,8.8
23/04/2020,29.0,26.3,27.6,7.4
24/04/2020,28.9,26.3,27.6,5.9
25/04/2020,29.0,26.4,27.7,6.3
26/04/2020,28.8,26.4,27.6,5.8
27/04/2020,28.9,26.5,27.7,6.8
28/04/2020,29.0,26.5,27.8,5.8
29/04/2020,29.3,26.6,27.9,5.6
30/04/2020,29.2,26.7,28.0,6.3
01/05/2020,,,,4.1
02/05/2020,29.4,26.0,27.7,12.7
03/05/2020,28.4,26.0,27.2,16.8
04/05/2020,27.9,26.0,27.0,13.7
05/05/2020,28.1,26.0,27.1,9.9
06/05/2020,28.2,26.1,27.2,11.6
07/05/2020,28.1,26.0,27.1,9.9
08/05/2020,28.4,26.2,27.3,6.9
09/05/2020,28.4,26.4,27.4,5.3
10/05/2020,28.6,26.6,27.6,5.5
11/05/2020,28.6,26.4,27.5,6.9
12/05/2020,28.4,26.3,27.3,7.5
13/05/2020,28.5,26.4,27.5,4.2
14/05/2020,28.5,26.4,27.5,5.1
15/05/2020,28.5,26.4,27.5,4.4
16/05/2020,28.5,26.4,27.5,6.0
17/05/2020,28.3,26.2,27.3,6.9
18/05/2020,28.4,26.2,27.3,8.0
19/05/2020,28.3,26.3,27.3,6.3
20/05/2020,28.5,26.3,27.4,5.4
21/05/2020,28.4,26.4,27.4,5.2
22/05/2020,28.6,26.5,27.5,4.3
23/05/2020,28.5,26.4,27.4,3.7
24/05/2020,28.5,26.7,27.6,3.8
25/05/2020,28.5,26.5,27.5,3.5
26/05/2020,28.5,26.4,27.5,4.1
27/05/2020,28.4,26.3,27.4,3.6
28/05/2020,28.4,26.4,27.4,3.7
29/05/2020,28.4,26.3,27.4,4.6
30/05/2020,28.3,26.3,27.3,4.3
31/05/2020,28.3,26.2,27.3,3.3
01/06/2020,,,,0.8
02/06/2020,28.5,26.4,27.4,1.0
03/06/2020,28.2,25.7,27.0,2.5
04/06/2020,27.5,25.3,26.4,2.6
05/06/2020,27.6,25.5,26.5,8.7
06/06/2020,27.4,25.1,26.2,8.9
07/06/2020,27.3,25.3,26.3,13.7
08/06/2020,27.1,25.1,26.1,14.2
09/06/2020,27.0,25.1,26.1,7.9
10/06/2020,27.2,25.3,26.3,7.7
11/06/2020,27.2,25.4,26.3,7.5
12/06/2020,27.2,25.5,26.3,7.0
13/06/2020,27.2,25.4,26.3,5.3
14/06/2020,27.4,25.6,26.5,3.5
15/06/2020,27.4,25.6,26.5,2.8
16/06/2020,27.4,25.7,26.6,2.2
17/06/2020,27.4,25.7,26.5,1.9
18/06/2020,27.5,25.7,26.6,1.8
19/06/2020,27.4,25.7,26.5,1.8
20/06/2020,27.4,25.7,26.5,2.5
21/06/2020,27.3,25.6,26.4,2.7
22/06/2020,27.4,25.6,26.5,1.8
23/06/2020,27.5,25.7,26.6,1.9
24/06/2020,27.5,25.7,26.6,2.1
25/06/2020,27.5,25.5,26.5,2.7
26/06/2020,27.4,25.5,26.5,2.8
27/06/2020,27.4,25.5,26.5,2.6
28/06/2020,27.3,25.5,26.4,1.7
29/06/2020,27.3,25.4,26.4,2.1
30/06/2020,27.3,25.5,26.4,1.9
01/07/2020,,,,1.4
02/07/2020,27.1,25.0,26.1,0.8
03/07/2020,27.1,25.4,26.2,4.2
04/07/2020,26.8,25.0,25.9,1.6
05/07/2020,26.8,25.0,25.9,2.2
06/07/2020,27.0,24.9,25.9,2.8
07/07/2020,26.5,25.0,25.7,2.4
08/07/2020,26.7,25.0,25.9,2.8
09/07/2020,26.6,25.0,25.8,2.7
10/07/2020,26.7,25.0,25.9,5.0
11/07/2020,26.8,25.1,25.9,2.9
12/07/2020,26.7,25.1,25.9,2.4
13/07/2020,26.7,25.1,25.9,2.3
14/07/2020,26.7,25.0,25.8,1.8
15/07/2020,26.6,25.0,25.8,1.6
16/07/2020,26.5,24.9,25.7,1.6
17/07/2020,26.5,24.8,25.6,1.9
18/07/2020,26.5,24.8,25.6,1.9
19/07/2020,26.5,24.9,25.7,1.4
20/07/2020,26.5,24.9,25.7,1.4
21/07/2020,26.6,25.0,25.8,1.4
22/07/2020,26.7,24.9,25.8,1.4
23/07/2020,26.7,25.0,25.9,1.5
24/07/2020,26.8,25.0,25.9,1.4
25/07/2020,26.8,25.0,25.9,1.2
26/07/2020,26.8,25.0,25.9,1.2
27/07/2020,26.8,24.9,25.9,1.1
28/07/2020,26.8,24.9,25.9,0.9
29/07/2020,26.8,24.8,25.8,0.7
30/07/2020,26.9,24.9,25.9,1.1
31/07/2020,26.9,24.8,25.9,1.1
01/08/2020,,,,0.4
02/08/2020,27.1,24.6,25.8,0.2
03/08/2020,26.8,24.5,25.7,0.3
04/08/2020,26.9,24.6,25.8,0.6
05/08/2020,26.9,24.6,25.7,0.3
06/08/2020,27.3,24.4,25.8,0.8
07/08/2020,27.4,24.4,25.9,1.5
08/08/2020,27.5,24.7,26.1,1.0
09/08/2020,27.6,25.1,26.3,0.7
10/08/2020,27.6,25.2,26.4,0.8
11/08/2020,27.3,25.2,26.2,0.9
12/08/2020,27.4,25.1,26.3,1.1
13/08/2020,27.7,25.1,26.4,1.0
14/08/2020,27.6,25.0,26.3,1.0
15/08/2020,27.8,25.1,26.5,1.2
16/08/2020,27.8,25.2,26.5,1.8
17/08/2020,27.7,25.2,26.4,1.9
18/08/2020,27.7,25.3,26.5,2.8
19/08/2020,27.6,25.3,26.5,2.6
20/08/2020,27.5,25.3,26.4,1.9
21/08/2020,27.6,25.4,26.5,1.7
22/08/2020,27.6,25.4,26.5,1.9
23/08/2020,27.5,25.4,26.4,1.2
24/08/2020,27.6,25.4,26.5,1.4
25/08/2020,27.6,25.3,26.4,1.2
26/08/2020,27.6,25.4,26.5,1.3
27/08/2020,27.7,25.3,26.5,1.2
28/08/2020,27.7,25.4,26.6,1.9
29/08/2020,27.8,25.4,26.6,1.4
30/08/2020,27.8,25.5,26.6,1.7
31/08/2020,27.8,25.4,26.6,2.3
01/09/2020,,,,1.1
02/09/2020,27.6,25.5,26.5,1.0
03/09/2020,27.5,25.5,26.5,1.0
04/09/2020,27.8,25.6,26.7,1.3
05/09/2020,27.7,25.6,26.6,1.1
06/09/2020,27.6,25.5,26.6,1.6
07/09/2020,27.6,25.6,26.6,1.8
08/09/2020,27.4,25.5,26.5,1.5
09/09/2020,27.6,25.6,26.6,1.3
10/09/2020,27.6,25.5,26.6,0.7
11/09/2020,27.7,25.4,26.6,0.5
12/09/2020,27.8,25.4,26.6,0.5
13/09/2020,27.7,25.3,26.5,0.4
14/09/2020,27.7,25.1,26.4,0.3
15/09/2020,27.8,25.1,26.4,0.4
16/09/2020,28.0,25.2,26.6,0.6
17/09/2020,28.1,25.4,26.7,0.9
18/09/2020,28.0,25.4,26.7,1.1
19/09/2020,28.1,25.5,26.8,1.4
20/09/2020,28.2,25.5,26.8,2.0
21/09/2020,28.2,25.6,26.9,1.5
22/09/2020,28.3,25.6,26.9,1.3
23/09/2020,28.4,25.6,27.0,0.8
24/09/2020,28.6,25.6,27.1,0.7
25/09/2020,28.6,25.6,27.1,1.0
26/09/2020,28.6,25.5,27.1,1.2
27/09/2020,28.5,25.6,27.1,1.6
28/09/2020,28.8,25.6,27.2,1.2
29/09/2020,28.7,25.6,27.1,1.5
30/09/2020,28.9,25.6,27.3,1.0
01/10/2020,,,,0.1
02/10/2020,28.5,25.8,27.2,0.1
03/10/2020,28.3,25.8,27.0,1.9
04/10/2020,28.3,25.8,27.0,5.3
05/10/2020,28.0,25.5,26.8,3.7
06/10/2020,28.2,25.5,26.9,2.8
07/10/2020,28.6,25.8,27.2,5.4
08/10/2020,28.4,25.6,27.0,3.6
09/10/2020,28.3,25.8,27.1,0.9
10/10/2020,28.7,25.9,27.3,0.3
11/10/2020,28.7,25.8,27.3,0.5
12/10/2020,28.8,25.9,27.4,1.2
13/10/2020,29.0,26.1,27.6,2.7
14/10/2020,29.0,26.1,27.5,3.4
15/10/2020,29.0,26.0,27.5,3.4
16/10/2020,28.9,25.9,27.4,2.8
17/10/2020,29.3,26.0,27.7,2.5
18/10/2020,29.1,26.0,27.6,1.8
19/10/2020,29.3,25.9,27.6,1.8
20/10/2020,29.3,26.0,27.6,1.7
21/10/2020,29.1,26.2,27.7,1.2
22/10/2020,29.5,26.2,27.8,1.1
23/10/2020,29.6,26.0,27.8,1.6
24/10/2020,29.6,26.2,27.9,1.1
25/10/2020,29.7,26.2,27.9,1.5
26/10/2020,29.8,26.3,28.0,1.5
27/10/2020,29.9,26.3,28.1,1.9
28/10/2020,29.7,26.2,28.0,1.6
29/10/2020,29.8,26.5,28.1,1.3
30/10/2020,30.0,26.5,28.3,1.9
31/10/2020,30.1,26.5,28.3,2.0
01/11/2020,,,,1.2
02/11/2020,30.0,27.1,28.5,0.5
03/11/2020,30.2,26.9,28.6,2.0
04/11/2020,30.3,26.4,28.4,1.1
05/11/2020,30.2,26.6,28.4,0.6
06/11/2020,30.5,26.5,28.5,0.5
07/11/2020,30.6,26.4,28.5,0.8
08/11/2020,30.6,26.5,28.5,1.1
09/11/2020,30.5,26.7,28.6,2.4
10/11/2020,30.3,26.9,28.6,2.8
11/11/2020,30.3,26.9,28.6,3.0
12/11/2020,30.3,26.9,28.6,3.0
13/11/2020,30.5,26.9,28.7,2.5
14/11/2020,30.4,26.8,28.6,2.8
15/11/2020,30.3,26.8,28.5,2.9
16/11/2020,30.2,26.9,28.6,2.5
17/11/2020,30.4,27.1,28.7,3.1
18/11/2020,30.3,26.8,28.6,3.4
19/11/2020,30.4,26.9,28.6,4.1
20/11/2020,30.1,26.8,28.4,4.9
21/11/2020,30.1,26.9,28.5,4.3
22/11/2020,30.2,26.9,28.6,5.7
23/11/2020,30.1,26.8,28.4,5.6
24/11/2020,30.1,26.7,28.4,6.1
25/11/2020,30.0,26.7,28.4,6.8
26/11/2020,30.1,26.7,28.4,7.0
27/11/2020,29.9,26.6,28.2,8.7
28/11/2020,29.7,26.4,28.1,9.6
29/11/2020,29.4,26.4,27.9,9.6
30/11/2020,29.5,26.5,28.0,8.7
01/12/2020,,,,1.7
02/12/2020,30.5,26.5,28.5,3.2
03/12/2020,30.1,26.5,28.3,9.8
04/12/2020,29.2,26.0,27.6,10.8
05/12/2020,29.0,26.2,27.6,9.4
06/12/2020,29.2,26.4,27.8,6.7
07/12/2020,29.6,26.5,28.1,7.1
08/12/2020,29.9,26.5,28.2,7.9
09/12/2020,29.7,26.4,28.1,7.1
10/12/2020,29.4,26.4,27.9,6.9
11/12/2020,29.6,26.4,28.0,6.7
12/12/2020,29.8,26.3,28.0,9.1
13/12/2020,29.4,26.2,27.8,10.4
14/12/2020,29.0,26.1,27.6,11.8
15/12/2020,29.1,26.0,27.5,14.9
16/12/2020,29.0,26.1,27.5,13.7
17/12/2020,29.0,26.3,27.6,15.1
18/12/2020,28.8,26.0,27.4,17.8
19/12/2020,28.7,26.0,27.3,16.1
20/12/2020,28.7,26.1,27.4,13.2
21/12/2020,29.0,26.2,27.6,12.4
22/12/2020,28.7,26.2,27.5,12.7
23/12/2020,28.8,26.1,27.4,15.6
24/12/2020,28.9,26.1,27.5,14.7
25/12/2020,28.7,26.1,27.4,15.7
26/12/2020,28.8,26.1,27.5,15.0
27/12/2020,28.7,26.2,27.4,14.2
28/12/2020,28.8,26.1,27.4,14.0
29/12/2020,28.7,26.2,27.4,12.5
30/12/2020,28.8,26.2,27.5,12.0
31/12/2020,28.7,26.1,27.4,10.7
